id,title,company,domain,skills_required,description,combined_text,location_region,job_type,experience,stipend,apply_link,source
1,wordpress development intern,Bauer Bodoni,web development,wordpress,"Are you a WordPress whiz looking to gain hands-on experience? Bauer Bodoni is seeking a talented WordPress Development intern to join our dynamic team! As an intern, you will have the opportunity to work on exciting projects, collaborate with experienced developers, and enhance your skills in a fast-paced environment. 

Selected intern's day-to-day responsibilities include:

1. Develop and customize WordPress themes and plugins to enhance website functionality
2. Collaborate with design and marketing teams to implement website updates and improvements
3. Conduct website maintenance tasks, such as backups, updates, and optimization
4. Troubleshoot and resolve any technical issues that arise on the WordPress platform
5. Assist in the creation of new website features and functionalities to improve user experience
6. Stay up-to-date on the latest WordPress trends and best practices
7. Provide support and training to team members on using WordPress effectively

If you are a self-motivated individual with a passion for WordPress development, then this internship is perfect for you! Apply now and take your skills to the next level with Bauer Bodoni.. WordPress","wordpress development intern web development wordpress Are you a WordPress whiz looking to gain hands-on experience? Bauer Bodoni is seeking a talented WordPress Development intern to join our dynamic team! As an intern, you will have the opportunity to w",unknown,internship,no experience required,"₹ 15,000-20,000 /month",https://internshala.com/internship/detail/wordpress-development-internship-in-faridabad-at-bauer-bodoni1711712202,internshala
2,wordpress development intern,Bauer Bodoni,web development,"ms-powerpoint, wordpress","As a WordPress Development intern at Bauer Bodoni, you will have the exciting opportunity to work closely with our team to enhance our online presence and create stunning websites for our clients. If you have a strong knowledge of WordPress and MS-PowerPoint, this internship is perfect for you! 

Selected intern's day-to-day responsibilities include:

1. Assist in the development and maintenance of WordPress websites for various clients.
2. Collaborate with the design team to implement creative and engaging website designs.
3. Troubleshoot and resolve any technical issues with WordPress websites.
4. Optimize website performance through SEO strategies and best practices.
5. Create and update content on websites using MS-PowerPoint.
6. Stay up-to-date on the latest trends in WordPress development and implement new features when necessary.
7. Provide support to clients and internal team members on website-related tasks.

If you are passionate about web development and eager to learn, apply now to join our team and gain valuable hands-on experience in the world of WordPress development!. MS-PowerPoint , WordPress","wordpress development intern web development ms-powerpoint, wordpress As a WordPress Development intern at Bauer Bodoni, you will have the exciting opportunity to work closely with our team to enhance our online presence and create stunning websites for our clients. If ",unknown,internship,no experience required,"₹ 15,000-20,000 /month",https://internshala.com/internship/detail/wordpress-development-internship-in-faridabad-at-bauer-bodoni1711712308,internshala
3,erpnext and hrms admin intern,ESSI Integrated Technologies,database,"enterprise resource planning(erp), accounting, hr analytics","Selected intern's day-to-day responsibilities include:

1. Analyze business requirements and processes to configure and customize ERPNext to meet specific needs.
2. Develop and implement custom modules, reports, and integrations using the ERPNext framework.
3. Provide training and support to end-users on the effective use of ERPNext modules.
4. Optimize ERPNext performance and troubleshoot issues as needed.
5. Configure and customize the HRMS module within ERPNext to manage HR processes efficiently.
6. Set up and maintain employee records, leave management, payroll, performance management, and other HR-related functionalities.
7. Develop custom reports and dashboards to support HR analytics and decision-making.
8. Ensure data integrity and security in the HRMS system.
9. Integrate ERPNext and HRMS with other business systems, such as accounting software, time tracking, or third-party applications.
10. Plan and execute data migration processes from legacy systems to ERPNext and HRMS.
11. Ensure data accuracy and integrity during the migration process.
12. Develop comprehensive user guides, training materials, and documentation for ERPNext and HRMS solutions.
13. Conduct training sessions and workshops for end-users, administrators, and support staff.
14. Stay up-to-date with ERPNext and HRMS updates, new features, and best practices.. Accounting , Enterprise Resource Planning(ERP) , HR Analytics","erpnext and hrms admin intern database enterprise resource planning(erp), accounting, hr analytics Selected intern's day-to-day responsibilities include:

1. Analyze business requirements and processes to configure and customize ERPNext to meet specific needs.
2. Develop and implement custom module",unknown,internship,no experience required,"₹ 10,000 /month",https://internshala.com/internship/detail/erpnext-and-hrms-admin-internship-in-delhi-at-essi-integrated-technologies1711702313,internshala
4,website operation intern,Growify Digital,general,"javascript, wordpress","Selected intern's day-to-day responsibilities include:

1. Create an e-commerce store on Shopify and WordPress
2. Add and update products listings and images on the website
3. Work to catalog products as per the requirement
4. Execute sales, promotions, and marketing campaigns on the website
5. Work on testing to go-live
6. Onboard new clients and manage existing clients
7. Work closely with the design, development, and sales team. JavaScript , WordPress","website operation intern general javascript, wordpress Selected intern's day-to-day responsibilities include:

1. Create an e-commerce store on Shopify and WordPress
2. Add and update products listings and images on the website
3. Work to catalog products",unknown,internship,no experience required,"₹ 10,000-15,000 /month",https://internshala.com/internship/detail/website-operation-internship-in-delhi-at-growify-digital1711691949,internshala
5,influencer marketing data analytics intern,Confluencr,digital marketing,"digital advertising, english proficiency (spoken), python, social media marketing, power bi, ms-excel","Selected intern's day-to-day responsibilities include:

1. Collaborate with influencers on Instagram and YouTube to create content
2. Work on interfacing with one of the leading brands in the country to drive their influencer marketing initiatives
3. Gather and organize data from various sources, including social media platforms, analytics tools, and internal databases
4. Conduct an in-depth analysis of influencer marketing campaigns to identify trends, patterns, and key performance indicators (KPIs)
5. Utilize statistical methods and data visualization tools to interpret and present findings effectively
6. Assess the success of influencer marketing initiatives by evaluating reach, engagement, conversion rates, and other relevant metrics
7. Collaborate with cross-functional teams to understand campaign objectives and align data analysis with overarching goals
8. Monitor and analyze competitor influencer marketing strategies to identify industry trends and opportunities for improvement
9. Work closely with the marketing team to integrate data-driven insights into influencer strategy planning

Requirements:

1. Understanding and experience in data science, business analytics, marketing analytics, or a related field
2. Strong analytical and problem-solving skills, with a keen attention to detail
3. Familiarity with data analysis tools such as Excel, Python, R, Power Bi, or similar
4. Understanding of social media platforms and influencer marketing trends
5. Excellent communication and presentation skills. Digital Advertising , English Proficiency (Spoken) , MS-Excel , Power BI , Python , Social Media Marketing","influencer marketing data analytics intern digital marketing digital advertising, english proficiency (spoken), python, social media marketing, power bi, ms-excel Selected intern's day-to-day responsibilities include:

1. Collaborate with influencers on Instagram and YouTube to create content
2. Work on interfacing with one of the leading brands in the country ",unknown,internship,no experience required,"₹ 20,000 /month",https://internshala.com/internship/detail/influencer-marketing-data-analytics-internship-in-bangalore-at-confluencr1711690594,internshala
6,website development and design intern,Slaughter & Fox,web development,free snacks & beverages,"You should be full stack and must possess both skill sets. 

Selected intern's day-to-day responsibilities include:

1. Work on design responsibilities
2. Create visually appealing designs for websites.
3. Prepare brochures, cards, and other digital art items as required
4. Work on website responsibilities
5. Design, develop, and launch websites using your expertise in website development
6. Implement design elements seamlessly into functional websites
7. Apply best practices for user experience and responsive design to create engaging and user-friendly websites
8. Work on research responsibilities (when not working on the website/design work)
9. Conduct market research (on vendors, companies, suppliers, manufacturers, etc.)
10. Assist in data recording and analysis to support business requirements. Certificate ,  Letter of recommendation ,  Informal dress code ,  Free snacks & beverages","website development and design intern web development free snacks & beverages You should be full stack and must possess both skill sets. 

Selected intern's day-to-day responsibilities include:

1. Work on design responsibilities
2. Create visually appealing designs for website",unknown,internship,no experience required,"₹ 15,000-45,000 /month",https://internshala.com/internship/detail/website-development-and-design-internship-in-kolkata-at-slaughter-fox1711625855,internshala
7,web marketing intern,Money Making Trading Courses,digital marketing,"search engine optimization (seo), facebook marketing, social media marketing, digital marketing, instagram marketing","Selected intern's day-to-day responsibilities include:

1. Maintain and monitor data of posts
2. Do email marketing and referral marketing
4. Do YouTube video uploading, description, and YouTube SEO (keyword research, competitor analysis, and Video Tags)
5. Run a Facebook Ad campaign and a Google ads campaign and monitor Google  Analytics
6. Handle social media platforms (traffic & engagements)
7. Handle SEO
8. Schedule webinars
9. Work on Google AdWords. Digital Marketing , Facebook Marketing , Instagram Marketing , Search Engine Optimization (SEO) , Social Media Marketing","web marketing intern digital marketing search engine optimization (seo), facebook marketing, social media marketing, digital marketing, instagram marketing Selected intern's day-to-day responsibilities include:

1. Maintain and monitor data of posts
2. Do email marketing and referral marketing
4. Do YouTube video uploading, description, and YouTube SEO (",unknown,internship,no experience required,"₹ 7,000-8,000 /month",https://internshala.com/internship/detail/web-marketing-internship-in-navi-mumbai-at-money-making-trading-courses1711607103,internshala
8,blockchain development intern (remote),QuadB Tech,blockchain,"rust, blockchain","Selected intern's day-to-day responsibilities include:

1. Participate during the product design phases, analyze requirements, and propose innovative and alternative solutions
2. Collaborate on architecture definitions, always thinking of solutions that are scalable and secure
3. Develop quality web3 JS/TS code for smart contract interactions
4. Handle the integration of Web3 scripts on front-end application
5. Oversee the journey of the project from scratch to production
6. Create technical documentation. Blockchain , Rust","blockchain development intern (remote) blockchain rust, blockchain Selected intern's day-to-day responsibilities include:

1. Participate during the product design phases, analyze requirements, and propose innovative and alternative solutions
2. Collaborate on archit",unknown,internship,no experience required,"₹ 5,000 /month",https://internshala.com/internship/detail/work-from-home-blockchain-development-internship-at-quadb-tech1711691446,internshala
9,flutter development intern (remote),Seequenze Technologies,mobile development,"flutter, rest api, android, dart, mysql, firebase, java","Selected intern's day-to-day responsibilities include:

1. Design the end-to-end architecture of an application
2. Work on unit test code for robustness, including edge cases, usability, and general reliability
3. Work on bug fixing and improving application performance regularly
4. Work on designing, developing, and testing UI for mobile applications

Requirements:

1. Experience with Git, SVN, or other version control tools
2. An online portfolio or samples of work demonstrating past work and relevant experience
3. Looking for a Flutter/React Native intern who has two or more IOS/Android apps developed with Flutter or React Native by understanding product requirements, research, and user feedback (either deployed on the AppStore/Google Play or available on Github)
4. Experience in developing Flutter/React Native applications for mobile
5. You should have a strong interest and passion for design and development. Android , Dart , Firebase , Flutter , Java , MySQL , REST API","flutter development intern (remote) mobile development flutter, rest api, android, dart, mysql, firebase, java Selected intern's day-to-day responsibilities include:

1. Design the end-to-end architecture of an application
2. Work on unit test code for robustness, including edge cases, usability, and general r",unknown,internship,no experience required,"₹ 4,000-6,000 /month",https://internshala.com/internship/detail/work-from-home-flutter-development-internship-at-seequenze-technologies1711700433,internshala
10,angular.js development intern (remote),Heliverse,web development,"angular 7.0, redux, html, scss, javascript, github, angularjs, git, css","Selected intern's day-to-day responsibilities include: 

1. Collaborate with the development team to design and implement user-friendly web applications using AngularJS, HTML, CSS, and Redux
2. Write clean, maintainable, and efficient code
3. Utilize Redux for state management within AngularJS applications
4. Develop responsive and visually appealing user interfaces using HTML and CSS
5. Participate in code reviews to maintain code quality and ensure best practices
6. Debug and troubleshoot issues as they arise
7. Stay up-to-date with the latest industry trends and technologies in web development. Angular 7.0 , AngularJS , CSS , Git , GitHub , HTML , JavaScript , Redux , SCSS","angular.js development intern (remote) web development angular 7.0, redux, html, scss, javascript, github, angularjs, git, css Selected intern's day-to-day responsibilities include: 

1. Collaborate with the development team to design and implement user-friendly web applications using AngularJS, HTML, CSS, and Redux
2. Write ",unknown,internship,no experience required,"₹ 10,000-15,000 /month",https://internshala.com/internship/detail/work-from-home-angularjs-development-internship-at-heliverse1711692394,internshala
12,php development intern,FynTune Solution Private Limited,software engineering,"php, yii, codeigniter, html, javascript, ajax, jquery, mysql, laravel","Selected intern's day-to-day responsibilities include:

1. Develop, record, and maintain cutting-edge web-based PHP applications on portal plus premium service platforms
2. Ensure HTML, CSS, and shared JavaScript is valid and consistent across applications
3. Prepare and maintain all applications utilizing standard development tools
4. Utilize backend data services and contribute to increasing existing data services API
5. Use test-driven development and acceptance tests to ensure feature quality
6. Work on the interface with customer and internal teams to gather requirements and develop software solutions
7. Convey effectively all task progress, evaluations, suggestions, and schedules along with technical and process issues
8. Document the development process, architecture, and standard components
9. Coordinate with co-developers and keep the project manager well informed of the status of development efforts and serve as a liaison between development staff and project manager. AJAX , CodeIgniter , HTML , JavaScript , jQuery , LARAVEL , MySQL , PHP , Yii","php development intern software engineering php, yii, codeigniter, html, javascript, ajax, jquery, mysql, laravel Selected intern's day-to-day responsibilities include:

1. Develop, record, and maintain cutting-edge web-based PHP applications on portal plus premium service platforms
2. Ensure HTML, CSS, and share",unknown,internship,no experience required,"₹ 12,000-18,000 /month",https://internshala.com/internship/detail/php-development-internship-in-multiple-locations-at-fyntune-solution-private-limited1711520175,internshala
13,administration intern,Dough One Sources Private Limited,general,"british english, data science, ms-powerpoint, ms-office, data structures, email marketing, english proficiency (spoken), power bi, python, data analytics, ms-word, english proficiency (written), ms-excel","Selected intern's day-to-day responsibilities include:

1. Type efficiently on the computer in English
2. Manage the clerical office tasks
3. Work on emails and replies
4. Surf the internet and search for relevant data as per our niche
5. Analyze and record the data for our database
6. Work on follow-up calls
7. Work on manual entry of data and quality check of data
8. Work with developers & project managers for ensuring quality delivery of projects
9. Collect data from various resources
10. Prepare documents for projects
11. Perform research from various web pages and search engines
12. Work on acquiring data. British English , Data Analytics , Data Science , Data Structures , Email Marketing , English Proficiency (Spoken) , English Proficiency (Written) , MS-Excel , MS-Office , MS-PowerPoint , MS-Word , Power BI , Python","administration intern general british english, data science, ms-powerpoint, ms-office, data structures, email marketing, english proficiency (spoken), power bi, python, data analytics, ms-word, english proficiency (written), ms-excel Selected intern's day-to-day responsibilities include:

1. Type efficiently on the computer in English
2. Manage the clerical office tasks
3. Work on emails and replies
4. Surf the internet and search",unknown,internship,no experience required,"₹ 13,000-18,500 /month",https://internshala.com/internship/detail/administration-internship-in-multiple-locations-at-dough-one-sources-private-limited1711524382,internshala
14,python development intern,Aester India Private Limited,software engineering,python,"Selected intern's day-to-day responsibilities include:

1. Working on programming
2. Writing and testing code
3. Testing and debugging programs. Python","python development intern software engineering python Selected intern's day-to-day responsibilities include:

1. Working on programming
2. Writing and testing code
3. Testing and debugging programs. Python",unknown,internship,no experience required,"₹ 2,000 /month",https://internshala.com/internship/detail/python-development-internship-in-cochin-at-aester-india-private-limited1711514964,internshala
15,robotics trainer and content developer intern,Yolabs,content writing,"raspberry pi, robotics, unity 3d, python, cnc programming, arduino, embedded systems, blender 3d, c++ programming, autodesk fusion 360, circuit design","Selected intern's day-to-day responsibilities include: 

1. Creating 3D designs of components/combat bots over Fusion 360 or similar platforms
2. Assisting in developing online teaching content 
3. Working on 3D printing, laser cutting & building solutions
4. Writing small Python/C++ scripts for Arduino/ESP32/Raspberry PI
5. Helping in setting up maker space and conducting online and offline workshops. Arduino , Autodesk Fusion 360 , Blender 3D , C++ Programming , Circuit Design , CNC Programming , Embedded Systems , Python , Raspberry Pi , Robotics , Unity 3D","robotics trainer and content developer intern content writing raspberry pi, robotics, unity 3d, python, cnc programming, arduino, embedded systems, blender 3d, c++ programming, autodesk fusion 360, circuit design Selected intern's day-to-day responsibilities include: 

1. Creating 3D designs of components/combat bots over Fusion 360 or similar platforms
2. Assisting in developing online teaching content 
3. Wo",unknown,internship,no experience required,"₹ 12,500 /month",https://internshala.com/internship/detail/robotics-trainer-and-content-developer-internship-in-bangalore-at-yolabs1711602829,internshala
16,angular.js development intern,Varahi Technology Private Limited,web development,"angular 7.0, html, javascript, angularjs, node.js, angular 2.0, css","Are you a talented Angular.js developer looking to gain hands-on experience in a fast-paced tech company? Varahi Technology Private Limited is seeking a dynamic Angular.js Development intern to join our team. 

Key Responsibilities:
1. Assist in designing and developing user interfaces using AngularJS, JavaScript, CSS, and HTML.
2. Work on front-end development projects using Node.js, Angular 7.0, and Angular 2.0.
3. Collaborate with the development team to implement new features and functionalities.
4. Troubleshoot and debug code to ensure optimal performance and user experience.
5. Stay up-to-date with the latest trends in Angular.js development and suggest innovative solutions.
6. Conduct code reviews and provide constructive feedback to improve code quality.
7. Participate in team meetings and contribute ideas to enhance the overall development process.

If you are passionate about Angular.js development and eager to learn and grow in a supportive environment, apply now to join Varahi Technology Private Limited as an Angular.js Development intern!. Angular 2.0 , Angular 7.0 , AngularJS , CSS , HTML , JavaScript , Node.js","angular.js development intern web development angular 7.0, html, javascript, angularjs, node.js, angular 2.0, css Are you a talented Angular.js developer looking to gain hands-on experience in a fast-paced tech company? Varahi Technology Private Limited is seeking a dynamic Angular.js Development intern to join o",unknown,internship,no experience required,"₹ 7,000 /month",https://internshala.com/internship/detail/angularjs-development-internship-in-pune-at-varahi-technology-private-limited1711460472,internshala
17,data analytics intern,The Affordable Organic Store,data analytics,"google analytics, google workspace, data analytics, power bi, ms-excel, data analysis, sql","Selected intern's day-to-day responsibilities include:

1. Collaborate with our data team to develop and implement data-driven solutions, utilizing your strong Python programming skills
2. Analyze complex datasets to uncover valuable insights and present findings to stakeholders, contributing to our growth strategy
3. Assist in building and maintaining data pipelines, ensuring data integrity and accuracy for efficient reporting and analysis
4. Conduct thorough data validation and quality checks to ensure reliable data sources and improve overall data governance
5. Utilize advanced MS Excel functionalities to create insightful reports and visualizations, enabling better decision-making across departments. Data Analysis , Data Analytics , Google Analytics , Google Workspace , MS-Excel , Power BI , SQL","data analytics intern data analytics google analytics, google workspace, data analytics, power bi, ms-excel, data analysis, sql Selected intern's day-to-day responsibilities include:

1. Collaborate with our data team to develop and implement data-driven solutions, utilizing your strong Python programming skills
2. Analyze com",unknown,internship,no experience required,"₹ 3,000 /month",https://internshala.com/internship/detail/data-analytics-internship-in-hyderabad-at-the-affordable-organic-store1711717456,internshala
18,wordpress development intern (part time/remote),WapVenture,web development,"php, wordpress, html, javascript, css","Selected intern's day-to-day responsibilities include: 

1.  Submit the report of the work
2. Complete the given task before EOD
3. Work on routine maintenance tasks and updates. CSS , HTML , JavaScript , PHP , WordPress","wordpress development intern (part time/remote) web development php, wordpress, html, javascript, css Selected intern's day-to-day responsibilities include: 

1.  Submit the report of the work
2. Complete the given task before EOD
3. Work on routine maintenance tasks and updates. CSS , HTML , JavaScri",unknown,internship,no experience required,"₹ 5,000 /month",https://internshala.com/internship/detail/work-from-home-part-time-wordpress-development-internship-at-wapventure1711708312,internshala
19,wordpress development intern (remote),Visionary IT Solutions LLP,web development,web development,"Selected intern's day-to-day responsibilities include: 

1. Website Management: Use WordPress for site maintenance

2. Digital Marketing: Work on SEO and LinkedIn outreach

3. Client Outreach:
a. Draft effective cold emails
b. Research potential clients

4. Research and Assistance:
a. Conduct industry research
b. Support team tasks. Certificate ,  Letter of recommendation ,  Flexible work hours","wordpress development intern (remote) web development web development Selected intern's day-to-day responsibilities include: 

1. Website Management: Use WordPress for site maintenance

2. Digital Marketing: Work on SEO and LinkedIn outreach

3. Client Outreach:
a. Draf",unknown,internship,no experience required,"₹ 3,000-5,000 /month",https://internshala.com/internship/detail/work-from-home-wordpress-development-internship-at-visionary-it-solutions-llp1711711438,internshala
20,wordpress development intern,Pepper Money,web development,wordpress,"As a WordPress development intern at Pepper Money, you will have the opportunity to work alongside our experienced team to enhance our online presence and user experience. Your role will involve developing and customizing WordPress themes, plugins, and websites to meet the needs of our growing business. 

Selected intern's day-to-day responsibilities include:

1. Assisting in the maintenance and updates of our WordPress sites.
2. Collaborating with the design and marketing teams to implement new features and functionalities.
3. Troubleshooting and resolving any issues with WordPress sites.
4. Optimizing websites for speed, performance, and SEO.
5. Researching the latest trends and best practices in WordPress development.
6. Assisting in the creation of documentation and training materials for staff.
7. Providing support and training to colleagues on WordPress-related tasks.

This internship will provide you with valuable hands-on experience and the opportunity to expand your skill set in WordPress development. If you are passionate about web development and eager to learn in a fast-paced environment, we want to hear from you! Apply now to join our dynamic team at Pepper Money.. WordPress","wordpress development intern web development wordpress As a WordPress development intern at Pepper Money, you will have the opportunity to work alongside our experienced team to enhance our online presence and user experience. Your role will involve devel",unknown,internship,no experience required,"₹ 15,000-20,000 /month",https://internshala.com/internship/detail/wordpress-development-internship-in-mumbai-at-pepper-money1711711423,internshala
21,data analytics intern (part time),AUROLAB,data analytics,"data analytics, tableau, ms-excel, power bi","Selected intern's day-to-day responsibilities include: 

1. Work on dashboard creation
2. Do data visualization 
3. Conduct data analytics. Data Analytics , MS-Excel , Power BI , Tableau","data analytics intern (part time) data analytics data analytics, tableau, ms-excel, power bi Selected intern's day-to-day responsibilities include: 

1. Work on dashboard creation
2. Do data visualization 
3. Conduct data analytics. Data Analytics , MS-Excel , Power BI , Tableau",unknown,internship,no experience required,"₹ 40,000-50,000 /month",https://internshala.com/internship/detail/part-time-data-analytics-internship-in-madurai-at-aurolab1711711342,internshala
22,web development intern (part time),Tapaswini Solutions OPC PVT LTD,software engineering,"php, html, javascript, bootstrap, jquery, node.js, mysql, css","Are you a skilled web development enthusiast looking to gain real-world experience? Tapaswini Solutions OPC PVT LTD is seeking a dynamic web development intern to join our team. If you excel in Node.js, HTML, CSS, JavaScript, PHP, Bootstrap, MySQL, and jQuery, we want to hear from you! 

Selected intern's day-to-day responsibilities include:

1. Collaborate with our development team to create and maintain innovative web solutions
2. Design and implement responsive websites for optimal user experience
3. Utilize your expertise in Node.js to enhance backend functionality
4. Debug and troubleshoot code to ensure seamless performance
5. Develop and optimize database structures using MySQL
6. Stay updated on industry trends and best practices to elevate our projects
7. Contribute your creativity and technical skills to drive the success of our clients' websites

Don't miss this opportunity to kickstart your career in web development with Tapaswini Solutions OPC PVT LTD. Apply now and unleash your potential!. Bootstrap , CSS , HTML , JavaScript , jQuery , MySQL , Node.js , PHP","web development intern (part time) software engineering php, html, javascript, bootstrap, jquery, node.js, mysql, css Are you a skilled web development enthusiast looking to gain real-world experience? Tapaswini Solutions OPC PVT LTD is seeking a dynamic web development intern to join our team. If you excel in Node.j",unknown,internship,no experience required,"₹ 10,000 /month +  Incentives",https://internshala.com/internship/detail/part-time-web-development-internship-in-varanasi-at-tapaswini-solutions-opc-pvt-ltd1711709772,internshala
23,backend development intern,Hitech Design,web development,"hadoop, amazon web server (aws), mysql, python","Mush should be eager to learn and develop skills, and Should be self-driven and enthusiastic to work with bare minimum inputs. 

1. Writing effective, scalable code
2. Developing back-end components to improve responsiveness and overall performance
3. Integrating user-facing elements into applications
4. Testing and debugging programs
5. Improving functionality of existing systems
6. Implementing security and data protection solutions
7. Assessing and prioritizing feature requests
8. Coordinating with internal team members to understand user requirements and provide technical solutions.. Amazon Web Server (AWS) , Hadoop , MySQL , Python","backend development intern web development hadoop, amazon web server (aws), mysql, python Mush should be eager to learn and develop skills, and Should be self-driven and enthusiastic to work with bare minimum inputs. 

1. Writing effective, scalable code
2. Developing back-end components t",unknown,internship,no experience required,"₹ 2,000 /month",https://internshala.com/internship/detail/backend-development-internship-in-bangalore-at-hitech-design1711710149,internshala
24,flutter development intern (remote),Next Level Private Limited,mobile development,"cloud firestore, flutter, rest api, android, dart, firebase, ios","As a Flutter Development intern at Next Level Private Limited, you will have the opportunity to work on cutting-edge projects and gain valuable hands-on experience in mobile app development. We are looking for someone who is proficient in Flutter, Firebase, REST API, Android, iOS, Cloud Firestore, and Dart.

Key Responsibilities:
1. Collaborate with the development team to create innovative and user-friendly mobile applications using Flutter.
2. Implement REST API integration and data layer management for seamless app functionality.
3. Work on both Android and iOS platforms to ensure cross-platform compatibility.
4. Utilize Firebase services for authentication, real-time database, and cloud functions.
5. Develop and maintain Cloud Firestore database for efficient data storage and retrieval.
6. Write clean and efficient code in Dart programming language to ensure high performance.
7. Stay updated on the latest trends and best practices in mobile app development to contribute fresh ideas to the team. 

If you are passionate about mobile app development and eager to take your skills to the next level, apply now to join our dynamic team at Next Level Private Limited.. Android , Cloud Firestore , Dart , Firebase , Flutter , iOS , REST API","flutter development intern (remote) mobile development cloud firestore, flutter, rest api, android, dart, firebase, ios As a Flutter Development intern at Next Level Private Limited, you will have the opportunity to work on cutting-edge projects and gain valuable hands-on experience in mobile app development. We are lo",unknown,internship,no experience required,"₹ 5,000-12,000 /month",https://internshala.com/internship/detail/work-from-home-flutter-development-internship-at-next-level-private-limited1711702289,internshala
25,front end development intern,Sandeep Sirodia,web development,"html, html&css, javascript, css","As a front-end development intern at Consumable AI, you will have the opportunity to work alongside experienced developers to enhance your skills and contribute to real-world projects. With your knowledge of HTML, CSS, and JavaScript, you will play a crucial role in shaping the user experience of our websites and applications. 

Selected intern's day-to-day responsibilities include:

1. Collaborating with the design team to implement user-friendly interfaces.
2. Writing clean, efficient, and maintainable code for front-end development.
3. Conducting testing and debugging to ensure optimal performance across different browsers and devices.
4. Staying updated on industry trends and best practices to continuously improve our digital presence.
5. Assisting in the optimization of websites for speed and responsiveness.
6. Attending team meetings and contributing ideas for new features and improvements.
7. Taking on additional tasks and projects as needed to support the development team. 

Note: You must have expertise in Shopify.

If you are passionate about front-end development and eager to gain hands-on experience in a dynamic work environment, apply now to join our team at Consumable AI.. CSS , HTML , HTML&CSS , JavaScript","front end development intern web development html, html&css, javascript, css As a front-end development intern at Consumable AI, you will have the opportunity to work alongside experienced developers to enhance your skills and contribute to real-world projects. With your knowl",unknown,internship,no experience required,"₹ 5,000 /month",https://internshala.com/internship/detail/front-end-development-internship-in-jaipur-at-sandeep-sirodia1711708128,internshala
26,full stack development intern (remote),Mahavir Jain Academy,web development,"next.js, search engine optimization (seo)","As a Full Stack Development intern at Mahavir Jain Academy, you will have the opportunity to work on cutting-edge projects while honing your skills in Search Engine Optimization (SEO) and Next.js. This is a unique chance to gain hands-on experience in a fast-paced and dynamic environment.

Key Responsibilities:
1. Develop and optimize website features using Next.js to enhance user experience and SEO rankings.
2. Implement SEO best practices to improve organic search visibility and drive traffic to the website.

If you are a proactive, creative, and driven individual with a passion for web development and SEO, we want to hear from you. Join us at Mahavir Jain Academy and take your skills to the next level!. Next.js , Search Engine Optimization (SEO)","full stack development intern (remote) web development next.js, search engine optimization (seo) As a Full Stack Development intern at Mahavir Jain Academy, you will have the opportunity to work on cutting-edge projects while honing your skills in Search Engine Optimization (SEO) and Next.js. Thi",unknown,internship,no experience required,"₹ 3,000 /month",https://internshala.com/internship/detail/work-from-home-full-stack-development-internship-at-mahavir-jain-academy1711700308,internshala
27,wordpress development intern (remote),ADZPIXELS,web development,"digital marketing, wordpress, search engine optimization (seo)","We are seeking a passionate and driven individual to join our team as a WordPress developer intern. This internship offers an excellent opportunity for beginners or intermediate-level developers to enhance their skills, gain practical experience, and work on real projects under the guidance of experienced professionals.

Selected intern's day-to-day responsibilities include:

1. Learn the fundamentals of WordPress development and website creation from scratch
2. Assist in developing and customizing WordPress themes and plugins
3. Collaborate with the design team to implement website layouts and user interfaces
4. Troubleshoot and resolve technical issues related to website functionality and performance
5. Participate in brainstorming sessions and contribute creative ideas for website design and development projects

Perks:

1. Hands-on experience with WordPress development and website creation
2. Mentorship and guidance from experienced professionals in the industry
3. Opportunity to work on live projects and build a strong portfolio
4 . Certificate of completion and letter of recommendation upon successful internship tenure. Digital Marketing , Search Engine Optimization (SEO) , WordPress","wordpress development intern (remote) web development digital marketing, wordpress, search engine optimization (seo) We are seeking a passionate and driven individual to join our team as a WordPress developer intern. This internship offers an excellent opportunity for beginners or intermediate-level developers to en",unknown,internship,no experience required,"₹ 1,000 /month",https://internshala.com/internship/detail/work-from-home-wordpress-development-internship-at-adzpixels1711707288,internshala
28,artificial intelligence (ai) intern (remote),Shubh International,artificial intelligence,"data science, neural networks, data structures, python, machine learning, deep learning, natural language processing (nlp)","Selected intern's day-to-day responsibilities include: 

1. Collaborate with senior AI developers to develop natural language processing and computer vision algorithms
2. Collect and preprocess data for machine learning models
3. Analyze and interpret the results of experiments
4. Document and communicate findings to the team
5. Stay up-to-date with the latest research in AI and machine learning. Data Science , Data Structures , Deep Learning , Machine Learning , Natural Language Processing (NLP) , Neural Networks , Python","artificial intelligence (ai) intern (remote) artificial intelligence data science, neural networks, data structures, python, machine learning, deep learning, natural language processing (nlp) Selected intern's day-to-day responsibilities include: 

1. Collaborate with senior AI developers to develop natural language processing and computer vision algorithms
2. Collect and preprocess data f",unknown,internship,no experience required,"₹ 8,000-10,000 /month",https://internshala.com/internship/detail/work-from-home-artificial-intelligence-ai-internship-at-shubh-international1711706205,internshala
29,web development intern (part time/remote),Shubh International,software engineering,"php, wordpress, html, javascript, reactjs, bootstrap, jquery, node.js, mysql, css","Selected intern's day-to-day responsibilities include:

1. Working on PHP web development
2. Working on MySQL databases
3. Handling HTML, CSS, and JS development. Bootstrap , CSS , HTML , JavaScript , jQuery , MySQL , Node.js , PHP , ReactJS , WordPress","web development intern (part time/remote) software engineering php, wordpress, html, javascript, reactjs, bootstrap, jquery, node.js, mysql, css Selected intern's day-to-day responsibilities include:

1. Working on PHP web development
2. Working on MySQL databases
3. Handling HTML, CSS, and JS development. Bootstrap , CSS , HTML , JavaScript ,",unknown,internship,no experience required,"₹ 6,000 /month",https://internshala.com/internship/detail/work-from-home-part-time-web-development-internship-at-shubh-international1711706193,internshala
30,machine learning intern (part time/remote),Shubh International,machine learning,"data science, natural language processing (nlp), python, machine learning, data analytics, .net, deep learning, r programming","Selected intern's day-to-day responsibilities include: 

1. Analyzing business requirements and developing predictive models
2. Designing and developing machine learning algorithms
3. Developing data products and services such as data pipelines and APIs
4. Developing and deploying machine learning models in production
5. Applying machine learning (ML) algorithms and techniques to improve accuracy and performance
6. Maintaining and optimizing ML model performance
7. Visualizing results and metrics to stakeholders

Requirements:

1. Strong problem-solving skills
2. Ability to work in a fast-paced environment
3. Desire to learn and stay up-to-date with the latest trends in machine learning and data science. .NET , Data Analytics , Data Science , Deep Learning , Machine Learning , Natural Language Processing (NLP) , Python , R Programming","machine learning intern (part time/remote) machine learning data science, natural language processing (nlp), python, machine learning, data analytics, .net, deep learning, r programming Selected intern's day-to-day responsibilities include: 

1. Analyzing business requirements and developing predictive models
2. Designing and developing machine learning algorithms
3. Developing data ",unknown,internship,no experience required,"₹ 14,000-16,000 /month",https://internshala.com/internship/detail/work-from-home-part-time-machine-learning-internship-at-shubh-international1711706093,internshala
31,blockchain development intern (remote),Shubh International,blockchain,"hyperledger, ethereum, javascript, reactjs, python, blockchain, node.js, c++ programming, java","Selected intern's day-to-day responsibilities include:

1. Participating in brainstorming sessions and contributing innovative ideas for blockchain-based projects
2. Assisting in the development of decentralized applications (apps) using blockchain frameworks like Ethereum, Hype ledger, or others
3. Collaborating with senior developers to understand project requirements and contributing to the development process accordingly
4. Learning and implementing various consensus algorithms, cryptography, and security measures to ensure the integrity of the blockchain system
5. Conducting code reviews and helping in optimizing the performance of blockchain applications
6. Documenting the development process, project updates, and any challenges faced during the internship
7. Keeping up-to-date with the latest advancements in blockchain technology and sharing knowledge within the team
8. Assisting in troubleshooting and resolving technical issues related to blockchain development
9. Exploring opportunities to enhance the user experience and user interface of blockchain applications. Blockchain , C++ Programming , Ethereum , Hyperledger , Java , JavaScript , Node.js , Python , ReactJS","blockchain development intern (remote) blockchain hyperledger, ethereum, javascript, reactjs, python, blockchain, node.js, c++ programming, java Selected intern's day-to-day responsibilities include:

1. Participating in brainstorming sessions and contributing innovative ideas for blockchain-based projects
2. Assisting in the development of de",unknown,internship,no experience required,"₹ 10,000-15,000 /month",https://internshala.com/internship/detail/work-from-home-blockchain-development-internship-at-shubh-international1711706033,internshala
32,blockchain development intern (remote),Avaari,blockchain,"hyperledger, ethereum, javascript, reactjs, python, blockchain, node.js, c++ programming, java","Selected intern's day-to-day responsibilities include: 

1. Collaborate with our development team to design and implement blockchain solutions using various technologies
2. Assist in the development, testing, and deployment of smart contracts on Ethereum and Hyperledger platforms
3. Contribute to the creation of decentralized applications (DApps) using JavaScript, Node.js, and ReactJS
4. Participate in code reviews and provide constructive feedback to enhance the overall quality of our blockchain applications
5. Research and stay up-to-date with the latest advancements in blockchain technology to ensure our solutions remain innovative
6. Troubleshoot and resolve any issues or bugs within the blockchain applications, ensuring their smooth operation
7. Document the development process including architecture, technical specifications, and user guides, to facilitate knowledge sharing within the team. Blockchain , C++ Programming , Ethereum , Hyperledger , Java , JavaScript , Node.js , Python , ReactJS","blockchain development intern (remote) blockchain hyperledger, ethereum, javascript, reactjs, python, blockchain, node.js, c++ programming, java Selected intern's day-to-day responsibilities include: 

1. Collaborate with our development team to design and implement blockchain solutions using various technologies
2. Assist in the development, ",unknown,internship,no experience required,"₹ 18,000 /month",https://internshala.com/internship/detail/work-from-home-blockchain-development-internship-at-avaari1711705529,internshala
33,machine learning intern (remote),Avaari,machine learning,"data science, python, machine learning, data analytics, deep learning, natural language processing (nlp), r programming","Selected intern's day-to-day responsibilities include: 

1. Work closely with our experienced team to develop and implement cutting-edge machine-learning algorithms
2. Utilize your expertise in Python, R programming, and deep learning to build and optimize models for various AI applications
3. Dive into the world of data science and analytics to explore large datasets and derive meaningful insights
4. Collaborate with cross-functional teams to design and develop AI solutions that cater to our client's specific needs
5. Enhance your skills in natural language processing (NLP) and artificial intelligence by working on projects related to text and speech analytics
6. Conduct thorough research and stay up-to-date with the latest advancements in the field of machine learning and AI
7. Assist in the deployment and testing of machine learning models in real-world scenarios, and contribute to Avaari's goal of revolutionizing industries through AI. Data Analytics , Data Science , Deep Learning , Machine Learning , Natural Language Processing (NLP) , Python , R Programming","machine learning intern (remote) machine learning data science, python, machine learning, data analytics, deep learning, natural language processing (nlp), r programming Selected intern's day-to-day responsibilities include: 

1. Work closely with our experienced team to develop and implement cutting-edge machine-learning algorithms
2. Utilize your expertise in Python",unknown,internship,no experience required,"₹ 15,000 /month",https://internshala.com/internship/detail/work-from-home-machine-learning-internship-at-avaari1711705519,internshala
34,artificial intelligence (ai) intern (remote),Avaari,artificial intelligence,"data science, data structures, python","Selected intern's day-to-day responsibilities include: 

1. Collaborate with our team of AI experts to develop innovative algorithms and models using machine-learning techniques
2. Gain hands-on experience in data preprocessing, feature engineering, and exploratory data analysis to ensure high-quality datasets
3. Assist in building and optimizing AI models for object detection, classification, and natural language processing
4. Implement and evaluate state-of-the-art deep learning architectures for computer vision and speech recognition applications
5. Work closely with our engineering team to integrate AI capabilities into our existing products and enhance user experiences
6. Analyze and interpret large-scale datasets to extract valuable insights and drive data-driven decision-making
7. Stay up-to-date with the latest advancements in AI and contribute to research discussions and technical brainstorming sessions

Note: Join our dynamic team and contribute to the development of groundbreaking AI solutions that will shape the future of virtual reality.. Data Science , Data Structures , Python","artificial intelligence (ai) intern (remote) artificial intelligence data science, data structures, python Selected intern's day-to-day responsibilities include: 

1. Collaborate with our team of AI experts to develop innovative algorithms and models using machine-learning techniques
2. Gain hands-on exper",unknown,internship,no experience required,"₹ 15,000 /month",https://internshala.com/internship/detail/work-from-home-artificial-intelligence-ai-internship-at-avaari1711705427,internshala
35,web development intern (remote),Avaari,software engineering,"php, wordpress, html, javascript, reactjs, bootstrap, jquery, node.js, mysql, css","Selected intern's day-to-day responsibilities include: 

1. Collaborating with the development team to create and maintain captivating websites and web applications
2. Assisting in the implementation of responsive web designs using HTML, CSS, and Bootstrap to ensure optimal user experience across various devices
3. Writing clean, efficient, and well-documented code in JavaScript and jQuery to enhance website interactivity and functionality
4. Utilizing PHP and MySQL to develop dynamic web pages and database-driven applications
5. Exploring and implementing modern front-end frameworks like ReactJS to develop cutting-edge web solutions
6. Assisting in the customization and management of WordPress websites, including theme development and plugin integration
7. Assisting in the deployment and maintenance of web applications using Node.js, ensuring seamless performance and scalability. Bootstrap , CSS , HTML , JavaScript , jQuery , MySQL , Node.js , PHP , ReactJS , WordPress","web development intern (remote) software engineering php, wordpress, html, javascript, reactjs, bootstrap, jquery, node.js, mysql, css Selected intern's day-to-day responsibilities include: 

1. Collaborating with the development team to create and maintain captivating websites and web applications
2. Assisting in the implementation ",unknown,internship,no experience required,"₹ 15,000 /month",https://internshala.com/internship/detail/work-from-home-web-development-internship-at-avaari1711705394,internshala
36,full stack development intern (part time/remote),RAMProtocol,web development,"mysql, python","Selected intern's day-to-day responsibilities include:

I. Creating a Trading Engine: 
1. Designing and developing a sophisticated trading engine capable of executing trades based on signals from Telegram and Twitter
2. Integrating various APIs and developing algorithms to interpret signals accurately
3. Implementing transaction mechanisms that are both secure and efficient
II. Managing the Development Cycle: 
1. Overseeing the entire development cycle of projects assigned to you includes planning, development, testing, deployment, and maintenance
2. Working closely with other team members to ensure that development milestones are met and that the final product aligns with our company's standards and goals
III. Learning Blockchain Development: 
1. Learning about blockchain development, including smart contracts, consensus algorithms, and blockchain architecture
2. Contributing to projects that are at the cutting edge of blockchain technology
IV. Delivering Development Work on Time: 
1. Delivering all assigned development work on time
2. Ensuring that projects progress according to schedule
3. Meeting deadlines without compromising on quality because diligence and time management are key to success in this role. MySQL , Python","full stack development intern (part time/remote) web development mysql, python Selected intern's day-to-day responsibilities include:

I. Creating a Trading Engine: 
1. Designing and developing a sophisticated trading engine capable of executing trades based on signals from Tele",unknown,internship,no experience required,"₹ 5,000 /month +  Incentives",https://internshala.com/internship/detail/work-from-home-part-time-full-stack-development-internship-at-ramprotocol1711705428,internshala
37,frontend development + technical content writing intern (remote),Middleware,content writing,"node.js, typescript, javascript, react","At Middleware, you'll be working very closely with an elite and highly skilled team on:

1. Creating exciting experimental projects based on frontend stack. 
2. Working with the latest tech in the domain and brand-new codebases.
3. Writing technical content that is seen by lakhs of people.. JavaScript , Node.js , React , TypeScript","frontend development + technical content writing intern (remote) content writing node.js, typescript, javascript, react At Middleware, you'll be working very closely with an elite and highly skilled team on:

1. Creating exciting experimental projects based on frontend stack. 
2. Working with the latest tech in the dom",unknown,internship,no experience required,"₹ 2,000-3,000 /month",https://internshala.com/internship/detail/work-from-home-frontend-development-technical-content-writing-internship-at-middleware1711703476,internshala
38,reactjs development intern (part time/remote),Across The Globe (ATG),web development,"figma, html, javascript, reactjs, github","The selected intern's day-to-day responsibilities include: 

1. Building reusable components and front-end tools using React.js 
2. Optimizing components for maximum performance across a vast array of web-capable devices and browsers 
3. Translating designs and wireframes into code of good quality 
4. Developing user-facing features using React.js. Figma , GitHub , HTML , JavaScript , ReactJS","reactjs development intern (part time/remote) web development figma, html, javascript, reactjs, github The selected intern's day-to-day responsibilities include: 

1. Building reusable components and front-end tools using React.js 
2. Optimizing components for maximum performance across a vast array of",unknown,internship,no experience required,"₹ 2,500-5,000 /month",https://internshala.com/internship/detail/work-from-home-part-time-reactjs-development-internship-at-across-the-globe-atg1711702875,internshala
39,react native app developer intern (remote),Solera Life Science Private Limited,mobile development,react native,Selected intern's day-to-day responsibilities include building a telemedicine mobile app using React Native and Node.js. The candidate must use AI tools such as Copilot and ChatGPT to generate code snippets that should be reviewed thoroughly and modified to tailor the app to specific requirements and ensure its robustness.. React Native,react native app developer intern (remote) mobile development react native Selected intern's day-to-day responsibilities include building a telemedicine mobile app using React Native and Node.js. The candidate must use AI tools such as Copilot and ChatGPT to generate code sn,unknown,internship,no experience required,"₹ 12,500-17,000 /month",https://internshala.com/internship/detail/work-from-home-react-native-app-developer-internship-at-solera-life-science-private-limited1711701078,internshala
40,flutter development intern (remote),SaffronStays,mobile development,"dart, sql, flutter, rest api","At SaffronStays, We are passionate about crafting innovative products that streamline our customer experience and enhance operational efficiency for our internal teams and partners. Our ongoing projects encompass a diverse range of consumer-facing, partner-oriented, and internal apps, and we're on the lookout for our next superstar to join our product & tech team. 

Selected intern's day-to-day responsibilities include:

1. Collaborating with cross-functional teams to develop, enhance, and maintain a wide range of products.
2. Designing and implementing intuitive user interfaces to deliver a seamless and visually appealing user experience.
3. Integrating & maintaining Firebase efficient data storage, retrieval, and synchronization within the app.
4. Working closely with the design team & product managers to ensure the app's design and functionality align with the vision and goals of the project.
5. Optimizing app performance for various devices and screen sizes, ensuring a consistent experience across platforms.
6. Knowing SQL, Node.JS, React or Python would give additional brownie points.
7. Staying up-to-date with the latest Flutter and Firebase developments, and proactively suggesting improvements to existing features and architecture.

Perks:

1. PPO on exceptional performance.
2. Flexible hours.. Dart , Flutter , REST API , SQL","flutter development intern (remote) mobile development dart, sql, flutter, rest api At SaffronStays, We are passionate about crafting innovative products that streamline our customer experience and enhance operational efficiency for our internal teams and partners. Our ongoing projec",unknown,internship,no experience required,"₹ 11,000 /month",https://internshala.com/internship/detail/work-from-home-flutter-development-internship-at-saffronstays1711700783,internshala
41,web development intern,Touchwood Automations,software engineering,"php, wordpress, html, javascript, bootstrap, amazon web server (aws), mysql","Selected intern's day-to-day responsibilities include: 

1. Developing an e-commerce website using Shopify
2. Coordinating with UI/UX designer
3. Learning new technologies to incorporate Plugins and Tools like CRM, Chatbot, AI, machine learning, 3D design tools, etc.. Amazon Web Server (AWS) , Bootstrap , HTML , JavaScript , MySQL , PHP , WordPress","web development intern software engineering php, wordpress, html, javascript, bootstrap, amazon web server (aws), mysql Selected intern's day-to-day responsibilities include: 

1. Developing an e-commerce website using Shopify
2. Coordinating with UI/UX designer
3. Learning new technologies to incorporate Plugins and T",unknown,internship,no experience required,"₹ 12,000 /month",https://internshala.com/internship/detail/web-development-internship-in-pune-at-touchwood-automations1711700061,internshala
42,full stack development intern (remote),Jythu Enterprises,web development,"php, html, javascript, reactjs, python, mongodb, angularjs, node.js, mysql, express.js, css","Selected intern's day-to-day responsibilities include:

1. Collaborate with the development team to design and develop high-quality web applications using the latest technologies.
2. Write efficient, clean, and reusable code for both front-end and back-end development.
3. Assist in troubleshooting and resolving issues related to web development.
4. Conduct thorough testing and debugging of web applications to ensure optimal performance and user experience.
5. Participate in code reviews to maintain code quality and adherence to best practices.
6. Stay up-to-date with emerging technologies and industry trends to continuously enhance your skillset.
7. Provide support and assistance to the senior developers in various development tasks as required.

Jythu Enterprises is seeking a talented and motivated Full Stack Development intern to join our dynamic team. As a Full Stack Development intern, you will have the opportunity to work on exciting projects and gain valuable hands-on experience in a fast-paced environment. If you are passionate about coding and have a strong knowledge of Node.js, ReactJS, HTML, PHP, AngularJS, MySQL, CSS, MongoDB, and JavaScript, then this is the perfect opportunity for you.
UI/UX Design is also required 

If you are a self-driven individual with a strong passion for web development, excellent problem-solving skills, and a willingness to learn, then we would love to hear from you. Join us at Jythu Enterprises and kickstart your career in Full Stack Development!. AngularJS , CSS , Express.js , HTML , JavaScript , MongoDB , MySQL , Node.js , PHP , Python , ReactJS","full stack development intern (remote) web development php, html, javascript, reactjs, python, mongodb, angularjs, node.js, mysql, express.js, css Selected intern's day-to-day responsibilities include:

1. Collaborate with the development team to design and develop high-quality web applications using the latest technologies.
2. Write efficient, ",unknown,internship,no experience required,"₹ 2,000-4,000 /month",https://internshala.com/internship/detail/work-from-home-full-stack-development-internship-at-jythu-enterprises1711699897,internshala
43,full stack development intern,Xto10x Technologies,web development,"html, javascript, reactjs, css","Selected intern's day-to-day responsibilities include: 

1. Develop new capabilities on a react.js codebase
2. Understand and build features on a B2B hr-tech saas platform
3. Build internal management tools for maintenance of the product. CSS , HTML , JavaScript , ReactJS","full stack development intern web development html, javascript, reactjs, css Selected intern's day-to-day responsibilities include: 

1. Develop new capabilities on a react.js codebase
2. Understand and build features on a B2B hr-tech saas platform
3. Build internal management",unknown,internship,no experience required,"₹ 40,000 /month",https://internshala.com/internship/detail/full-stack-development-internship-in-bangalore-at-xto10x-technologies1711698849,internshala
44,react native development intern (remote),Offiql Technologies Private Limited,mobile development,react native,"As a React Native Development intern at Offiql Technologies Private Limited, you will have the exciting opportunity to work on cutting-edge projects and gain valuable hands-on experience in the world of mobile app development. Your primary focus will be on building and optimizing mobile applications using React Native, a framework known for its efficiency and flexibility. 

Selected intern's day-to-day responsibilities include:

1. Collaborating with our team of experienced developers to create innovative and user-friendly mobile applications.
2. Utilizing your knowledge of React Native to design and implement features that enhance the overall user experience.
3. Conducting thorough testing and debugging to ensure the functionality and performance of the apps meet high standards.
4. Working closely with designers and product managers to bring ideas from concept to reality.
5. Staying up-to-date with the latest trends and best practices in React Native development to continuously improve your skills.
6. Participating in code reviews and provide constructive feedback to your peers.
7. Contributing to the overall success of the team by actively participating in meetings, brainstorming sessions, and project discussions.. React Native","react native development intern (remote) mobile development react native As a React Native Development intern at Offiql Technologies Private Limited, you will have the exciting opportunity to work on cutting-edge projects and gain valuable hands-on experience in the world ",unknown,internship,no experience required,"₹ 5,000-10,000 /month",https://internshala.com/internship/detail/work-from-home-react-native-development-internship-at-offiql-technologies-private-limited1711696879,internshala
45,full stack development intern (part time/remote),Aakash Malik,web development,web development,"Selected intern's day-to-day responsibilities include: 

1. Spin up ideas to MVP in the least time possible
2. Own learning and implementation 100%
3. Learn and grow with a team
4. Operate with minimal management

If you like scrappy work, get excited by problems, want to do meaningful work, and be a big part of something then hit it up! Long-term value and wealth are our goals. If nothing happens in 3 months, we will help you with referrals to the best tech companies in the world.. Certificate ,  Letter of recommendation ,  Flexible work hours ,  5 days a week","full stack development intern (part time/remote) web development web development Selected intern's day-to-day responsibilities include: 

1. Spin up ideas to MVP in the least time possible
2. Own learning and implementation 100%
3. Learn and grow with a team
4. Operate with minima",unknown,internship,no experience required,"₹ 5,000-10,000 /month",https://internshala.com/internship/detail/work-from-home-part-time-full-stack-development-internship-at-aakash-malik1711695610,internshala
46,business analytics intern (part time/remote),Ozibook Tech Solutions Private Limited,business analytics,business analytics,"Selected intern's day-to-day responsibilities include:

1. Brainstorming and preparing plans of action to tackle business problems
2. Preparing official documents containing questions that need to be answered (prepare the list of topics to be answered, brainstorm answers, and craft the final draft)
3. Studying the internal workflows of the different departments to determine the best way to minimize the time spent on each internal step, and testing the model
4. Documenting key insights you collect in proper formats and software requested by the organization
5. Understanding the business operation to a micro level and fine-tuning the systems and processes to make it seamless
6. Conducting surveys through Google Forms and creating reports
7. Educating yourself about what your task requires through extensive research online
8. Assisting leadership with making key decisions

Note: We will never call you and ask you for money to register for this internship. If you receive any calls like this, please understand it's a scam, and don't be a victim of it.. Certificate ,  Letter of recommendation ,  Flexible work hours","business analytics intern (part time/remote) business analytics business analytics Selected intern's day-to-day responsibilities include:

1. Brainstorming and preparing plans of action to tackle business problems
2. Preparing official documents containing questions that need to be ",unknown,internship,no experience required,"₹ 1,000 /month",https://internshala.com/internship/detail/work-from-home-part-time-business-analytics-internship-at-ozibook-tech-solutions-private-limited1711695512,internshala
47,web development intern (remote),Heliverse,software engineering,"design thinking, wordpress, search engine optimization (seo), html, scss, javascript, webflow, web3.js, css","Selected intern's day-to-day responsibilities include:

1. Understanding project requirements
2. Planning the sprints
3. Making APIs using ( Node.js and Express.js or JAVA Springboot)
4. Using React.js and Redux for frontend
5. Handling API integrations
6. Creating System Designs and Architecture. CSS , Design Thinking , HTML , JavaScript , SCSS , Search Engine Optimization (SEO) , web3.js , Webflow , WordPress","web development intern (remote) software engineering design thinking, wordpress, search engine optimization (seo), html, scss, javascript, webflow, web3.js, css Selected intern's day-to-day responsibilities include:

1. Understanding project requirements
2. Planning the sprints
3. Making APIs using ( Node.js and Express.js or JAVA Springboot)
4. Using React.j",unknown,internship,no experience required,"₹ 5,000-12,000 /month",https://internshala.com/internship/detail/work-from-home-web-development-internship-at-heliverse1711695329,internshala
48,business analytics intern,Aksum Trademart Private Limited,business analytics,business analytics,"We are seeking a dynamic and highly motivated MBA finance fresher to join our team as a business analyst. In this role, you will be responsible for analyzing financial data, conducting market research, and providing insights to support strategic decision-making processes. You will collaborate with various departments to identify business opportunities, assess financial risks, and optimize operational efficiency.

Selected intern's day-to-day responsibilities include:

1. Analyze financial data, including revenue, expenses, and investment returns, to identify trends and insights
2. Prepare financial models and forecasts to support budgeting and strategic planning processes
3. Conduct market research and competitive analysis to identify business opportunities and industry trends
4. Develop comprehensive reports and presentations to communicate findings and recommendations to senior management
5. Collaborate with cross-functional teams to evaluate business processes and identify areas for improvement
6. Assist in the preparation of business cases and financial proposals for new initiatives and projects
7. Monitor key performance indicators (KPIs and financial metrics to track the company's performance against targets
8. Support the implementation of financial systems and tools to streamline data analysis and reporting processes
9. Stay updated on industry regulations and best practices to ensure compliance and mitigate financial risks
10. Perform ad-hoc analysis and tasks as required to support the finance and business operations. Certificate ,  Letter of recommendation ,  Flexible work hours ,  Informal dress code ,  5 days a week","business analytics intern business analytics business analytics We are seeking a dynamic and highly motivated MBA finance fresher to join our team as a business analyst. In this role, you will be responsible for analyzing financial data, conducting market research",unknown,internship,no experience required,"₹ 5,000-8,000 /month",https://internshala.com/internship/detail/business-analytics-internship-in-delhi-at-aksum-trademart-private-limited1711694389,internshala
49,php development intern,Webinfoplace,software engineering,"php, codeigniter, html, javascript, ajax, jquery, mysql, laravel, css","Selected intern's day-to-day responsibilities include: 

1. Work on the integration of user-facing elements developed by front-end developers
2. Build efficient, testable, and reusable PHP modules
3. Develop and deploy new features to facilitate related procedures and tools if necessary
4. Work on the integration of data storage solutions

Requirements: Should be comfortable working with the team.. AJAX , CodeIgniter , CSS , HTML , JavaScript , jQuery , LARAVEL , MySQL , PHP","php development intern software engineering php, codeigniter, html, javascript, ajax, jquery, mysql, laravel, css Selected intern's day-to-day responsibilities include: 

1. Work on the integration of user-facing elements developed by front-end developers
2. Build efficient, testable, and reusable PHP modules
3. ",unknown,internship,no experience required,"₹ 6,000 /month",https://internshala.com/internship/detail/php-development-internship-in-noida-at-webinfoplace1711686546,internshala
50,full stack development intern (remote),Heliverse,web development,"html, javascript, reactjs, mongodb, amazon web server (aws), node.js, express.js, css","Selected intern's day-to-day responsibilities include:

1. Developing and maintaining web applications using MERN stack technologies
2. Collaborating with the development team to design and implement new features and functionalities
3. Writing clean, efficient, and reusable code following best practices and coding standards
4. Participating in the entire software development lifecycle, including requirement analysis, design, implementation, testing, and deployment
5. Assisting in database design and development, including schema creation, data migration, and query optimization
6. Integrating third-party APIs and services to enhance application functionality
7. Troubleshooting and debugging software issues and implementing necessary fixes or improvements
8. Conducting code reviews to ensure code quality, maintainability, and adherence to established coding standards
9. Collaborating with UI/UX designers to create intuitive and user-friendly interfaces
10. Assisting in optimizing application performance and scalability. Amazon Web Server (AWS) , CSS , Express.js , HTML , JavaScript , MongoDB , Node.js , ReactJS","full stack development intern (remote) web development html, javascript, reactjs, mongodb, amazon web server (aws), node.js, express.js, css Selected intern's day-to-day responsibilities include:

1. Developing and maintaining web applications using MERN stack technologies
2. Collaborating with the development team to design and implement ",unknown,internship,no experience required,"₹ 12,000-18,000 /month",https://internshala.com/internship/detail/work-from-home-full-stack-development-internship-at-heliverse1711693525,internshala
51,full stack development intern (remote),Linsible Technologies Private Limited,web development,"elasticsearch, postgresql, javascript, reactjs, node.js","Selected intern's day-to-day responsibilities include working on full-stack development using NodeJS, ReactJS, and Python(Optional).. Elasticsearch , JavaScript , Node.js , PostgreSQL , ReactJS","full stack development intern (remote) web development elasticsearch, postgresql, javascript, reactjs, node.js Selected intern's day-to-day responsibilities include working on full-stack development using NodeJS, ReactJS, and Python(Optional).. Elasticsearch , JavaScript , Node.js , PostgreSQL , ReactJS",unknown,internship,no experience required,"₹ 2,500 /month +  Incentives",https://internshala.com/internship/detail/work-from-home-full-stack-development-internship-at-linsible-technologies-private-limited1711692702,internshala
52,data science intern (part time/remote),Jivichem Synthesis Private Limited,data analytics,"data science, python, machine learning, data analytics, deep learning, sql, natural language processing (nlp)","Selected intern's day-to-day responsibilities include: 

1. Working on Current Trends in Pharma Fields
2. Working on API Analytics and Finding out the trend
3. Working on Visualization of Data. Data Analytics , Data Science , Deep Learning , Machine Learning , Natural Language Processing (NLP) , Python , SQL","data science intern (part time/remote) data analytics data science, python, machine learning, data analytics, deep learning, sql, natural language processing (nlp) Selected intern's day-to-day responsibilities include: 

1. Working on Current Trends in Pharma Fields
2. Working on API Analytics and Finding out the trend
3. Working on Visualization of Data. Data A",unknown,internship,no experience required,"₹ 12,000 /month",https://internshala.com/internship/detail/work-from-home-part-time-data-science-internship-at-jivichem-synthesis-private-limited1711691558,internshala
53,reactjs development intern (remote),QuadB Tech,web development,"html, javascript, reactjs, jquery, css","Selected intern's day-to-day responsibilities include:

1. Coordinating with the team 
2. Working on different layers of the infrastructure

Note: Therefore, a commitment to collaborative problem solving, sophisticated design, and quality product are important.. CSS , HTML , JavaScript , jQuery , ReactJS","reactjs development intern (remote) web development html, javascript, reactjs, jquery, css Selected intern's day-to-day responsibilities include:

1. Coordinating with the team 
2. Working on different layers of the infrastructure

Note: Therefore, a commitment to collaborative problem solv",unknown,internship,no experience required,"₹ 10,000 /month",https://internshala.com/internship/detail/work-from-home-reactjs-development-internship-at-quadb-tech1711691482,internshala
54,content writing intern (part time/remote),CGI,content writing,"software testing, blogging, machine learning, english proficiency (written)","Selected intern's day-to-day responsibilities include: 

1. Create original content (word document or slide deck) for a predetermined topic in AI; no more than two pages per piece
2. Collect and add relevant graphics 
3. Deliver the content on a timely basis (two contents per week). Blogging , English Proficiency (Written) , Machine Learning , Software Testing","content writing intern (part time/remote) content writing software testing, blogging, machine learning, english proficiency (written) Selected intern's day-to-day responsibilities include: 

1. Create original content (word document or slide deck) for a predetermined topic in AI; no more than two pages per piece
2. Collect and add r",unknown,internship,no experience required,"₹ 10,000 lump sum +  Incentives",https://internshala.com/internship/detail/work-from-home-part-time-content-writing-internship-at-cgi1711690150,internshala
55,web development intern (remote),Infinity Magazine,software engineering,"html, javascript, css","Are you a talented Web Development enthusiast with a passion for CSS, HTML, and JavaScript? We have an exciting opportunity for you to join our team at Infinity Magazine! As a Web Development intern, you will have the chance to work on real projects and gain valuable experience in the fast-paced world of online media. 

Key Responsibilities:
1. Collaborate with our team to design and develop responsive websites.
2. Implement front-end design elements using CSS, HTML, and JavaScript.
3. Ensure websites are optimized for speed and performance.
4. Assist in troubleshooting and resolving technical issues.
5. Stay up-to-date on industry trends and best practices.
6. Test websites for functionality on various devices and browsers.
7. Contribute creative ideas to enhance user experience and engagement. 

If you are a proactive and creative individual looking to kickstart your career in web development, apply now to join our dynamic team at Infinity Magazine!. CSS , HTML , JavaScript","web development intern (remote) software engineering html, javascript, css Are you a talented Web Development enthusiast with a passion for CSS, HTML, and JavaScript? We have an exciting opportunity for you to join our team at Infinity Magazine! As a Web Development intern, ",unknown,internship,no experience required,"₹ 3,000 /month",https://internshala.com/internship/detail/work-from-home-web-development-internship-at-infinity-magazine1711689097,internshala
56,business analytics intern,Dough One Sources Private Limited,business analytics,"ms-office, english proficiency (spoken), python, data analytics, english proficiency (written), ms-excel, research and analytics, sql","Selected intern's day-to-day responsibilities include: 

1. Communicating with senior people in organizations to find out what they hope to achieve
2. Formulating ways for businesses to improve, based on previous research
3. Creating a detailed business analysis, outlining problems, opportunities, and solutions for an app and web application
4. Working on the mobile app draft
5. Providing inputs on business growth
6. Working on emails, replies, and phone calls
7. Researching and obtaining further information from the internet
8. Managing the clerical office tasks
9. Working on follow-up calls, Excel Sheets data and Power BI. Data Analytics , English Proficiency (Spoken) , English Proficiency (Written) , MS-Excel , MS-Office , Python , Research and Analytics , SQL","business analytics intern business analytics ms-office, english proficiency (spoken), python, data analytics, english proficiency (written), ms-excel, research and analytics, sql Selected intern's day-to-day responsibilities include: 

1. Communicating with senior people in organizations to find out what they hope to achieve
2. Formulating ways for businesses to improve, based",unknown,internship,no experience required,"₹ 10,000-15,000 /month",https://internshala.com/internship/detail/business-analytics-internship-in-multiple-locations-at-dough-one-sources-private-limited1711687225,internshala
57,business analytics (marketing) intern (part time),Think Of It Foundation,business analytics,"business analysis, business research","Selected intern's day-to-day responsibilities include:

1. Analyse sales funnels and customer intent
2. Measure the ROI of online and offline advertising campaigns
3. Report on marketing KPIs like leads, conversion rates, website traffic, and social media engagement
4. Track email campaign metrics (delivery, open, click-through rates)
5. Monitor budget distribution and performance of paid ad campaigns
6. Conduct competitive research and analyze benchmarking data
7. Recommend website and campaign optimizations
8. Research and implement marketing tools to support our promotional projects (automation software, social media scheduling, etc)
9. Work closely with sales and marketing teams to identify opportunities for new client acquisition

Note: This is a 4-month unpaid Internship. You will be getting a certificate by the end of your internship. LOR will be given based on your performance. Please watch out for a paid internship with us upon completion and good performance from your end.. Business Analysis , Business Research","business analytics (marketing) intern (part time) business analytics business analysis, business research Selected intern's day-to-day responsibilities include:

1. Analyse sales funnels and customer intent
2. Measure the ROI of online and offline advertising campaigns
3. Report on marketing KPIs like lea",unknown,internship,no experience required,"₹ 1,500 /month +  Incentives",https://internshala.com/internship/detail/part-time-business-analytics-marketing-internship-in-nagpur-at-think-of-it-foundation1711686145,internshala
58,business analytics (technical) intern (part time/remote),Think Of It Foundation,business analytics,"business analysis, business research","We are looking for a Technical Business Analyst to develop cross-functional partnerships with our global business and IT teams. The company is searching for a versatile analyst to improve its IT systems. We expect the analyst to work collaboratively with the technical and business teams to assist in developing the organization's requirements.

Selected intern's day-to-day responsibilities include:

1. Identifying functionalities and system efficiency by working with end users, and internal departments
2. Creating technical reports and presenting them to the management, and obtaining approval for the decisions made
3. Performing analysis to identify trends and data insights using SQL, and other data mining tools
4. Updating and enhancing the systems to ensure compatibility with new operating systems
5. Implementing new advancements in software and systems
6. Ensuring software products have good end-user proficiency with other systems, applications, and programs across all departments

Note-: This is a 4-month unpaid Internship. You will be getting a certificate by the end of your internship. LOR will be given based on your performance. Please watch out for a paid internship with us upon completion and good performance from your end.. Business Analysis , Business Research","business analytics (technical) intern (part time/remote) business analytics business analysis, business research We are looking for a Technical Business Analyst to develop cross-functional partnerships with our global business and IT teams. The company is searching for a versatile analyst to improve its IT syste",unknown,internship,no experience required,"₹ 1,500 /month +  Incentives",https://internshala.com/internship/detail/work-from-home-part-time-business-analytics-technical-internship-at-think-of-it-foundation1711686094,internshala
59,reactjs development intern,Neel Networks,web development,"redux, rest api, html, react, javascript, reactjs, mean/mern stack, node.js, react native","Are you a talented Reactjs Development intern looking to kickstart your career in the tech industry? Neel Networks is seeking a dynamic individual who is proficient in MERN Stack, ReactJS, JavaScript, HTML, Node.js, and React Native to join our team. As an intern, you will have the opportunity to work on cutting-edge projects and gain hands-on experience in a fast-paced environment. 

Selected intern's day-to-day responsibilities include:

1. Develop and maintain web applications using ReactJS and other related technologies
2. Collaborate with the team to design and implement new features and enhancements
3. Troubleshoot and debug issues to ensure smooth performance of applications
4. Write clean, efficient, and reusable code for optimal functionality
5. Stay up-to-date with the latest trends in technology and implement best practices
6. Participate in code reviews and provide constructive feedback to team members
7. Assist in testing and deploying applications to various platforms for user accessibility and engagement

If you are passionate about React development and eager to learn and grow, this is the perfect opportunity for you. Apply now and take the next step in your career with Neel Networks!. HTML , JavaScript , MEAN/MERN Stack , Node.js , React , ReactJS , React Native , Redux , REST API","reactjs development intern web development redux, rest api, html, react, javascript, reactjs, mean/mern stack, node.js, react native Are you a talented Reactjs Development intern looking to kickstart your career in the tech industry? Neel Networks is seeking a dynamic individual who is proficient in MERN Stack, ReactJS, JavaScript,",unknown,internship,no experience required,"₹ 7,000-10,000 /month",https://internshala.com/internship/detail/reactjs-development-internship-in-mumbai-at-neel-networks1711686043,internshala
60,react native development (macos) intern (part time/remote),Across The Globe (ATG),mobile development,"html, javascript, react native, css","Selected intern's day-to-day responsibilities include:

1. Design and implement user interface components for JavaScript-based web and mobile applications using the React ecosystem
2. Build app and UI components from prototypes and wireframes & work with native modules as and when required
3. Use native APIs for tight integrations with both platforms (Android and iOS)
4. Write automated tests to ensure error-free code and performance
5. Create front-end modules with maximum code reusability and efficiency
6. Implement clean and smooth animations to provide an excellent user interface
7. Work with third-party dependencies and APIs
8. Work with Redux architecture to improve the performance of the websites/mobile apps

Note: the intern needs to have Mac OS 13.5 and above with the latest X-version.. CSS , HTML , JavaScript , React Native","react native development (macos) intern (part time/remote) mobile development html, javascript, react native, css Selected intern's day-to-day responsibilities include:

1. Design and implement user interface components for JavaScript-based web and mobile applications using the React ecosystem
2. Build app and UI",unknown,internship,no experience required,"₹ 5,000-10,000 /month",https://internshala.com/internship/detail/work-from-home-part-time-react-native-development-macos-internship-at-across-the-globe-atg1711685803,internshala
61,artificial intelligence and machine learning - content writing volunteer intern (part time/remote),Earth5R,content writing,content writing,"Selected intern's day-to-day responsibilities include:

1. Research various aspects of sustainability in artificial intelligence and machine learning.
2. Work on data collection and analysis by studying various web resources related to artificial intelligence and machine learning.
3. Conduct thorough research about provided topics in the fields of artificial intelligence and machine learning.
4. Publish your research through posts on the Earth5R app.. Certificate ,  Flexible work hours","artificial intelligence and machine learning - content writing volunteer intern (part time/remote) content writing content writing Selected intern's day-to-day responsibilities include:

1. Research various aspects of sustainability in artificial intelligence and machine learning.
2. Work on data collection and analysis by studyi",unknown,internship,no experience required,Unpaid,https://internshala.com/internship/detail/work-from-home-part-time-artificial-intelligence-and-machine-learning-content-writing-volunteer-internship-at-earth5r1711684154,internshala
63,nextjs intern (part time/remote),Across The Globe (ATG),web development,"html, next.js, bootstrap, css","Are you a Next.js enthusiast who knows HTML, CSS, and Bootstrap? Across The Globe (ATG) is looking for a Next.js internship intern to join our organization. This is an exciting opportunity to work with ATG, a leading brand in the industry. As a Next.js internship intern, you will get to work with a team of highly experienced professionals.

Selected intern's day-to-day responsibilities include: 

1. Develop innovative solutions using Next.js and other technologies
2. Collaborate with stakeholders to ensure timely and high-quality deliverables
3. Monitor and debug Next.js projects
4. Keep up with the latest advancements in Next.js and related technologies
5. Create and maintain documentation related to the projects
6. Provide timely support to internal and external customers. Bootstrap , CSS , HTML , Next.js","nextjs intern (part time/remote) web development html, next.js, bootstrap, css Are you a Next.js enthusiast who knows HTML, CSS, and Bootstrap? Across The Globe (ATG) is looking for a Next.js internship intern to join our organization. This is an exciting opportunity to work wit",unknown,internship,no experience required,"₹ 3,000 /month +  Incentives",https://internshala.com/internship/detail/work-from-home-part-time-nextjs-internship-at-across-the-globe-atg1711681499,internshala
64,web development intern (remote),Codal.in,software engineering,"php, wordpress, html, javascript, webflow, github, cms, css","Selected intern's day-to-day responsibilities include: 

1. Design, implement and manage websites using no code / low code platforms
2. Handle customization of themes
3. Work on overriding existing functionality of themes and plugins with Web Hooks
4. Collaborate with members of the creative team
5. Manage front-end and back-end website development
6. Troubleshoot and resolve website problems for clients and users
7. Stay on top of new developments in software, trends, and practices
8. Optimize the website for world-class speed and user experience
9. Work on both back-end and front-end development of the website including the. CMS , CSS , GitHub , HTML , JavaScript , PHP , Webflow , WordPress","web development intern (remote) software engineering php, wordpress, html, javascript, webflow, github, cms, css Selected intern's day-to-day responsibilities include: 

1. Design, implement and manage websites using no code / low code platforms
2. Handle customization of themes
3. Work on overriding existing fu",unknown,internship,no experience required,"₹ 1,000-3,000 /month",https://internshala.com/internship/detail/work-from-home-web-development-internship-at-codalin1711641932,internshala
65,full stack development intern,Tavago Tech Private Limited,web development,"c#, html, javascript, bootstrap, ms sql server, asp.net, css","Are you a tech-savvy individual with a passion for Full Stack Development? Tavago Tech Private Limited is seeking a dynamic intern to join our team! As a Full Stack Development intern, you will have the opportunity to work with cutting-edge technologies such as JavaScript, HTML, CSS, ASP.NET, Bootstrap, C#, and MS SQL Server. 

Key Responsibilities:
1. Develop and maintain web applications using the latest technologies
2. Collaborate with cross-functional teams to design and implement new features
3. Test and debug code to ensure high performance and functionality
4. Optimize applications for maximum speed and scalability
5. Assist in database design and management using MS SQL Server
6. Stay current on industry trends and best practices in Full Stack Development
7. Contribute to the overall success of the team by actively participating in team meetings and projects

If you are a motivated self-starter with a strong foundation in Full Stack Development, we want to hear from you! Join us at Tavago Tech and take your career to the next level. Apply now!. ASP.NET , Bootstrap , C# , CSS , HTML , JavaScript , MS SQL Server","full stack development intern web development c#, html, javascript, bootstrap, ms sql server, asp.net, css Are you a tech-savvy individual with a passion for Full Stack Development? Tavago Tech Private Limited is seeking a dynamic intern to join our team! As a Full Stack Development intern, you will have t",unknown,internship,no experience required,"₹ 10,000 /month",https://internshala.com/internship/detail/full-stack-development-internship-in-chennai-at-tavago-tech-private-limited1711632136,internshala
66,data science intern (remote),Blackcoffer,data analytics,"data science, elasticsearch, natural language processing (nlp), python, machine learning, data analytics, mongodb, power bi, sql, deep learning","Selected intern's day-to-day responsibilities include:

1. Working on data science projects and analytics
2. Working on data models, AI, ML, deep learning, and NLP
3. Working on data pipelines, ETL, ELT, and data warehouse
4. Working on Python, its libraries, and advanced programming tasks
5. Working on data collection, data management, data cleaning, data transformation, etc.
6. Working on data visualization like BI tools, Power BI, Kibana, and Google Data Studio
7. Working on databases such as MongoDB, Neo4j, Dgraph, and SQ
8. Working on cloud platforms like GCP, AWS, Azure, Linode, Heroku, etc.. Data Analytics , Data Science , Deep Learning , Elasticsearch , Machine Learning , MongoDB , Natural Language Processing (NLP) , Power BI , Python , SQL","data science intern (remote) data analytics data science, elasticsearch, natural language processing (nlp), python, machine learning, data analytics, mongodb, power bi, sql, deep learning Selected intern's day-to-day responsibilities include:

1. Working on data science projects and analytics
2. Working on data models, AI, ML, deep learning, and NLP
3. Working on data pipelines, ETL, E",unknown,internship,no experience required,"₹ 10,000-12,000 /month",https://internshala.com/internship/detail/work-from-home-data-science-internship-at-blackcoffer1711633469,internshala
67,machine learning intern,Karma Ecotech Private Limited,machine learning,"computer vision, python, machine learning","We are looking for a dynamic 'Machine Learning intern' to join our team at Karma Ecotech Private Limited. If you have a passion for Machine Learning, Python, Artificial intelligence, and Computer Vision, then this is the perfect opportunity for you! 

Selected intern's day-to-day responsibilities include:  

1. Assisting in the development and implementation of machine learning models to analyze data and drive insights
2. Collaborating with the team to design and optimize algorithms for various projects
3. Conducting research and staying up-to-date with the latest trends in machine learning and artificial intelligence
4. Working on computer vision projects to enhance our technology and products
5. Participating in brainstorming sessions and contributing innovative ideas to enhance our machine learning capabilities
6. Assisting in gathering and cleaning data for training machine learning models
7. Supporting the team in testing and troubleshooting machine learning algorithms to ensure optimal performance

If you are a motivated and talented individual with a strong background in machine learning and a desire to learn and grow in a fast-paced environment, then we want to hear from you! Apply now to join our innovative team at Karma Ecotech Private Limited.. Computer Vision , Machine Learning , Python","machine learning intern machine learning computer vision, python, machine learning We are looking for a dynamic 'Machine Learning intern' to join our team at Karma Ecotech Private Limited. If you have a passion for Machine Learning, Python, Artificial intelligence, and Computer Visi",unknown,internship,no experience required,"₹ 2,000-10,000 /month",https://internshala.com/internship/detail/machine-learning-internship-in-delhi-at-karma-ecotech-private-limited1711632663,internshala
68,generative ai machine learning intern,Arakoo.ai,machine learning,python,Selected intern's day-to-day responsibilities include using Qlora (https://github.com/artidoro/qlora) and Axolotl (https://github.com/OpenAccess-AI-Collective/axolotl) for finetuning Llama2 models.. Python,generative ai machine learning intern machine learning python Selected intern's day-to-day responsibilities include using Qlora (https://github.com/artidoro/qlora) and Axolotl (https://github.com/OpenAccess-AI-Collective/axolotl) for finetuning Llama2 models.. P,unknown,internship,no experience required,"₹ 20,000-30,000 /month",https://internshala.com/internship/detail/generative-ai-machine-learning-internship-in-multiple-locations-at-arakooai1711625427,internshala
69,mern intern (remote),PatilKaki,web development,mongodb,"Selected intern's day-to-day responsibilities include: 

1. Assisting in the development of web applications using the MERN stack
2. Collaborating with the development team to design, implement, and test new features
3. Writing clean, maintainable, and efficient code
4. Participating in code reviews to ensure code quality and adherence to best practices.
5.  Troubleshooting and debugging issues as they arise during development and testing phases
6. Learning and applying new technologies and tools as needed
7. Contributing to the improvement of development processes and workflows.
8. Communicating effectively with team members and stakeholders to gather requirements and provide updates on project progress
9. Documenting code and processes to facilitate knowledge transfer and future maintenance
10. Assisting in deploying applications to production environments and monitoring their performance.. MongoDB","mern intern (remote) web development mongodb Selected intern's day-to-day responsibilities include: 

1. Assisting in the development of web applications using the MERN stack
2. Collaborating with the development team to design, implement, and t",unknown,internship,no experience required,"₹ 5,000-15,000 /month",https://internshala.com/internship/detail/work-from-home-mern-internship-at-patilkaki1711631886,internshala
70,figma designer intern (remote),Agrichikitsa,ui ux design,ui ux design,"Are you passionate about agriculture and design? Join AgriChikitsa as a Figma designer intern and help us revolutionize the way farmers interact with technology! As part of our team, you will have the opportunity to work on cutting-edge projects that will directly impact the agricultural industry. 

1. Collaborate with product managers and developers to create user-centered designs
2. Design intuitive and visually appealing interfaces for our web and mobile applications
3. Conduct user research and testing to gather valuable feedback for design improvements
4. Create wireframes, prototypes, and mockups to communicate design ideas effectively
5. Work closely with the marketing team to create engaging visuals for promotional materials
6. Stay up-to-date on industry trends and best practices to continually improve design skills
7. Assist with other design-related tasks as needed to support the team's goals 

If you are a creative problem solver with a passion for design and agriculture, we want to hear from you! Apply now and be a part of our mission to empower farmers with innovative technology solutions.. Certificate ,  Letter of recommendation ,  Flexible work hours ,  5 days a week","figma designer intern (remote) ui ux design ui ux design Are you passionate about agriculture and design? Join AgriChikitsa as a Figma designer intern and help us revolutionize the way farmers interact with technology! As part of our team, you will have the",unknown,internship,no experience required,"₹ 2,500 /month",https://internshala.com/internship/detail/work-from-home-figma-designer-internship-at-agrichikitsa1711631851,internshala
71,backend development intern,Branding Catalyst,web development,"rest api, mongodb, angularjs, node.js, sql","Selected intern's day-to-day responsibilities include:

1. Understanding user requirements/specifications and translating the same into user-friendly website layouts like HTML, DIVs, Table design, and CSS
2. Being able to understand user requirements/specifications and translate the same into user-friendly website layouts like HTML, DIVs, Table design and CSS
Working on developing responsive web applications
3. Working on UI development
4. Working on HTML and front-end development
5. Working on WordPress site design, updating, and maintenance

Note: INR 2,000 for base to cover for traveling or basic expense and INR 8,000 is for people who successfully complete a project.. AngularJS , MongoDB , Node.js , REST API , SQL","backend development intern web development rest api, mongodb, angularjs, node.js, sql Selected intern's day-to-day responsibilities include:

1. Understanding user requirements/specifications and translating the same into user-friendly website layouts like HTML, DIVs, Table design, and",unknown,internship,no experience required,"₹ 2,000 /month +  Incentives",https://internshala.com/internship/detail/backend-development-internship-in-mumbai-at-branding-catalyst1711631104,internshala
72,web development intern,Webnicon IT Services,software engineering,"google analytics, php, wordpress, search engine optimization (seo), html, javascript, reactjs, bootstrap, node.js, mysql, css","We are looking for a passionate and talented web development intern to join our team at Webnicon IT Services. If you are proficient in HTML, JavaScript, CSS, WordPress, Bootstrap, MySQL, Node.js, ReactJS, and PHP, we want to hear from you! As an intern, you will have the opportunity to work on exciting projects and gain valuable hands-on experience in web development.

Selected intern's day-to-day responsibilities include:

1. Collaborate with our team to design and develop websites that meet client requirements and specifications
2. Write clean, efficient, and maintainable code using best practices and industry standards
3. Assist in troubleshooting and resolving technical issues on websites and web applications
4. Stay updated on the latest trends and technologies in web development to enhance our services
5. Contribute to the planning and implementation of new features and functionalities on websites
6. Conduct testing and quality assurance to ensure optimal performance and user experience
7. Participate in team meetings and brainstorming sessions to contribute ideas and insights for project improvement

If you are eager to learn, grow, and expand your skills in web development, apply now to join our dynamic team at Webnicon IT Services!. Bootstrap , CSS , Google Analytics , HTML , JavaScript , MySQL , Node.js , PHP , ReactJS , Search Engine Optimization (SEO) , WordPress","web development intern software engineering google analytics, php, wordpress, search engine optimization (seo), html, javascript, reactjs, bootstrap, node.js, mysql, css We are looking for a passionate and talented web development intern to join our team at Webnicon IT Services. If you are proficient in HTML, JavaScript, CSS, WordPress, Bootstrap, MySQL, Node.js, Reac",unknown,internship,no experience required,"₹ 10,000 /month",https://internshala.com/internship/detail/web-development-internship-in-jaipur-at-webnicon-it-services1711630447,internshala
73,wordpress development intern (remote),Harsheen Kaur,web development,"google analytics, html&css, search engine optimization (seo), javascript, responsive design, digital marketing","Selected intern's day-to-day responsibilities include: 

1. Theme Development: Design and develop custom WordPress themes that align with Ecoearthly's branding and aesthetic, ensuring a seamless and visually appealing user experience
2. Website Structure: Establish the website's structural framework, including navigation menus, page layouts, and content organization, to optimize usability and accessibility for visitors
3. Plugin Integration: Integrate and configure WordPress plugins to enhance website functionality, such as SEO optimization, social media integration, contact forms, and e-commerce capabilities
4. Responsive Design: Implement responsive design principles to ensure the website performs optimally across various devices and screen sizes, providing a consistent user experience for all users
5. Customization: Customize and tailor WordPress themes and plugins as needed to meet specific project requirements and accommodate unique features or functionalities
6. Optimization: Perform ongoing website maintenance and optimization tasks, including site speed optimization, security enhancements, and performance monitoring, to ensure optimal site performance
7. Content Management: Assist in content management tasks, such as uploading blog posts, images, videos, and other multimedia content, and provide training and support to internal users as needed
8. Troubleshooting: Diagnose and resolve technical issues, bugs, and compatibility issues as they arise, employing problem-solving skills and attention to detail to deliver high-quality solutions. Digital Marketing , Google Analytics , HTML&CSS , JavaScript , Responsive Design , Search Engine Optimization (SEO)","wordpress development intern (remote) web development google analytics, html&css, search engine optimization (seo), javascript, responsive design, digital marketing Selected intern's day-to-day responsibilities include: 

1. Theme Development: Design and develop custom WordPress themes that align with Ecoearthly's branding and aesthetic, ensuring a seamless and v",unknown,internship,no experience required,"₹ 1,000 /month",https://internshala.com/internship/detail/work-from-home-wordpress-development-internship-at-harsheen-kaur1711629879,internshala
75,web development intern,Innover Labs,software engineering,"internet of things (iot), html, javascript, reactjs, mongodb, node.js, mysql, css","Selected intern's day-to-day responsibilities include:

1. Developing reusable components
2. Matching the UI design with 90% accuracy
3. Integrating and developing the functionality
4. Making the overall code to high performance
5. Developing API on NodeJS and must have good knowledge of SQL and NoSQL databases. CSS , HTML , Internet of Things (IoT) , JavaScript , MongoDB , MySQL , Node.js , ReactJS","web development intern software engineering internet of things (iot), html, javascript, reactjs, mongodb, node.js, mysql, css Selected intern's day-to-day responsibilities include:

1. Developing reusable components
2. Matching the UI design with 90% accuracy
3. Integrating and developing the functionality
4. Making the over",unknown,internship,no experience required,"₹ 6,000 /month +  Incentives",https://internshala.com/internship/detail/web-development-internship-in-pune-at-innover-labs1711628588,internshala
76,react native developement intern,Psymate,mobile development,react native,"Selected intern's day-to-day responsibilities include: 

1. Coding and Development: The intern will be responsible for coding and development tasks using React Native framework to build mobile applications.
2. Bug Fixing and Troubleshooting: They will assist in identifying and resolving bugs, glitches, and other technical issues in the React Native applications.
3. Feature Implementation: Collaborate with the team to implement new features and functionalities based on project requirements.
4. Code Review and Testing: Participate in code reviews and conduct testing to ensure the quality and reliability of the applications.
5. Documentation: Maintain documentation for codebase, APIs, and other relevant project information to facilitate knowledge sharing and future development.
6. Continuous Learning: Stay updated with the latest trends, tools, and technologies in mobile app development, particularly in the React Native ecosystem.
7. Communication and Collaboration: Communicate effectively with team members, share progress updates, and collaborate on project tasks to meet deadlines.
8. Adaptability and Problem-Solving: Adapt to changing project requirements and contribute to problem-solving efforts to overcome technical challenges.
9. Research and Innovation: Conduct research on best practices, new libraries, and techniques to enhance the performance and user experience of React Native applications.
10. Feedback and Improvement: Provide constructive feedback on the existing codebase and suggest improvements for enhancing the overall efficiency and maintainability of the applications.. React Native","react native developement intern mobile development react native Selected intern's day-to-day responsibilities include: 

1. Coding and Development: The intern will be responsible for coding and development tasks using React Native framework to build mobile applica",unknown,internship,no experience required,"₹ 5,000 /month +  Incentives",https://internshala.com/internship/detail/react-native-developement-internship-in-noida-at-psymate1711627176,internshala
77,dashboard developer intern (part time),Vivek Anand Saravanan,software engineering,"tableau, advanced excel, power bi","Selected intern's day-to-day responsibilities include: 

1. Creating dashboards
2. Working on data analysis
3. Working on data visualization. Advanced Excel , Power BI , Tableau","dashboard developer intern (part time) software engineering tableau, advanced excel, power bi Selected intern's day-to-day responsibilities include: 

1. Creating dashboards
2. Working on data analysis
3. Working on data visualization. Advanced Excel , Power BI , Tableau",unknown,internship,no experience required,"₹ 40,000 /month +  Incentives",https://internshala.com/internship/detail/part-time-dashboard-developer-internship-in-madurai-at-vivek-anand-saravanan1711627092,internshala
78,python development intern (part time),Nioclass,software engineering,"data science, rest api, python, mysql, data analysis","Selected intern's day-to-day responsibilities include: 

1. Building dashboards using Python and MySQL to capture user engagement and activity
2. Build new product features and optimize codebase for existing feature sets
3. Collaborating with product managers to develop and test backend code
4. Collaborating with UI-UX designers to develop the frontend
5. Quickly incorporating feedback (internal and external) to improve design and reliability. Data Analysis , Data Science , MySQL , Python , REST API","python development intern (part time) software engineering data science, rest api, python, mysql, data analysis Selected intern's day-to-day responsibilities include: 

1. Building dashboards using Python and MySQL to capture user engagement and activity
2. Build new product features and optimize codebase for e",unknown,internship,no experience required,"₹ 10,000-17,000 /month",https://internshala.com/internship/detail/part-time-python-development-internship-in-multiple-locations-at-nioclass1711624469,internshala
79,wordpress development intern (remote),Simple Minds,web development,"php, wordpress, html, javascript, css","Selected Intern's day-to-day responsibilities include: 

1. Consulting with clients to define website design and functionality
2. Architecting the website structure for optimal performance
3. Overseeing website back-end design, incorporating database and server integration
4. Producing custom WordPress themes and plugins
5. Performing thorough website performance tests
6. Monitoring live website performance. CSS , HTML , JavaScript , PHP , WordPress","wordpress development intern (remote) web development php, wordpress, html, javascript, css Selected Intern's day-to-day responsibilities include: 

1. Consulting with clients to define website design and functionality
2. Architecting the website structure for optimal performance
3. Overseei",unknown,internship,no experience required,"₹ 7,000 /month",https://internshala.com/internship/detail/work-from-home-wordpress-development-internship-at-simple-minds1711623929,internshala
80,react js intern,PeerXP Technologies,web development,"redux, rest api, html, javascript, reactjs, node.js","Selected intern's day-to-day responsibilities include: 

1. Developing new user-facing features using ReactJS and Redux
2. Building reusable components and front-end libraries for future use
3. Translating designs and wireframes into high-quality code
4. Optimizing components for maximum performance across a vast array of web-capable devices and browsers
5. Meeting with the development team to discuss user interface ideas and applications
6. Reviewing application requirements and interface designs. HTML , JavaScript , Node.js , ReactJS , Redux , REST API","react js intern web development redux, rest api, html, javascript, reactjs, node.js Selected intern's day-to-day responsibilities include: 

1. Developing new user-facing features using ReactJS and Redux
2. Building reusable components and front-end libraries for future use
3. Transl",unknown,internship,no experience required,"₹ 8,000 /month",https://internshala.com/internship/detail/react-js-internship-in-multiple-locations-at-peerxp-technologies1711622289,internshala
81,python development intern (remote),Jhalak X Corp,software engineering,"cloud firestore, rest api, python, jenkins, amazon web server (aws), firebase","This is a full-time remote role for a Python developer at Jhalak X Corp. 

Selected intern's day-to-day responsibilities include:

1. Working on Back-End development
2. Developing and maintaining backend systems, collaborating with teams, and implementing software solutions for scalability and reliability

Skills required:

1. Object-Oriented Programming (OOP)
2. AWS EC2
3. Dynamo DB
4. Jenkins pipeline setup
5. Docker/Container
6. Web Sockets
7. Rest API
8. JWT Token encryption/decryption
9. Firebase
10. Firestore
11. S3 file storage
12. Payment Integration. Amazon Web Server (AWS) , Cloud Firestore , Firebase , Jenkins , Python , REST API","python development intern (remote) software engineering cloud firestore, rest api, python, jenkins, amazon web server (aws), firebase This is a full-time remote role for a Python developer at Jhalak X Corp. 

Selected intern's day-to-day responsibilities include:

1. Working on Back-End development
2. Developing and maintaining back",unknown,internship,no experience required,"₹ 15,000 /month",https://internshala.com/internship/detail/work-from-home-python-development-internship-at-jhalak-x-corp1711621879,internshala
82,website development intern,DAXY PRIVATE LIMITED,web development,"effective communication, html&css, java","Are you passionate about website development and looking to gain hands-on experience in the tech industry? Join us at DAXY PRIVATE LIMITED as a 'Website Development Intern'! 

Selected intern's day-to-day responsibilities include:  

1. Assist in designing and developing websites for our clients, ensuring they are user-friendly and visually appealing
2. Collaborate with the team to brainstorm creative ideas and solutions for website enhancements
3. Conduct testing and troubleshooting to ensure websites are fully functional across different platforms and browsers
4. Stay up-to-date on industry trends and best practices to continuously improve website performance
5. Provide support in updating and maintaining existing websites with new content and features
6. Work closely with graphic designers and content creators to optimize website layout and functionality
7. Attend training sessions and workshops to expand your skills and knowledge in website development

If you are a motivated and enthusiastic individual with a passion for web development, this internship opportunity is perfect for you! Apply now and take the first step towards a rewarding tech career.. Effective Communication , HTML&CSS , Java","website development intern web development effective communication, html&css, java Are you passionate about website development and looking to gain hands-on experience in the tech industry? Join us at DAXY PRIVATE LIMITED as a 'Website Development Intern'! 

Selected intern's day-to",unknown,internship,no experience required,"₹ 5,000 /month",https://internshala.com/internship/detail/website-development-internship-in-mumbai-at-daxy-private-limited1711621203,internshala
83,business analytics assistant (baa) intern (part time/remote),Ozibook Tech Solutions Private Limited,business analytics,business analytics,"Selected intern's day-to-day responsibilities include:

1. Watching assigned meeting recordings and making comprehensible Meeting Minutes out of it
2. Scraping the discord chats: this involves collecting the information mentioned by leaders and the founder on the discord chats and presenting it in a well-structured manner on notion pages
3. Assembling the content under the headings of the templates on task overview in Notion
4. Utilizing ChatGPT to refine the content and make it more presentable
5. Creating the working documents for the teams
6. Adding Hyperlinks and working on the aesthetics of the content
7. Refining the notion pages as the task starts to finish
8. Assisting the leaders in keeping the notion pages up to date
9. Giving feedback to the teams and stepping into leadership positions when the time comes
10. Creating the files needed for the teams to work
11. Ensuring work as a team and give your best to meet the daily average and weekly requirements set by the account manager. All work and communication must be documented and your daily progress must be strictly updated by the end of the day
12. Identifying areas for process improvement and making recommendations to the leadership team
13. Working on additional responsibilities based on Business requirements

NOTE: We will NEVER call you and ask you for money to register for this internship. If you receive any calls like this, please understand it's a SCAM, and don't be a victim of it.. Certificate ,  Letter of recommendation ,  Flexible work hours","business analytics assistant (baa) intern (part time/remote) business analytics business analytics Selected intern's day-to-day responsibilities include:

1. Watching assigned meeting recordings and making comprehensible Meeting Minutes out of it
2. Scraping the discord chats: this involves collect",unknown,internship,no experience required,"₹ 1,000 /month",https://internshala.com/internship/detail/work-from-home-part-time-business-analytics-assistant-baa-internship-at-ozibook-tech-solutions-private-limited1711620753,internshala
84,flutter development intern,Syflex Technosolution Private Limited,mobile development,"dart, flutter, rest api","Selected intern's day-to-day responsibilities include: 

1. Work with design and API implementation 
2. Discuss the project with the client and understand. Dart , Flutter , REST API","flutter development intern mobile development dart, flutter, rest api Selected intern's day-to-day responsibilities include: 

1. Work with design and API implementation 
2. Discuss the project with the client and understand. Dart , Flutter , REST API",unknown,internship,no experience required,"₹ 4,000 /month +  Incentives",https://internshala.com/internship/detail/flutter-development-internship-in-bhubaneswar-at-syflex-technosolution-private-limited1711619191,internshala
85,backend development intern (remote),Visanka Technologies,web development,"php, json, rest api, mysql, dart, apis","We are seeking a talented backend development intern to join our team at Visanka Technologies! If you have a strong understanding of PHP, REST APIs, MySQL, APIs, JSON, and Dart, this is the perfect opportunity for you to gain hands-on experience and contribute to exciting projects.

Selected intern's day-to-day responsibilities include:

1. Collaborate with the development team to design and implement backend solutions
2. Create and maintain RESTful APIs to support frontend functionalities
3. Work with databases to store and retrieve data efficiently using MySQL
4. Integrate third-party APIs to enhance the functionality of our products
5. Develop efficient and scalable code to improve overall system performance
6. Assist in troubleshooting and debugging backend issues as they arise
7. Stay up-to-date on industry trends and best practices to continuously improve our backend development processes

If you are passionate about backend development and eager to learn and grow in a fast-paced environment, apply now to join our dynamic team at Visanka Technologies!. APIs , Dart , JSON , MySQL , PHP , REST API","backend development intern (remote) web development php, json, rest api, mysql, dart, apis We are seeking a talented backend development intern to join our team at Visanka Technologies! If you have a strong understanding of PHP, REST APIs, MySQL, APIs, JSON, and Dart, this is the perfect op",unknown,internship,no experience required,"₹ 2,000 /month +  Incentives",https://internshala.com/internship/detail/work-from-home-backend-development-internship-at-visanka-technologies1711619006,internshala
86,wordpress development intern (remote),Digital MarCom,web development,"php, wordpress, html, javascript, css","Are you a WordPress whiz with a passion for digital marketing? We're looking for a talented 'WordPress Development intern' to join our team at our fast-paced Digital MarCom company. 

Selected intern's day-to-day responsibilities include:  

1. Collaborate with our team to design and develop custom WordPress websites
2. Use your expertise in PHP, HTML, JavaScript, and CSS to create engaging and responsive web experiences
3. Optimize website performance and ensure smooth functionality
4. Assist in troubleshooting and debugging website issues
5. Stay up-to-date on the latest trends and technologies in WordPress development
6. Work closely with our digital marketing team to implement SEO strategies and enhance user experience
7. Contribute creative ideas and solutions to enhance our clients' online presence

If you're ready to gain valuable hands-on experience and take your WordPress skills to the next level, apply now to join our dynamic team!. CSS , HTML , JavaScript , PHP , WordPress","wordpress development intern (remote) web development php, wordpress, html, javascript, css Are you a WordPress whiz with a passion for digital marketing? We're looking for a talented 'WordPress Development intern' to join our team at our fast-paced Digital MarCom company. 

Selected intern'",unknown,internship,no experience required,"₹ 2,500-5,000 /month",https://internshala.com/internship/detail/work-from-home-wordpress-development-internship-at-digital-marcom1711615236,internshala
87,backend development intern,One Root,web development,"next.js, node.js, postgresql","We are searching for a skilled and enthusiastic backend development intern to join our team at One Root. If you're passionate about Node.js, SQL, React, React Native, and JavaScript, then this opportunity is for you! As an intern, you will dive into real-world projects and collaborate with our experienced developers. 

Selected intern's day-to-day responsibilities include:

1. Assist in developing and maintaining backend systems using Node.js and SQL
2. Work closely with the team to design and implement APIs for seamless integration
3. Collaborate with frontend developers to ensure smooth communication between front and backend systems
4. Participate in code reviews to ensure high-quality code and adherence to best practices
5. Contribute to the development of user-friendly web and mobile applications using React and React Native
6. Troubleshoot and debug backend issues to ensure optimal performance and reliability
7. Stay updated with the latest technologies and industry trends to bring innovative solutions to the table

Join us and gain hands-on experience while making a meaningful impact on our projects. We offer a collaborative and supportive work environment where you can grow your skills and kickstart your career in backend development. Apply now and unleash your potential with One Root!

Food and accommodation will be provided by the company along with the stipend.. Next.js , Node.js , PostgreSQL","backend development intern web development next.js, node.js, postgresql We are searching for a skilled and enthusiastic backend development intern to join our team at One Root. If you're passionate about Node.js, SQL, React, React Native, and JavaScript, then this opportu",unknown,internship,no experience required,"₹ 10,000 /month",https://internshala.com/internship/detail/backend-development-internship-in-bangalore-at-one-root1711614359,internshala
88,web development intern (remote),Simplify Solutions,software engineering,"php, wordpress, html, javascript, reactjs, bootstrap, mysql, css","Selected intern's day-to-day responsibilities include: 

1. Train the interns
2. Meet clients and convince them to take our services
3. Work on making WordPress sites
4. Assist in digital marketing activities. Bootstrap , CSS , HTML , JavaScript , MySQL , PHP , ReactJS , WordPress","web development intern (remote) software engineering php, wordpress, html, javascript, reactjs, bootstrap, mysql, css Selected intern's day-to-day responsibilities include: 

1. Train the interns
2. Meet clients and convince them to take our services
3. Work on making WordPress sites
4. Assist in digital marketing ac",unknown,internship,no experience required,"₹ 5,000 /month",https://internshala.com/internship/detail/work-from-home-web-development-internship-at-simplify-solutions1711613065,internshala
89,web development intern (remote),DueToHQ,software engineering,software engineering,"Selected intern's day-to-day responsibilities include: 

Collaborate with cross-functional teams to understand project requirements and objectives.

Assist in designing, developing, and implementing web-based applications using modern web technologies.

Participate in the full software development lifecycle, including coding, testing, debugging, and documentation.

Work closely with senior developers to troubleshoot issues and optimize application performance.

Contribute to enhancing user experience through intuitive and responsive web design.

Stay updated on emerging web development trends and technologies to continuously improve skills and knowledge.. Certificate ,  Letter of recommendation ,  Flexible work hours ,  5 days a week","web development intern (remote) software engineering software engineering Selected intern's day-to-day responsibilities include: 

Collaborate with cross-functional teams to understand project requirements and objectives.

Assist in designing, developing, and implementing w",unknown,internship,no experience required,"₹ 5,500 /month",https://internshala.com/internship/detail/work-from-home-web-development-internship-at-duetohq1711612885,internshala
90,python development intern (remote),Venden Inc.,software engineering,python,"Are you a Python enthusiast looking to kickstart your career in software development? Look no further! Venden Inc. is seeking a talented Python Development intern to join our dynamic team. As an intern, you will have the opportunity to work on cutting-edge projects, collaborate with experienced developers, and gain hands-on experience in a fast-paced tech environment.

Key Responsibilities:
1. Assist in developing and maintaining Python-based applications and software solutions.
2. Collaborate with cross-functional teams to design, implement, and test new features.
3. Contribute to the optimization and enhancement of existing codebase.
4. Participate in code reviews and provide feedback for continuous improvement.
5. Research and implement best practices in Python development techniques.
6. Troubleshoot and debug issues to ensure smooth operation of applications.
7. Stay updated on the latest trends and advancements in Python programming to contribute innovative ideas to the team.

If you are passionate about Python development and eager to learn and grow in a supportive and challenging environment, apply now to become a valuable member of the Venden Inc. team!. Python",python development intern (remote) software engineering python Are you a Python enthusiast looking to kickstart your career in software development? Look no further! Venden Inc. is seeking a talented Python Development intern to join our dynamic team. As an inter,unknown,internship,no experience required,"₹ 10,000 /month",https://internshala.com/internship/detail/work-from-home-python-development-internship-at-venden-inc1711612375,internshala
91,java development intern (remote),Venden Inc.,software engineering,java,"Are you passionate about Java development and looking to kickstart your career in a dynamic and innovative tech company? Look no further! Venden Inc. is seeking a talented Java Development intern to join our team. As an intern, you will have the opportunity to work on exciting projects, collaborate with experienced developers, and gain valuable hands-on experience in a fast-paced environment.

Key Responsibilities:
1. Assist in the design, development, and implementation of Java-based applications
2. Debug and troubleshoot issues to ensure optimal performance and functionality
3. Collaborate with cross-functional teams to enhance software development processes
4. Conduct thorough testing to identify and resolve software bugs
5. Stay updated on the latest Java trends and technologies to make informed recommendations
6. Participate in code reviews and provide constructive feedback for continuous improvement
7. Take ownership of assigned tasks and deliver high-quality solutions within deadlines

If you are a driven and enthusiastic individual with a strong foundation in Java programming, we want to hear from you! Don't miss this opportunity to gain hands-on experience and grow your skills with Venden Inc. Apply now and jumpstart your career in Java development!. Java",java development intern (remote) software engineering java Are you passionate about Java development and looking to kickstart your career in a dynamic and innovative tech company? Look no further! Venden Inc. is seeking a talented Java Development intern to j,unknown,internship,no experience required,"₹ 10,000 /month",https://internshala.com/internship/detail/work-from-home-java-development-internship-at-venden-inc1711612334,internshala
92,full stack development intern (remote),Astute Lex Servicado Private Limited,web development,"html&css, flask, rest api, python, django, java","We are looking for a motivated intern to join our team as a technical intern. This internship is open to freshmen, so no prior experience is necessary   just your talent and a desire to learn and work in a fast-paced environment.

Selected intern's day-to-day responsibilities include:

1. Collaborate with team members to develop and maintain web applications using Python, Django, and Flask
2. Participate in all phases of the software development lifecycle, from requirements gathering to deployment
3. Assist in troubleshooting and resolving issues in existing applications
4. Stay up-to-date with the latest technologies and best practices in web development

Qualifications:

1. Strong knowledge of Python programming language
2. Familiarity with Django and/or Flask web frameworks is a plus
3. Basic understanding of web development technologies such as HTML, CSS, and JavaScript
4. Ability to work independently and in a team environment
5. Excellent problem-solving and communication skills

Benefits:

1. Opportunity to work in a dynamic startup environment
2. Hands-on experience with industry-standard tools and technologies
3. Possibility of a full-time position based on performance

If you are passionate about web development and eager to kick-start your career, we would love to hear from you!. Django , Flask , HTML&CSS , Java , Python , REST API","full stack development intern (remote) web development html&css, flask, rest api, python, django, java We are looking for a motivated intern to join our team as a technical intern. This internship is open to freshmen, so no prior experience is necessary   just your talent and a desire to learn and work",unknown,internship,no experience required,"₹ 5,000 /month",https://internshala.com/internship/detail/work-from-home-full-stack-development-internship-at-astute-lex-servicado-private-limited1711608834,internshala
93,asp.net development intern,Quantasis Private Limited,software engineering,"c#, c#.net, ms sql server, .net, model view controller(mvc), asp.net","Selected intern's day-to-day responsibilities include:

1. Producing code using .NET languages (C#, VB .NET, .net core)
2. Upgrading, configuring, and debugging the existing systems
3. Providing technical support for web, desktop, or mobile applications
4. Delivering console-based server applications and web-based application

Required skills:

1. Technologies: Asp.Net MVC, .Net Core, Angular, Web API, JavaScript, jQuery, CSS, HTML, and Bootstrap
2. Programming languages: C#, javascript, and Entity Framework
3. Minimum 1-2 years experience for .Net Core or ASP.net, C# with MVC. .NET , ASP.NET , C# , C#.NET , Model View Controller(MVC) , MS SQL Server","asp.net development intern software engineering c#, c#.net, ms sql server, .net, model view controller(mvc), asp.net Selected intern's day-to-day responsibilities include:

1. Producing code using .NET languages (C#, VB .NET, .net core)
2. Upgrading, configuring, and debugging the existing systems
3. Providing techn",unknown,internship,no experience required,"₹ 8,000-12,000 /month",https://internshala.com/internship/detail/aspnet-development-internship-in-mumbai-at-quantasis-private-limited1711607447,internshala
94,artificial intelligence (ai) intern (remote),4heals,artificial intelligence,"data science, reactjs, python","Selected intern's day-to-day responsibilities include working on advanced conversational AI/ML/large language based models related to health with good prompt engineering.. Data Science , Python , ReactJS","artificial intelligence (ai) intern (remote) artificial intelligence data science, reactjs, python Selected intern's day-to-day responsibilities include working on advanced conversational AI/ML/large language based models related to health with good prompt engineering.. Data Science , Python , Reac",unknown,internship,no experience required,"₹ 5,000-10,000 lump sum",https://internshala.com/internship/detail/work-from-home-artificial-intelligence-ai-internship-at-4heals1711607321,internshala
95,"backend developer - python, django rest framework, ms azure, ai, prompt engineering intern (remote)",AdvantF Group Co,devops cloud,"amazon web server (aws), data structures, python","We are looking for a dynamic Backend development intern to join our team at AdvantF Group Co. If you have a solid understanding of the Django Rest Framework,  Python, AWS, and Microsoft Azure, then this is the perfect opportunity for you to gain hands-on experience in the field. 

Selected intern's day-to-day responsibilities include:

1. Collaborating with the development team to design and implement backend solutions using the Django Rest framework
2. Working on developing APIs using Django Rest Framework (DRF) for seamless integration with front-end applications
3. Utilizing Python programming skills to build efficient and scalable backend systems
4. Managing and optimizing databases for performance and reliability
5. Deploying and maintaining applications on Amazon Web Services (AWS) or Microsoft Azure platforms
6. Conducting thorough testing and debugging to ensure high quality and functionality of backend systems
7. Staying updated on industry trends and best practices to improve and innovate our backend development processes continually

If you are passionate about backend development and eager to learn and grow in a fast-paced environment, apply now to join our talented team at AdvantF Group Co.. Amazon Web Server (AWS) , Data Structures , Python","backend developer - python, django rest framework, ms azure, ai, prompt engineering intern (remote) devops cloud amazon web server (aws), data structures, python We are looking for a dynamic Backend development intern to join our team at AdvantF Group Co. If you have a solid understanding of the Django Rest Framework,  Python, AWS, and Microsoft Azure, then th",unknown,internship,no experience required,"₹ 10,000 /month",https://internshala.com/internship/detail/work-from-home-backend-developer-python-django-rest-framework-ms-azure-ai-prompt-engineering-internship-at-advantf-group-co1711605054,internshala
96,web development intern,Donation Box,software engineering,"html, mysql, wordpress, css","Selected intern's day-to-day responsibilities include: 

1. Designing and developing the organization's website using modern technologies and frameworks.
2. Collaborating with stakeholders to understand requirements and translate them into functional and visually appealing web solutions.
3. Implementing responsive design principles to ensure the website is accessible and optimized across various devices and screen sizes.
4. Integrating payment gateways and donation platforms for seamless online transactions.
5. Optimizing website performance, speed, and security.
6. Creating and updating website content, including text, images, and multimedia elements.
7. Conducting website testing and troubleshooting to identify and resolve issues promptly.
8. Implementing SEO best practices to improve website visibility and search engine rankings.
9. Monitoring website analytics and generating reports to track key metrics and user engagement.
10. Staying updated with the latest web development trends, technologies, and best practices to enhance the organization's online presence. CSS , HTML , MySQL , WordPress","web development intern software engineering html, mysql, wordpress, css Selected intern's day-to-day responsibilities include: 

1. Designing and developing the organization's website using modern technologies and frameworks.
2. Collaborating with stakeholders to understa",unknown,internship,no experience required,"₹ 3,000-6,000 /month",https://internshala.com/internship/detail/web-development-internship-in-delhi-at-donation-box1711604842,internshala
97,artificial intelligence (ai) intern (remote),Codezero2pi Solution (OPC) Private Limited,artificial intelligence,"data science, neural networks, data structures, python, machine learning, deep learning, natural language processing (nlp)","Selected intern's day-to-day responsibilities include: 

1. Collaborate with the AI/ML team to design, develop, and optimize transformer-based models and other deep learning architectures.
2. Conduct experiments, evaluate model performance, and analyze results using appropriate evaluation metrics.
3. Conducting literature reviews and staying up to date with the latest machine learning techniques and technologies
4. Participating in the training and testing of machine learning models. 
5. Assisting with the deployment of machine learning models to production.  
6. Assisting with the deployment of machine learning models to production.  
7. Assist in the development and implementation of NLP applications in various projects.  
8.  Continuously learn and stay updated with the latest trends and advancements in the field of AI/ML, NLP, and Computer vision. Data Science , Data Structures , Deep Learning , Machine Learning , Natural Language Processing (NLP) , Neural Networks , Python","artificial intelligence (ai) intern (remote) artificial intelligence data science, neural networks, data structures, python, machine learning, deep learning, natural language processing (nlp) Selected intern's day-to-day responsibilities include: 

1. Collaborate with the AI/ML team to design, develop, and optimize transformer-based models and other deep learning architectures.
2. Conduct ",unknown,internship,no experience required,"₹ 7,000-15,000 /month",https://internshala.com/internship/detail/work-from-home-artificial-intelligence-ai-internship-at-codezero2pi-solution-opc-private-limited1711599157,internshala
98,software development intern,IPexcel Services Private Limited,software engineering,"html, javascript, python, machine learning, node.js, c++ programming, java, natural language processing (nlp)","Selected intern's day-to-day responsibilities include: 

- Design and develop robust, scalable SaaS applications incorporating Generative AI, NLP, and other new technologies.
- Lead the integration of machine learning models into software products, ensuring high performance and scalability.
- Collaborate with data scientists and AI researchers to translate cutting-edge research into practical, impactful software features.
- Implement APIs and services for efficient data ingestion, processing, and retrieval necessary for AI-driven applications.
- Ensure the security, privacy, and ethical use of AI and data within our products.
- Stay updated on the latest development in AI, machine learning, and software engineering, incorporating these advancements into our products.
- Write clean, maintainable code and contribute to the team's best practices and continuous improvement efforts.

Technology Requirements:

- Strong programming skills in Python and experience with AI/ML libraries (e.g., TensorFlow, PyTorch).
- Proven experience in developing and deploying NLP solutions, and understanding of NLP techniques and frameworks.
- Familiarity with generative AI technologies and their applications in software products.
- Experience with cloud computing platforms (AWS, Azure, GCP) and understanding of scalable cloud architectures.
- Knowledge of containerization (Docker, Kubernetes) and microservices architecture.
- Experience with CI/CD pipelines, version control (Git), and DevOps tools.
- Proficiency in database technologies (SQL and NoSQL) and data modeling.
- Understanding of RESTful APIs and experience with web services development.. C++ Programming , HTML , Java , JavaScript , Machine Learning , Natural Language Processing (NLP) , Node.js , Python","software development intern software engineering html, javascript, python, machine learning, node.js, c++ programming, java, natural language processing (nlp) Selected intern's day-to-day responsibilities include: 

- Design and develop robust, scalable SaaS applications incorporating Generative AI, NLP, and other new technologies.
- Lead the integration of",unknown,internship,no experience required,"₹ 20,000-25,000 /month",https://internshala.com/internship/detail/software-development-internship-in-bangalore-at-ipexcel-services-private-limited1711599123,internshala
99,wordpress development intern (remote),Brihat Infotech Private Limited,web development,"php, wordpress","Join our team as a WordPress Development intern at Brihat Infotech Private Limited! If you have a passion for web development and a strong foundation in WordPress, HTML, CSS, PHP, JavaScript, and Search Engine Optimization (SEO), this is the perfect opportunity to gain hands-on experience and take your skills to the next level.

Selected intern's day-to-day responsibilities include:

1. Collaborate with the development team to create and maintain WordPress websites, ensuring efficient and high-quality code
2. Implement custom themes and templates using HTML, CSS, and JavaScript to deliver visually stunning and user-friendly designs
3. Optimize websites for better search engine rankings through effective SEO techniques and strategies
4. Troubleshoot and debug WordPress websites, identifying and resolving any issues or bugs to ensure seamless functionality
5. Assist in website testing, making improvements and enhancements based on user feedback and analytics
6. Stay up-to-date with the latest industry trends and advancements in WordPress and web development, incorporating new features and technologies into projects
7. Contribute to the planning and execution of website migration and updates, ensuring a smooth transition and minimal downtime

If you are eager to broaden your skills, work in a dynamic and innovative environment, and make a meaningful impact, apply now and embark on an exciting journey with us at Brihat Infotech Private Limited!. PHP , WordPress","wordpress development intern (remote) web development php, wordpress Join our team as a WordPress Development intern at Brihat Infotech Private Limited! If you have a passion for web development and a strong foundation in WordPress, HTML, CSS, PHP, JavaScript, and Sear",unknown,internship,no experience required,"₹ 5,000 /month",https://internshala.com/internship/detail/work-from-home-wordpress-development-internship-at-brihat-infotech-private-limited1711598665,internshala
100,backend development intern (remote),EG Allied Private Limited,web development,web development,"Selected intern's day-to-day responsibilities include:

1. Working on development in Java & web technologies
2. Working on web development using Spring frameworks (Spring boot, Spring MVC, Batch, etc.)
3. Building REST (API ) web services
4. Working on the execution of SQL databases
5. Understanding object-oriented programming concepts, design patterns
6. Knowledge about Microservices
7. Doing troubleshooting and problem solving. Certificate","backend development intern (remote) web development web development Selected intern's day-to-day responsibilities include:

1. Working on development in Java & web technologies
2. Working on web development using Spring frameworks (Spring boot, Spring MVC, Batch, etc.",unknown,internship,no experience required,"₹ 2,000 /month",https://internshala.com/internship/detail/work-from-home-backend-development-internship-at-eg-allied-private-limited1711596167,internshala
101,flutter development intern (remote),Go Eleventh Mile Technologies Private Limited,mobile development,"cloud firestore, flutter, firebase cloud messaging, rest api, data structures, android, dart, firebase, ios","Overview:
Seeking a skilled Flutter Developer with Firebase, Location Services, and State Management expertise. Join our team to contribute significantly to top-notch mobile app development, ensuring seamless integration and scalable solutions.

Responsibilities:
- Develop and maintain Flutter apps, emphasizing Firebase for authentication, databases, cloud messaging, and analytics.
- Implement secure Razorpay payment solutions in Flutter apps.
- Collaborate on Firebase Cloud Functions integration for real-time updates and serverless computing.
- Stay updated on Flutter and Firebase SDKs, tools, and best practices.
- Proficient in location services and the Google Maps API.
- Create and maintain Firebase-related technical documentation.
- Emphasize clean architecture and SOLID principles, using GetX/Provider for state management.
- Optimize app performance for seamless cross-device functionality.

Requirements:
- 2 years' experience in Flutter, Firebase, and Razorpay integration.
- Strong Dart programming, Flutter framework, and mobile app development knowledge.
- Implement Firebase features like authentication, Firestore, Cloud Functions, Cloud Messaging, and Analytics.
- Proficient in integrating Razorpay and third-party APIs securely.
- Familiarity with Git, agile methodologies, and the latest SDKs.
- Excellent problem-solving and collaborative skills.
- Strong communication for cross-functional team interaction.

Preferred Qualifications:
- Experience with CI/CD pipelines for automated app deployment.
- Knowledge of mobile frameworks/languages (Swift, Kotlin, Java).
- Familiarity with additional Firebase services (storage, hosting, etc.).

Application Process:
Are you excited about this opportunity? Apply with a detailed cover letter.. Android , Cloud Firestore , Dart , Data Structures , Firebase , Firebase Cloud Messaging , Flutter , iOS , REST API","flutter development intern (remote) mobile development cloud firestore, flutter, firebase cloud messaging, rest api, data structures, android, dart, firebase, ios Overview:
Seeking a skilled Flutter Developer with Firebase, Location Services, and State Management expertise. Join our team to contribute significantly to top-notch mobile app development, ensuring ",unknown,internship,no experience required,"₹ 10,000 /month",https://internshala.com/internship/detail/work-from-home-flutter-development-internship-at-go-eleventh-mile-technologies-private-limited1711558182,internshala
102,wordpress development intern (part time/remote),Triluxo Technologies Private Limited,web development,"php, wordpress, search engine optimization (seo), html, javascript, css","Triluxo Technologies Private Limited is seeking a passionate and driven WordPress Development intern to join our dynamic team! If you possess a strong knowledge of WordPress, HTML, CSS, PHP, JavaScript, and Search Engine Optimization (SEO), then this internship is perfect for you. Get ready to embark on an exciting journey with us!

Selected interns day-to-day responsibilities include:

1. Develop and maintain WordPress websites, themes, and plugins using PHP, MySQL, and other relevant technologies
2. Collaborate with designers and content creators to ensure seamless integration of design and functionality
3. Optimize website performance including page load speed, mobile responsiveness, and overall user experience
4. Troubleshoot and debug issues, ensuring timely resolution and minimal downtime for our clients
5. Stay up to date with the latest WordPress trends, best practices, and security standards
6. Customize existing themes and plugins to meet client requirements, while adhering to coding standards and guidelines
7. Provide technical support and guidance to clients, offering solutions and recommendations for improvement

Join Triluxo Technologies Private Limited and gain invaluable hands-on experience in WordPress development, while working on exciting projects and expanding your skillset. Take this opportunity to kick-start your career in the ever-evolving world of web development!. CSS , HTML , JavaScript , PHP , Search Engine Optimization (SEO) , WordPress","wordpress development intern (part time/remote) web development php, wordpress, search engine optimization (seo), html, javascript, css Triluxo Technologies Private Limited is seeking a passionate and driven WordPress Development intern to join our dynamic team! If you possess a strong knowledge of WordPress, HTML, CSS, PHP, JavaScrip",unknown,internship,no experience required,"₹ 1,000-4,000 /month",https://internshala.com/internship/detail/work-from-home-part-time-wordpress-development-internship-at-triluxo-technologies-private-limited1711564449,internshala
103,web development intern (part time/remote),Jivichem Synthesis Private Limited,software engineering,"php, wordpress, html, javascript, reactjs, bootstrap, jquery, node.js, mysql, css","Selected intern's day-to-day responsibilities include: 

1. Development and maintenance of JiviChem Site
2. Take care of the content, to be written properly
3. Take care of server. Bootstrap , CSS , HTML , JavaScript , jQuery , MySQL , Node.js , PHP , ReactJS , WordPress","web development intern (part time/remote) software engineering php, wordpress, html, javascript, reactjs, bootstrap, jquery, node.js, mysql, css Selected intern's day-to-day responsibilities include: 

1. Development and maintenance of JiviChem Site
2. Take care of the content, to be written properly
3. Take care of server. Bootstrap , CSS , H",unknown,internship,no experience required,"₹ 8,000 /month",https://internshala.com/internship/detail/work-from-home-part-time-web-development-internship-at-jivichem-synthesis-private-limited1711554391,internshala
104,machine learning intern (part time/remote),Jivichem Synthesis Private Limited,machine learning,"data science, python, machine learning, data analytics, deep learning, natural language processing (nlp), r programming","Selected intern's day-to-day responsibilities include working on deep learning methods.

Requirements:

1.  Must be a good team player
2. Must be able to apply state-of-the-art models for research in the Biomedical field. Data Analytics , Data Science , Deep Learning , Machine Learning , Natural Language Processing (NLP) , Python , R Programming","machine learning intern (part time/remote) machine learning data science, python, machine learning, data analytics, deep learning, natural language processing (nlp), r programming Selected intern's day-to-day responsibilities include working on deep learning methods.

Requirements:

1.  Must be a good team player
2. Must be able to apply state-of-the-art models for research in ",unknown,internship,no experience required,"₹ 22,000 /month",https://internshala.com/internship/detail/work-from-home-part-time-machine-learning-internship-at-jivichem-synthesis-private-limited1711554376,internshala
105,web development intern,Ranogic IT Solutions,software engineering,"php, wordpress, html, javascript, bootstrap, jquery, mysql, css","Selected intern's day-to-day responsibilities include: 

1. Build front-end designs using Bootstrap  
2. Build efficient, testable, and reusable PHP modules
3. Create and maintain technical documentation. Bootstrap , CSS , HTML , JavaScript , jQuery , MySQL , PHP , WordPress","web development intern software engineering php, wordpress, html, javascript, bootstrap, jquery, mysql, css Selected intern's day-to-day responsibilities include: 

1. Build front-end designs using Bootstrap  
2. Build efficient, testable, and reusable PHP modules
3. Create and maintain technical documentat",unknown,internship,no experience required,"₹ 4,000-8,000 /month",https://internshala.com/internship/detail/web-development-internship-in-ahmedabad-at-ranogic-it-solutions1711544094,internshala
106,artificial intelligence (ai) intern,Secnic Consultancy Services Private Limited,artificial intelligence,"data science, artificial intelligence, natural language processing (nlp), neural networks, data structures, python, machine learning, deep learning","We are seeking an enthusiastic and talented Artificial Intelligence (AI) intern to join our dynamic team at Secnic Consultancy Services Private Limited. If you have a strong background in Python, Natural Language Processing (NLP), Neural Networks, Machine Learning, Artificial intelligence, Deep Learning, Data Structures, and Data Science, this is the perfect opportunity for you to gain hands-on experience in a fast-paced environment.

Key Responsibilities:
1. Develop and implement AI algorithms for various projects.
2. Collaborate with team members to analyze and interpret data for AI solutions.
3. Assist in the optimization of neural networks and machine learning models.
4. Contribute to the design and development of AI-powered applications.
5. Conduct research on the latest trends and advancements in AI technology.
6. Participate in brainstorming sessions to solve complex problems using AI techniques.
7. Present findings and recommendations to senior team members and clients. 

If you are passionate about AI and eager to learn and grow in a supportive environment, apply now to be part of our innovative team!. Artificial Intelligence , Data Science , Data Structures , Deep Learning , Machine Learning , Natural Language Processing (NLP) , Neural Networks , Python","artificial intelligence (ai) intern artificial intelligence data science, artificial intelligence, natural language processing (nlp), neural networks, data structures, python, machine learning, deep learning We are seeking an enthusiastic and talented Artificial Intelligence (AI) intern to join our dynamic team at Secnic Consultancy Services Private Limited. If you have a strong background in Python, Natu",unknown,internship,no experience required,"₹ 3,000 /month",https://internshala.com/internship/detail/artificial-intelligence-ai-internship-in-agra-at-secnic-consultancy-services-private-limited1711549396,internshala
107,web development intern,Dolphin Ad World Private Limited,software engineering,"html, wordpress","Selected intern's day-to-day responsibilities include: 

1. Work on website handling 
2. Work on website update 
3. Work on website traffic strategies
4. Should understand Shopify well. HTML , WordPress","web development intern software engineering html, wordpress Selected intern's day-to-day responsibilities include: 

1. Work on website handling 
2. Work on website update 
3. Work on website traffic strategies
4. Should understand Shopify well. HTML , WordPre",unknown,internship,no experience required,"₹ 10,000 /month",https://internshala.com/internship/detail/web-development-internship-in-mumbai-at-dolphin-ad-world-private-limited1711541490,internshala
108,information technology intern,ClearTax,general,free snacks & beverages,"Selected intern's day-to-day responsibilities include: 

1. Maintain an accurate inventory of all IT assets, including hardware, software, and related equipment
2. Manage an IT asset tracking system to ensure assets are accurately tracked throughout their lifecycle
3. Coordinate with IT and procurement departments to ensure all purchased assets are properly recorded and inventoried
4. Perform regular audits of IT assets to ensure accuracy and compliance with licensing agreements and company policies
5. Assist in the development and enforcement of policies and procedures for IT asset management
6. Provide reports and analysis on asset utilization, lifecycle status, and compliance issues
7. Assist in the forecasting and budgeting process for IT asset procurement and upgrades
8. Coordinate the disposal of obsolete or decommissioned assets in accordance with company policies and environmental regulations
9. Serve as the point of contact for vendors and suppliers regarding asset purchases, warranties, and service agreements. Certificate ,  Flexible work hours ,  Informal dress code ,  Free snacks & beverages","information technology intern general free snacks & beverages Selected intern's day-to-day responsibilities include: 

1. Maintain an accurate inventory of all IT assets, including hardware, software, and related equipment
2. Manage an IT asset tracking system t",unknown,internship,no experience required,"₹ 15,000 /month",https://internshala.com/internship/detail/information-technology-internship-in-bangalore-at-cleartax1711540215,internshala
109,database management intern,Talent Corner HR Services,database,"data analysis, database testing","Are you a tech-savvy individual with a passion for data management? Are you looking to gain hands-on experience in a dynamic and fast-paced work environment? Look no further, because Talent Corner HR Services is seeking a talented Database Management Intern to join our team!

Selected intern's day-to-day responsibilities include:

1. Assist in maintaining and updating databases to ensure accuracy and efficiency
2. Help in organizing and storing data in a secure and accessible manner
3. Support in troubleshooting database related issues and providing solutions
4. Collaborate with team members to analyze data and generate insightful reports
5. Assist in data migration and integration projects as needed
6. Participate in database design and development initiatives
7. Stay up-to-date on the latest database management trends and technologies

If you are a detail-oriented and proactive individual who is eager to learn and grow in the field of database management, then we want to hear from you! Apply now and kickstart your career with Talent Corner HR Services.. Data Analysis , Database Testing","database management intern database data analysis, database testing Are you a tech-savvy individual with a passion for data management? Are you looking to gain hands-on experience in a dynamic and fast-paced work environment? Look no further, because Talent Corner HR ",unknown,internship,no experience required,"₹ 15,000 lump sum",https://internshala.com/internship/detail/database-management-internship-in-mumbai-at-talent-corner-hr-services1711539971,internshala
110,full stack development intern (remote),DatStek,web development,"next.js, postgresql, react, python, bootstrap, typescript, fastapi","Selected intern's day-to-day responsibilities include:

1. Develop and implement front-end web applications using React and Next.js.
2. Utilize Bootstrap to design responsive and visually appealing user interfaces.
3. Work on backend development using FastAPI, creating robust and scalable APIs.
4. Manage, design, and interact with databases using PostgreSQL.
5. Work on integrating the front-end and back-end aspects of the web application, ensuring smooth operation and consistency.. Bootstrap , FastAPI , Next.js , PostgreSQL , Python , React , TypeScript","full stack development intern (remote) web development next.js, postgresql, react, python, bootstrap, typescript, fastapi Selected intern's day-to-day responsibilities include:

1. Develop and implement front-end web applications using React and Next.js.
2. Utilize Bootstrap to design responsive and visually appealing us",unknown,internship,no experience required,"₹ 11,000 /month",https://internshala.com/internship/detail/work-from-home-full-stack-development-internship-at-datstek1711532561,internshala
111,web development intern,Talent Corner HR Services,software engineering,amazon web server (aws),"Selected intern's day-to-day responsibilities include: 

1. Build a company web site on Google platform
2. Write content 
3. Create template for company business activity
4. Create link on website. Amazon Web Server (AWS)","web development intern software engineering amazon web server (aws) Selected intern's day-to-day responsibilities include: 

1. Build a company web site on Google platform
2. Write content 
3. Create template for company business activity
4. Create link on website. Am",unknown,internship,no experience required,"₹ 15,000 lump sum",https://internshala.com/internship/detail/web-development-internship-in-mumbai-at-talent-corner-hr-services1711538714,internshala
112,data analyst intern intern,Talent Corner HR Services,data analytics,"data analytics, data analysis","Are you passionate about data analysis and eager to gain hands-on experience in a fast-paced HR services company? Talent Corner HR Services is seeking a Data Analyst Intern to join our dynamic team. As an intern, you will have the opportunity to work closely with experienced data analysts and gain valuable skills in data interpretation and visualization. 

Selected intern's day-to-day responsibilities include:

1. Collect and analyze data from various sources to identify trends and patterns
2. Assist in creating reports and dashboards to present findings to stakeholders
3. Support the development of data-driven strategies to optimize HR processes
4. Collaborate with team members to improve data quality and integrity
5. Utilize statistical tools and techniques to interpret data accurately
6. Stay updated on industry trends and best practices in data analysis
7. Contribute to project management and deliver results within set timelines 

If you are a detail-oriented and analytical individual looking to kickstart your career in data analysis, apply now to become a part of our team at Talent Corner HR Services!. Data Analysis , Data Analytics","data analyst intern intern data analytics data analytics, data analysis Are you passionate about data analysis and eager to gain hands-on experience in a fast-paced HR services company? Talent Corner HR Services is seeking a Data Analyst Intern to join our dynamic team. A",unknown,internship,no experience required,"₹ 15,000 lump sum",https://internshala.com/internship/detail/data-analyst-intern-internship-in-mumbai-at-talent-corner-hr-services1711538384,internshala
113,data science intern (part time/remote),MentorBoxx,data analytics,"data analytics, data science, sql, python","Selected intern's day-to-day responsibilities include:

1. Designing, developing, and debugging web applications using Python and MySQL
2. Integrating back-end services with Python/MySQL-based front-end requirements
3. Collaborating with the team to manage, optimize, and customize multiple web applications
4. Creating and maintaining technical documentation for developed applications. Data Analytics , Data Science , Python , SQL","data science intern (part time/remote) data analytics data analytics, data science, sql, python Selected intern's day-to-day responsibilities include:

1. Designing, developing, and debugging web applications using Python and MySQL
2. Integrating back-end services with Python/MySQL-based front-e",unknown,internship,no experience required,"₹ 18,000 /month",https://internshala.com/internship/detail/work-from-home-part-time-data-science-internship-at-mentorboxx1711537659,internshala
114,business analytics intern (part time),MentorBoxx,business analytics,"ms-office, english proficiency (spoken), data analytics, english proficiency (written), ms-excel","Selected intern's day-to-day responsibilities include:

1. Analyze business data to identify trends and opportunities
2. Develop and implement strategies to improve business performance
3. Create reports and dashboards to communicate insights to stakeholders
4. Collaborate with cross-functional teams to gather and analyze data
5. Use statistical methods to conduct in-depth analysis of business data
6. Provide recommendations based on data-driven insights
7. Utilize tools and technologies for data visualization and analysis
8. Stay updated on industry trends and best practices in business analytics
9. Present findings and insights to management and key stakeholders
10. Contribute to the continuous improvement of data analytics processes

Requirements: Data Analytics, English, MS Office, MS Excel. Data Analytics , English Proficiency (Spoken) , English Proficiency (Written) , MS-Excel , MS-Office","business analytics intern (part time) business analytics ms-office, english proficiency (spoken), data analytics, english proficiency (written), ms-excel Selected intern's day-to-day responsibilities include:

1. Analyze business data to identify trends and opportunities
2. Develop and implement strategies to improve business performance
3. Create repo",unknown,internship,no experience required,"₹ 18,000 /month",https://internshala.com/internship/detail/part-time-business-analytics-internship-in-multiple-locations-at-mentorboxx1711537648,internshala
115,web development intern (part time),Avaari,software engineering,"php, wordpress, html, javascript, reactjs, bootstrap, jquery, node.js, mysql, css","Selected intern's day-to-day responsibilities include: 

1. Collaborating with the development team to create and maintain captivating websites and web applications
2. Assisting in the implementation of responsive web designs using HTML, CSS, and Bootstrap to ensure optimal user experience across various devices
3. Writing clean, efficient, and well-documented code in JavaScript and jQuery to enhance website interactivity and functionality
4. Utilizing PHP and MySQL to develop dynamic web pages and database-driven applications
5. Exploring and implementing modern front-end frameworks like ReactJS to develop cutting-edge web solutions
6. Assisting in the customization and management of WordPress websites, including theme development and plugin integration
7. Assisting in the deployment and maintenance of web applications using Node.js, ensuring seamless performance and scalability. Bootstrap , CSS , HTML , JavaScript , jQuery , MySQL , Node.js , PHP , ReactJS , WordPress","web development intern (part time) software engineering php, wordpress, html, javascript, reactjs, bootstrap, jquery, node.js, mysql, css Selected intern's day-to-day responsibilities include: 

1. Collaborating with the development team to create and maintain captivating websites and web applications
2. Assisting in the implementation ",unknown,internship,no experience required,"₹ 20,000 /month",https://internshala.com/internship/detail/part-time-web-development-internship-in-multiple-locations-at-avaari1711537397,internshala
116,artificial intelligence (ai) intern (part time),Avaari,artificial intelligence,"natural language processing (nlp), python, deep learning, machine learning","Selected intern's day-to-day responsibilities include: 

1. Collaborate with our team of AI experts to develop innovative algorithms and models using machine-learning techniques
2. Gain hands-on experience in data preprocessing, feature engineering, and exploratory data analysis to ensure high-quality datasets
3. Assist in building and optimizing AI models for object detection, classification, and natural language processing
4. Implement and evaluate state-of-the-art deep learning architectures for computer vision and speech recognition applications
5. Work closely with our engineering team to integrate AI capabilities into our existing products and enhance user experiences
6. Analyze and interpret large-scale datasets to extract valuable insights and drive data-driven decision-making
7. Stay up-to-date with the latest advancements in AI and contribute to research discussions and technical brainstorming sessions

Note: Join our dynamic team and contribute to the development of groundbreaking AI solutions that will shape the future of virtual reality.. Deep Learning , Machine Learning , Natural Language Processing (NLP) , Python","artificial intelligence (ai) intern (part time) artificial intelligence natural language processing (nlp), python, deep learning, machine learning Selected intern's day-to-day responsibilities include: 

1. Collaborate with our team of AI experts to develop innovative algorithms and models using machine-learning techniques
2. Gain hands-on exper",unknown,internship,no experience required,"₹ 25,000 /month",https://internshala.com/internship/detail/part-time-artificial-intelligence-ai-internship-in-multiple-locations-at-avaari1711537350,internshala
117,machine learning intern (part time),Avaari,machine learning,"data science, python, machine learning, data analytics, deep learning, natural language processing (nlp), r programming","Selected intern's day-to-day responsibilities include: 

1. Work closely with our experienced team to develop and implement cutting-edge machine-learning algorithms
2. Utilize your expertise in Python, R programming, and deep learning to build and optimize models for various AI applications
3. Dive into the world of data science and analytics to explore large datasets and derive meaningful insights
4. Collaborate with cross-functional teams to design and develop AI solutions that cater to our client's specific needs
5. Enhance your skills in natural language processing (NLP) and artificial intelligence by working on projects related to text and speech analytics
6. Conduct thorough research and stay up-to-date with the latest advancements in the field of machine learning and AI
7. Assist in the deployment and testing of machine learning models in real-world scenarios, and contribute to Avaari's goal of revolutionizing industries through AI. Data Analytics , Data Science , Deep Learning , Machine Learning , Natural Language Processing (NLP) , Python , R Programming","machine learning intern (part time) machine learning data science, python, machine learning, data analytics, deep learning, natural language processing (nlp), r programming Selected intern's day-to-day responsibilities include: 

1. Work closely with our experienced team to develop and implement cutting-edge machine-learning algorithms
2. Utilize your expertise in Python",unknown,internship,no experience required,"₹ 25,000 /month",https://internshala.com/internship/detail/part-time-machine-learning-internship-in-multiple-locations-at-avaari1711537255,internshala
118,blockchain development intern (part time),Avaari,blockchain,"hyperledger, ethereum, javascript, reactjs, python, blockchain, node.js, c++ programming, java","Selected intern's day-to-day responsibilities include: 

1. Collaborate with our development team to design and implement blockchain solutions using various technologies
2. Assist in the development, testing, and deployment of smart contracts on Ethereum and Hyperledger platforms
3. Contribute to the creation of decentralized applications (DApps) using JavaScript, Node.js, and ReactJS
4. Participate in code reviews and provide constructive feedback to enhance the overall quality of our blockchain applications
5. Research and stay up-to-date with the latest advancements in blockchain technology to ensure our solutions remain innovative
6. Troubleshoot and resolve any issues or bugs within the blockchain applications, ensuring their smooth operation
7. Document the development process including architecture, technical specifications, and user guides, to facilitate knowledge sharing within the team. Blockchain , C++ Programming , Ethereum , Hyperledger , Java , JavaScript , Node.js , Python , ReactJS","blockchain development intern (part time) blockchain hyperledger, ethereum, javascript, reactjs, python, blockchain, node.js, c++ programming, java Selected intern's day-to-day responsibilities include: 

1. Collaborate with our development team to design and implement blockchain solutions using various technologies
2. Assist in the development, ",unknown,internship,no experience required,"₹ 20,000 /month",https://internshala.com/internship/detail/part-time-blockchain-development-internship-in-multiple-locations-at-avaari1711537234,internshala
119,business apprenticeship intern,Internshala,business analytics,"effective communication, business analysis, ms-excel","We are currently seeking a dynamic and driven individual to join us as a full-time intern for the Founder's Office. If you thrive in a fast-paced startup environment, possess a ""Get Things Done"" attitude, and are passionate about making a tangible impact, then you are the perfect candidate for this role. This position offers you the opportunity to be at the forefront of innovation, working directly in the founder's office.

Selected intern's day-to-day responsibilities include:

1. Assist the founder's office in managing various ongoing projects, contributing to their successful completion
2. Provide support in strategic planning, including conducting research, analyzing data, and preparing presentations or reports
3. Facilitate communication between various stakeholders, including internal teams, external vendors, and clients
4. Attend meetings, maintain accurate documentation, and follow up on action items as needed
5. Manage communication channels such as email, CRM, and messaging platforms. Business Analysis , Effective Communication , MS-Excel","business apprenticeship intern business analytics effective communication, business analysis, ms-excel We are currently seeking a dynamic and driven individual to join us as a full-time intern for the Founder's Office. If you thrive in a fast-paced startup environment, possess a ""Get Things Done"" attit",unknown,internship,no experience required,"₹ 18,000 /month",https://internshala.com/internship/detail/business-apprenticeship-internship-in-gurgaon-at-internshala1711537041,internshala
120,flutter development intern (remote),Coding Junior,mobile development,"cloud firestore, flutter, rest api, android, dart, firebase, ios","Selected intern's day-to-day responsibilities include: 

1. Working with GetX architecture to create new features and enhance existing app performance
2. Working with integration testing to automate testing in-app
3. Creating and integrating APIs. Android , Cloud Firestore , Dart , Firebase , Flutter , iOS , REST API","flutter development intern (remote) mobile development cloud firestore, flutter, rest api, android, dart, firebase, ios Selected intern's day-to-day responsibilities include: 

1. Working with GetX architecture to create new features and enhance existing app performance
2. Working with integration testing to automate t",unknown,internship,no experience required,"₹ 15,000 /month",https://internshala.com/internship/detail/work-from-home-flutter-development-internship-at-coding-junior1711536791,internshala
121,php development intern (remote),Coding Junior,software engineering,"php, codeigniter, figma, html, rest api, javascript, bootstrap, jquery, node.js, mysql, laravel, css","Selected intern's day-to-day responsibilities include: 

1. Constructing backend database structures
2. Working on both the backend and the frontend of a website
3. Developing APIs for the mobile application for the same. Bootstrap , CodeIgniter , CSS , Figma , HTML , JavaScript , jQuery , LARAVEL , MySQL , Node.js , PHP , REST API","php development intern (remote) software engineering php, codeigniter, figma, html, rest api, javascript, bootstrap, jquery, node.js, mysql, laravel, css Selected intern's day-to-day responsibilities include: 

1. Constructing backend database structures
2. Working on both the backend and the frontend of a website
3. Developing APIs for the mobile appl",unknown,internship,no experience required,"₹ 15,000 /month",https://internshala.com/internship/detail/work-from-home-php-development-internship-at-coding-junior1711536393,internshala
122,mobile app developer - flutterflow intern (part time/remote),Nimetler Technologies Private Limited,mobile development,mobile development,"Selected intern's day-to-day responsibilities include: 

1. Designing the app based on the specification provided
2. Developing FlutterFlow
3. Prompt reporting of the status of the project. Certificate ,  Letter of recommendation ,  Flexible work hours ,  5 days a week","mobile app developer - flutterflow intern (part time/remote) mobile development mobile development Selected intern's day-to-day responsibilities include: 

1. Designing the app based on the specification provided
2. Developing FlutterFlow
3. Prompt reporting of the status of the project. Certificat",unknown,internship,no experience required,"₹ 1,000 lump sum",https://internshala.com/internship/detail/work-from-home-part-time-mobile-app-developer-flutterflow-internship-at-nimetler-technologies-private-limited1711534842,internshala
123,backend development intern,Secnic Consultancy Services Private Limited,web development,"php, rest api, html, django, python, mongodb, node.js, mysql, express.js, java","Are you passionate about backend development and eager to gain hands-on experience in a fast-paced environment? Join our team at Secnic Consultancy Services Private Limited as a Backend Development intern! 

Key Responsibilities:
1. Develop and maintain RESTful APIs using Node.js and Express.js
2. Design and implement database solutions using MongoDB and MySQL
3. Write efficient and scalable code in Python, PHP, and Java
4. Collaborate with front-end developers to integrate user-facing elements with server-side logic
5. Debug and troubleshoot issues to ensure optimal performance and functionality
6. Stay up-to-date with industry trends and technologies to enhance our backend systems
7. Assist in testing and deploying applications to production environments

If you are a motivated and tech-savvy individual with a solid understanding of backend technologies, we want to hear from you! Apply now and take the first step towards a rewarding career in backend development with Secnic Consultancy Services Private Limited.. Django , Express.js , HTML , Java , MongoDB , MySQL , Node.js , PHP , Python , REST API","backend development intern web development php, rest api, html, django, python, mongodb, node.js, mysql, express.js, java Are you passionate about backend development and eager to gain hands-on experience in a fast-paced environment? Join our team at Secnic Consultancy Services Private Limited as a Backend Development in",unknown,internship,no experience required,"₹ 5,000 /month",https://internshala.com/internship/detail/backend-development-internship-in-agra-at-secnic-consultancy-services-private-limited1711534806,internshala
124,backend development intern (remote),Alemeno,web development,"nosql, postgresql, rest api, amazon web server (aws), node.js, sql","Selected intern's day-to-day responsibilities include: 

1. Design and implement web applications, focusing on back-end services with Node.js
2. Create and maintain RESTful APIs to support data-driven applications
3. Work with databases, primarily AWS/PostgreSQL, to manage and optimize data storage and retrieval
4. Develop responsive and user-friendly interfaces that enhance the overall user experience
5. Collaborate with cross-functional teams to deliver high-quality products, including designers and other developers
6. Perform thorough testing and debugging to ensure the reliability and performance of applications
7. Write clean and efficient code while optimizing for speed, scalability, and security. Amazon Web Server (AWS) , Node.js , NoSQL , PostgreSQL , REST API , SQL","backend development intern (remote) web development nosql, postgresql, rest api, amazon web server (aws), node.js, sql Selected intern's day-to-day responsibilities include: 

1. Design and implement web applications, focusing on back-end services with Node.js
2. Create and maintain RESTful APIs to support data-driven",unknown,internship,no experience required,"₹ 20,000-25,000 /month",https://internshala.com/internship/detail/work-from-home-backend-development-internship-at-alemeno1711534564,internshala
125,technical assistant intern (part time/remote),Ozibook Tech Solutions Private Limited,general,general,"Selected intern's day-to-day responsibilities include:

1. Manage our Discord servers, keep them up to date, work on assigning roles to interns and adding them into Discord categories (departments), and update server configuration as per requirements from leadership
2. Maintain notion pages by building a database of important messages shared on Discord, assisting leadership in building Notion pages as per their specifications, including creating documents, adding the information they specify, and keeping Notion pages up to date and planned on behalf of the leadership
3. Build Google Forms (you need to transfer information from the document shared by the teams and build Google Forms as per their specification - major departments that you need to assist are the business analyst and human resource teams), and document the links and making it available through notion pages for leaders and their teams
4. Work on email management, sharing access to team files (Google Docs, sheets, forms, etc.,) and engaging with emails (drafting, sending out, and replying)

Note: We will never call you and ask you for money to register for this internship. If you receive any calls like this, please understand it's a SCAM, and don't be a victim of it.. Certificate ,  Letter of recommendation ,  Flexible work hours","technical assistant intern (part time/remote) general general Selected intern's day-to-day responsibilities include:

1. Manage our Discord servers, keep them up to date, work on assigning roles to interns and adding them into Discord categories (departments), a",unknown,internship,no experience required,"₹ 1,000 /month",https://internshala.com/internship/detail/work-from-home-part-time-technical-assistant-internship-at-ozibook-tech-solutions-private-limited1711532095,internshala
126,full stack development intern,XtraLiving Private Limited,web development,"mongodb, reactjs","Selected intern's day-to-day responsibilities include: 

1. Manage website development
2. Develop and launch landing pages
3. Integrate websites with Zoho CRM
4. Work on app development. MongoDB , ReactJS","full stack development intern web development mongodb, reactjs Selected intern's day-to-day responsibilities include: 

1. Manage website development
2. Develop and launch landing pages
3. Integrate websites with Zoho CRM
4. Work on app development. MongoDB , Rea",unknown,internship,no experience required,"₹ 10,000 /month",https://internshala.com/internship/detail/full-stack-development-internship-in-hyderabad-at-xtraliving-private-limited1711530492,internshala
127,data analytics intern (part time/remote),Ozibook Tech Solutions Private Limited,data analytics,data analytics,"Selected intern's day-to-day responsibilities include:

1. Collaborate with the data analyst (DA) team in the business analysis (BA) department to support data scraping activities from LinkedIn accounts of OziBook and its clients
2. Assist the DA team in creating weekly reports on LinkedIn development for the firm and its clients, including user engagement metrics and insights
3. Develop a priority list of users based on their engagement levels on OziBook and client LinkedIn accounts to aid the BA, sales, and data analysis and management (DAM) departments in providing services and business development
4. Generate reports using scraped data, and incorporate easily interpretable visualizations such as charts, plots, and dashboards
5. Collaborate with the business analyst team to create data visualizations that facilitate the analysis of crucial data for early-stage fundraising efforts
6. Conduct web scraping of LinkedIn data from company and client pages to extract relevant information regarding user engagement
7. Work as part of a team, following the guidance and timeframes established by the DA team lead, to deliver quality outputs and meet daily and weekly objectives
8. Be open to additional responsibilities based on the evolving business requirements of the role

NOTE: We will NEVER call you and ask you for money to register for this internship. If you receive any calls like this, please understand it's a SCAM, and don't be a victim of it.. Certificate ,  Letter of recommendation ,  Flexible work hours","data analytics intern (part time/remote) data analytics data analytics Selected intern's day-to-day responsibilities include:

1. Collaborate with the data analyst (DA) team in the business analysis (BA) department to support data scraping activities from LinkedIn accoun",unknown,internship,no experience required,"₹ 1,000 /month",https://internshala.com/internship/detail/work-from-home-part-time-data-analytics-internship-at-ozibook-tech-solutions-private-limited1711528658,internshala
128,backend support intern,Highway Delite,general,"html&css, javascript, php","Selected intern's day-to-day responsibilities include: 

1. Collaborate with the design and development teams to create engaging and responsive Shopify-based websites
2. Customise Shopify themes to meet client requirements and brand guidelines
3. Implement best practices in web design and user experience to enhance site functionality and aesthetics
4. Assist in troubleshooting and resolving technical issues related to Shopify websites
5. Stay updated on emerging trends and technologies in e-commerce and web development. HTML&CSS , JavaScript , PHP","backend support intern general html&css, javascript, php Selected intern's day-to-day responsibilities include: 

1. Collaborate with the design and development teams to create engaging and responsive Shopify-based websites
2. Customise Shopify themes to me",unknown,internship,no experience required,"₹ 4,000 /month",https://internshala.com/internship/detail/backend-support-internship-in-mysuru-at-highway-delite1711528378,internshala
129,shopify website design and development intern,CGB INDIA,web development,"ms-office, english proficiency (spoken), financial literacy, english proficiency (written), ms-excel, data analysis","Ziegler Aerospace is hiring Aviation Data Analyst Interns to join our team in Hyderabad Office. This presents a fantastic chance for individuals passionate about the aviation industry to acquire professional experience. 

Selected intern's day-to-day responsibilities include: 

1. Perform day-to-day operational tasks, ensuring synergistic collaboration between internal departments and promoting continuous improvement initiatives
2. Prepare and ensure the timely delivery of accurate aviation-related quotations for customers, negotiating terms to align with both client requirements and company objectives
3. Develop and implement pricing strategies based on comprehensive analysis of aviation market trends, historical data, and current pricing, ensuring company competitiveness and profitability
4. Conduct analysis on pricing data to identify cost saving opportunities, discern market trends and make purchasing decisions
5. Assess market conditions, supplier quotations, and other pertinent factors to make data-driven decisions

Desired Requirements:

1. Proficiency in full MS Office suite - Outlook, Excel, especially MS Access is critical for this role
2. Self-driven 
3. Detail oriented
4. Fast typing speed. Data Analysis , English Proficiency (Spoken) , English Proficiency (Written) , Financial literacy , MS-Excel , MS-Office","shopify website design and development intern web development ms-office, english proficiency (spoken), financial literacy, english proficiency (written), ms-excel, data analysis Ziegler Aerospace is hiring Aviation Data Analyst Interns to join our team in Hyderabad Office. This presents a fantastic chance for individuals passionate about the aviation industry to acquire profe",unknown,internship,no experience required,"₹ 10,000 /month",https://internshala.com/internship/detail/shopify-website-design-and-development-internship-in-multiple-locations-at-cgb-india1711527294,internshala
131,reactjs development intern (remote),Swiftix,web development,"node.js, amazon web server (aws), express.js, rest api","Selected intern's day-to-day responsibilities include: 

1.Develop and maintain server-side logic using Node.js for scalable and high-performance applications.
2.Design, develop, and implement APIs to support front-end services and ensure integrations are seamless.
3.Collaborate with cross-functional teams, including front-end developers, designers, and other stakeholders to deliver quality software solutions.
4.Troubleshoot and debug applications, as well as perform code reviews.
5.Optimize applications for maximum performance and scalability.

Requirements:

1.Proven experience as a Node.js Developer or in a similar role.
2.Strong proficiency in Node.js and its frameworks (e.g., Express, Koa, etc.).
3.Familiarity with server-side templating languages such as Jade, EJS, etc.
4.Experience working with databases (e.g., MongoDB, MySQL, PostgreSQL) and their integration with Node.js applications.
5.Knowledge of RESTful API development and microservices architecture.
6.Proficient understanding of code versioning tools, such as Git.
7.Solid problem-solving skills and the ability to work in an agile environment.
8.Excellent communication and collaboration abilities.. Amazon Web Server (AWS) , Express.js , Node.js , REST API","reactjs development intern (remote) web development node.js, amazon web server (aws), express.js, rest api Selected intern's day-to-day responsibilities include: 

1.Develop and maintain server-side logic using Node.js for scalable and high-performance applications.
2.Design, develop, and implement APIs to",unknown,internship,no experience required,"₹ 10,000 /month",https://internshala.com/internship/detail/work-from-home-reactjs-development-internship-at-swiftix1711524970,internshala
132,node.js development intern (remote),Webknot Technologies Private Limited,web development,"marketing, digital marketing, market analysis","Selected intern's day-to-day responsibilities include: 

1.  Collecting and analyzing marketing data to identify trends, patterns, and insights
2. Conducting market research to support marketing strategies and campaigns
3. Assisting in the creation of reports and dashboards to communicate findings to stakeholders
4. Helping to optimize marketing campaigns through data-driven
5.  Forecast future trends and outcomes based on historical data analysis, helping to inform strategic decision-making. Digital Marketing , Market Analysis , Marketing","node.js development intern (remote) web development marketing, digital marketing, market analysis Selected intern's day-to-day responsibilities include: 

1.  Collecting and analyzing marketing data to identify trends, patterns, and insights
2. Conducting market research to support marketing strat",unknown,internship,no experience required,"₹ 15,000 lump sum",https://internshala.com/internship/detail/work-from-home-nodejs-development-internship-at-webknot-technologies-private-limited1711523037,internshala
133,marketing analytics intern,Talent Corner HR Services,digital marketing,"node.js, reactjs","Selected intern's day-to-day responsibilities include:

1. Collaborate with the development team to design and construct backend processes
2. Develop and deploy applications based on architectural plans and Data Flow Diagrams (DFDs)
3. Write clean, efficient, and maintainable code adhering to industry standards and coding conventions
4. Identify and resolve bugs through troubleshooting and debugging
5. Craft database queries for seamless integration with applications
6. Monitor and optimize backend applications and database performance
7. Document changes to applications and contribute to updating documentation
8. Demonstrate strong problem-solving skills and proficiency in algorithm development
9. Strive for excellence in producing high-quality code

Requirements:

1. Graduated from a premium college
2. Basic skills in web development
3. Available for a 6-month commitment. Node.js , ReactJS","marketing analytics intern digital marketing node.js, reactjs Selected intern's day-to-day responsibilities include:

1. Collaborate with the development team to design and construct backend processes
2. Develop and deploy applications based on architectural pla",unknown,internship,no experience required,"₹ 25,000 /month",https://internshala.com/internship/detail/marketing-analytics-internship-in-mumbai-at-talent-corner-hr-services1711521394,internshala
134,full stack development intern (remote),Highway Delite,web development,web development,"Selected intern's day-to-day responsibilities include: 

1. Proficient in data extraction, cleaning, and analysis. Designed, developed, and maintained company databases. Conducted database filtration and cleaning using Excel. Data Transformation
2. Making lists/reports based on specific requirements, followed by data filtration, data finalization, job title, and company name abbreviation, removal of undesired leads, and ultimately sharing the finalized list
3. Improved data usability and impact by 25% by transforming raw data into clean, usable information. Utilized organization-specific formulas in Excel for data transformation. Certificate ,  Informal dress code","full stack development intern (remote) web development web development Selected intern's day-to-day responsibilities include: 

1. Proficient in data extraction, cleaning, and analysis. Designed, developed, and maintained company databases. Conducted database filtration ",unknown,internship,no experience required,"₹ 6,000 /month",https://internshala.com/internship/detail/work-from-home-full-stack-development-internship-at-highway-delite1711516087,internshala
135,data analytics intern,Group Futurista,data analytics,"tableau, data analytics, business analysis, data analysis, advanced excel","Selected intern's day-to-day responsibilities include assisting with data cleaning and transformation tasks to prepare it for visualization.

Requirements: Proficient in Tableau (Candidate should have a Student License Activated).. Advanced Excel , Business Analysis , Data Analysis , Data Analytics , Tableau","data analytics intern data analytics tableau, data analytics, business analysis, data analysis, advanced excel Selected intern's day-to-day responsibilities include assisting with data cleaning and transformation tasks to prepare it for visualization.

Requirements: Proficient in Tableau (Candidate should have",unknown,internship,no experience required,"₹ 10,000 /month",https://internshala.com/internship/detail/data-analytics-internship-in-mohali-at-group-futurista1711515766,internshala
136,tableau development intern (remote),Smollan India Private Limited,data analytics,"data analysis, internet of things (iot), report writing, machine learning","Selected intern's day-to-day responsibilities include:

1. Assist in developing and implementing strategic business initiatives
2. Conduct market analysis to identify new opportunities and areas for improvement
3. Spearhead internal innovation projects, encouraging a culture of creativity
4. Evaluate new business models and technologies for incorporation into the company's portfolio
5. Work with departments to streamline operations and enhance productivity
6. Ensure projects align with the company's strategic goals
7. Monitor business performance and provide insights and recommendations to the CEO

Requirements:

1. Strong analytical and strategic thinking skills
2. Excellent communication and interpersonal skills
3. Ability to work independently and collaboratively
4. Experience in project management and business analysis
5. Knowledge of market research and business development
6. Ability to innovate and think creatively
7. Strong leadership and decision-making skills. Data Analysis , Internet of Things (IoT) , Machine Learning , Report Writing","tableau development intern (remote) data analytics data analysis, internet of things (iot), report writing, machine learning Selected intern's day-to-day responsibilities include:

1. Assist in developing and implementing strategic business initiatives
2. Conduct market analysis to identify new opportunities and areas for i",unknown,internship,no experience required,"₹ 15,000-25,000 /month",https://internshala.com/internship/detail/work-from-home-tableau-development-internship-at-smollan-india-private-limited1711515657,internshala
137,entrepreneurship intern,Faclon,business analytics,business analytics,"Selected intern's day-to-day responsibilities include: 

1.   Design and develop responsive websites and web applications using WordPress
2.  Maintain & optimize existing websites and applications
3.  Develop and maintain documentation for websites. Certificate ,  Flexible work hours","entrepreneurship intern business analytics business analytics Selected intern's day-to-day responsibilities include: 

1.   Design and develop responsive websites and web applications using WordPress
2.  Maintain & optimize existing websites and applications
3. ",unknown,internship,no experience required,"₹ 10,000 /month",https://internshala.com/internship/detail/entrepreneurship-internship-in-mumbai-at-faclon1711515063,internshala
138,web development intern (remote),StarShield Technologies Private Limited,software engineering,"html, php, wordpress","Selected intern's day-to-day responsibilities include: 

1. Improvise the functionality and redesign the WordPress/Shopify website
2. Add new functionality along with in-depth research
3. Participate in the team meeting 
4. Report daily for the work accomplished. HTML , PHP , WordPress","web development intern (remote) software engineering html, php, wordpress Selected intern's day-to-day responsibilities include: 

1. Improvise the functionality and redesign the WordPress/Shopify website
2. Add new functionality along with in-depth research
3. Participate ",unknown,internship,no experience required,"₹ 8,000-10,000 /month",https://internshala.com/internship/detail/work-from-home-web-development-internship-at-starshield-technologies-private-limited1711497319,internshala
139,web development intern,Monkoodog,software engineering,"python, flask","Selected intern's day-to-day responsibilities include: 

1. Manage and build Python code
2. Work on testing
3. Upgrade the firm's in-build modules and packages. Flask , Python","web development intern software engineering python, flask Selected intern's day-to-day responsibilities include: 

1. Manage and build Python code
2. Work on testing
3. Upgrade the firm's in-build modules and packages. Flask , Python",unknown,internship,no experience required,"₹ 10,000-15,000 /month",https://internshala.com/internship/detail/web-development-internship-in-gurgaon-at-monkoodog1711477540,internshala
140,python development intern,DigiKagaz Technovation Private Limited,software engineering,"flutter, rest api, android, dart, firebase, ios, ui & ux design","We are thrilled to offer an exciting opportunity for a talented Flutter Development intern to join our team at KothariTech! As an intern, you will have the chance to work on cutting-edge projects and gain hands-on experience in mobile app development. If you have a passion for Android, UI & UX Design, Firebase, REST API, iOS, Dart, and Flutter, we want to hear from you!

Key Responsibilities:
1. Collaborate with our development team to design and implement new features for mobile apps using Flutter.
2. Assist in creating user-friendly interfaces and optimizing app performance for a seamless user experience.
3. Work with Firebase to integrate real-time databases, cloud messaging, and authentication features into our apps.
4. Develop and maintain REST APIs to connect our apps with external services and databases.
5. Support the implementation of iOS-specific features and ensure cross-platform compatibility for our apps.
6. Write clean, efficient, and maintainable code in Dart to build robust and scalable mobile applications.
7. Stay up-to-date on the latest trends and best practices in mobile app development to contribute innovative ideas to our team.

If you are a motivated and enthusiastic individual looking to kickstart your career in Flutter development, apply now to join us at KothariTech!. Android , Dart , Firebase , Flutter , iOS , REST API , UI & UX Design","python development intern software engineering flutter, rest api, android, dart, firebase, ios, ui & ux design We are thrilled to offer an exciting opportunity for a talented Flutter Development intern to join our team at KothariTech! As an intern, you will have the chance to work on cutting-edge projects and ",unknown,internship,no experience required,"₹ 7,000-8,000 /month",https://internshala.com/internship/detail/python-development-internship-in-kota-at-digikagaz-technovation-private-limited1711471176,internshala
141,flutter development intern,KothariTech,mobile development,"cloud firestore, flutter, rest api, android, dart, firebase","Selected intern's day-to-day responsibilities include:

1. Building and shipping robust apps to Android/iOS devices using a single codebase
2. Writing readable and clear code using Dart that will be extensively documented for future use and upgrades
3. Sharing feedback and brainstorming ideas with teams to improve the development process
4. Understanding basic concepts of design for developing user-friendly applications
5. Staying up-to-date with the latest technologies

Expectations in the first week:

1. Understand the various practices and processes followed in the team
2. Familiarize yourself with the different stacks and products

Expectations in the first month: build a codebase using Dart for one product feature.

Skills & Requirements:

1. 0-2 years of knowledge in mobile app development
2. In-depth understanding of front-end languages like HTML, CSS3, and JavaScript
3. In-depth understanding of object-oriented programming languages like Java and C++
4. Familiarity using version control tools like Git, Subversion, etc. and IDEs like Android Studio, VS Code, etc.
5. Understanding of the Agile Software Development Life Cycle and prior exposure to Scrum projects
6. Knowledge of Dart programming language, REST APIs, and integration of various APIs from third parties
7. Comfortable using test cases for debugging code, enhancing performance and reliability. Android , Cloud Firestore , Dart , Firebase , Flutter , REST API","flutter development intern mobile development cloud firestore, flutter, rest api, android, dart, firebase Selected intern's day-to-day responsibilities include:

1. Building and shipping robust apps to Android/iOS devices using a single codebase
2. Writing readable and clear code using Dart that will be e",unknown,internship,no experience required,"₹ 5,000 /month",https://internshala.com/internship/detail/flutter-development-internship-in-mumbai-at-kotharitech1711463494,internshala
142,flutter development intern,Feeltech Solutions Private Limited,mobile development,"data science, statistics, statistical modeling, python, ms-excel, r programming","Selected intern's day-to-day responsibilities include: 

1. Data scraping: Gather data for stocks related to NASDAQ/S&P500 stocks for the last two years. 
2. Run statistical modeling and provide results, and find patterns and provide models that can be used in real-time

Note:

1. This will be a manual effort
2. We will guide how to do this. Data Science , MS-Excel , Python , R Programming , Statistical Modeling , Statistics","flutter development intern mobile development data science, statistics, statistical modeling, python, ms-excel, r programming Selected intern's day-to-day responsibilities include: 

1. Data scraping: Gather data for stocks related to NASDAQ/S&P500 stocks for the last two years. 
2. Run statistical modeling and provide resul",unknown,internship,no experience required,"₹ 8,000 /month",https://internshala.com/internship/detail/flutter-development-internship-in-ahmedabad-at-feeltech-solutions-private-limited1711457632,internshala
143,statistics intern (remote),GSNR & Associates,data science,"rest api, html, javascript, reactjs, node.js, react native","We are looking for a talented Reactjs Development Intern to join Varahi Technology Private Limited. You will have the opportunity to work with cutting-edge technologies and contribute to exciting projects in a fast-paced environment. If you are passionate about ReactJS, JavaScript, HTML, REST API, React Native, and Node.js, then this is the perfect internship for you!

Key Responsibilities:
1. Collaborate with the development team to design and implement user-friendly, responsive web applications using ReactJS.
2. Write clean, maintainable code and conduct code reviews to ensure high-quality standards are met.
3. Work on integrating RESTful APIs to enhance the functionality and performance of web applications.
4. Assist in developing mobile applications using React Native for cross-platform compatibility.
5. Troubleshoot and debug issues to improve overall application performance and user experience.
6. Stay updated on the latest trends and technologies in web and mobile development to continuously enhance your skills.
7. Communicate effectively with team members and stakeholders to provide regular updates on project progress and challenges. 

If you are ready to take your ReactJS skills to the next level and gain valuable hands-on experience, apply now for this exciting internship opportunity at Varahi Technology Private Limited.. HTML , JavaScript , Node.js , ReactJS , React Native , REST API","statistics intern (remote) data science rest api, html, javascript, reactjs, node.js, react native We are looking for a talented Reactjs Development Intern to join Varahi Technology Private Limited. You will have the opportunity to work with cutting-edge technologies and contribute to exciting proj",unknown,internship,no experience required,"₹ 7,000 /month",https://internshala.com/internship/detail/work-from-home-statistics-internship-at-gsnr-associates1711464594,internshala
144,reactjs development intern,Varahi Technology Private Limited,web development,wordpress,"Selected intern's day-to-day responsibilities include: 

1. Create and maintain WordPress websites using Elementor and Elementor Pro  
2. Ensure seamless integration with Elementor for a smooth user experience
3. Optimize themes and plugins for performance and responsiveness
4. Debug errors, ensure compatibility, and maintain site stability                      
5. Optimize site structure, meta tags, and content                                    
6. Redesign websites to improve SEO performance      
7. Perform regular updates and backups. WordPress","reactjs development intern web development wordpress Selected intern's day-to-day responsibilities include: 

1. Create and maintain WordPress websites using Elementor and Elementor Pro  
2. Ensure seamless integration with Elementor for a smooth user e",unknown,internship,no experience required,"₹ 5,000-10,000 /month",https://internshala.com/internship/detail/reactjs-development-internship-in-pune-at-varahi-technology-private-limited1711460322,internshala
145,wordpress development intern,MaajTek Pvt Ltd,web development,"artificial intelligence, python, machine learning, computer vision, deep learning, natural language processing (nlp)","Are you a tech-savvy individual with a passion for data science and cutting-edge technology? Varahi Technology Private Limited is seeking a dynamic Data Science intern to join our innovative team. As an intern, you will have the opportunity to apply your skills in Python, Artificial Intelligence, Natural Language Processing (NLP), Deep Learning, Computer Vision, and Machine Learning to real-world projects. 

Key Responsibilities:
1. Collaborate with the data science team to develop and implement machine learning models for various projects
2. Assist in data collection, cleaning, and preprocessing tasks to ensure data accuracy and consistency
3. Conduct research and analysis to identify trends and patterns within large datasets
4. Participate in the design and implementation of AI algorithms to optimize business processes
5. Support the development of NLP models for text analysis and sentiment analysis
6. Work on computer vision projects to develop innovative solutions for image and video analysis
7. Stay up-to-date on the latest advancements in data science and contribute new ideas to the team 

If you are eager to gain hands-on experience in the field of data science and contribute to cutting-edge projects, we want to hear from you! Apply now and take the first step towards a rewarding career with Varahi Technology Private Limited.. Artificial Intelligence , Computer Vision , Deep Learning , Machine Learning , Natural Language Processing (NLP) , Python","wordpress development intern web development artificial intelligence, python, machine learning, computer vision, deep learning, natural language processing (nlp) Are you a tech-savvy individual with a passion for data science and cutting-edge technology? Varahi Technology Private Limited is seeking a dynamic Data Science intern to join our innovative team. As ",unknown,internship,no experience required,"₹ 8,000-10,000 /month",https://internshala.com/internship/detail/wordpress-development-internship-in-multiple-locations-at-maajtek-pvt-ltd1711460109,internshala
146,data science intern,Varahi Technology Private Limited,data analytics,"html, wordpress, css","Selected intern's day-to-day responsibilities include: 

1. Develop WordPress websites according to client specifications
2. Conduct research, learning, and application of online resources to enhance development skills
3. Optimize website speed for improved performance
4. Handle errors and bugs efficiently to ensure smooth website operation
5. Implement integrations and plugins to enhance website functionality. CSS , HTML , WordPress","data science intern data analytics html, wordpress, css Selected intern's day-to-day responsibilities include: 

1. Develop WordPress websites according to client specifications
2. Conduct research, learning, and application of online resources to enhance ",unknown,internship,no experience required,"₹ 2,000-3,500 /month",https://internshala.com/internship/detail/data-science-internship-in-pune-at-varahi-technology-private-limited1711458674,internshala
147,wordpress development intern (part time/remote),Steen Enterprise,web development,"ms-excel, sql, python","Selected intern's day-to-day responsibilities include: 

1. Write reports proficiently
2. Possess basic knowledge of the Indian education system and qualifications
3. Demonstrate expertise or intermediate skills in MS Office, specifically MS Word
4. Conduct proofreading and validations effectively
5. Perform data mining and data scraping tasks

Other requirements:

1. Personal Laptop
2. Must be available from Monday to Saturday, 9 AM to 6 PM
3. Preferably hold an MBA degree. MS-Excel , Python , SQL","wordpress development intern (part time/remote) web development ms-excel, sql, python Selected intern's day-to-day responsibilities include: 

1. Write reports proficiently
2. Possess basic knowledge of the Indian education system and qualifications
3. Demonstrate expertise or intermed",unknown,internship,no experience required,"₹ 20,000 /month",https://internshala.com/internship/detail/work-from-home-part-time-wordpress-development-internship-at-steen-enterprise1711458073,internshala
148,data research - intern intern,Careers360,data analytics,linux,"Are you passionate about technology and eager to gain hands-on experience in a fast-paced tech environment? Look no further than Binary Numbers! We are looking for a dynamic DevOps Intern to join our team and help us streamline our development and deployment processes. As a DevOps Intern, you will have the opportunity to work closely with our experienced team members and contribute to the success of our projects.

Selected intern's day-to-day responsibilities include:

1. Assist in automating tasks and workflows to improve efficiency
2. Collaborate with developers to implement CI/CD pipelines
3. Monitor system performance and troubleshoot issues
4. Help manage cloud infrastructure and services
5. Participate in code reviews and provide feedback
6. Contribute to documentation and knowledge sharing
7. Stay current on industry trends and best practices in DevOps

If you are a self-motivated individual with a strong interest in DevOps, this is the perfect opportunity for you to kickstart your career in the tech industry. Join Binary Numbers and make a real impact on our team and our projects. Apply now and take the first step towards a rewarding career in DevOps!. Linux",data research - intern intern data analytics linux Are you passionate about technology and eager to gain hands-on experience in a fast-paced tech environment? Look no further than Binary Numbers! We are looking for a dynamic DevOps Intern to join our ,unknown,internship,no experience required,"₹ 10,000-15,000 /month",https://internshala.com/internship/detail/data-research-intern-internship-in-gurgaon-at-careers3601711455721,internshala
149,devops intern,Binary Numbers,devops cloud,wordpress,"We are looking for a dynamic WordPress Development intern who is passionate about Artificial Intelligence and WordPress to join our team at Zuci Education And Development (ZED) Foundation. As an intern, you will have the opportunity to work on social projects that leverage technology to enhance our WordPress platform. 

Selected intern's day-to-day responsibilities include:  

1. Gather requirements and design features for our WordPress website
2. Enhance website performance and user experience through the application of cutting-edge WordPress tools and methodologies
3. Research AI trends and integrate innovative solutions to enhance website functionality
4. Aid in diagnosing and resolving technical challenges associated with WordPress development
5. Engage in brainstorming sessions to generate concepts for new website features and improvements
6. Stay current with industry standards and integrate emerging technologies into WordPress projects
7. Foster a collaborative team environment by exchanging ideas and collaborating on projects with colleagues

If you are a tech-savvy individual with a passion for AI and WordPress development, we want to hear from you! Join us at Zuci Education And Development (ZED) Foundation and take your skills to the next level in a dynamic and innovative work environment. Apply now to kickstart your future in social support and environment conservation with technology.. WordPress",devops intern devops cloud wordpress We are looking for a dynamic WordPress Development intern who is passionate about Artificial Intelligence and WordPress to join our team at Zuci Education And Development (ZED) Foundation. As an inter,unknown,internship,no experience required,"₹ 3,000-6,000 /month",https://internshala.com/internship/detail/devops-internship-in-mumbai-at-binary-numbers1711455397,internshala
150,wordpress development intern (part time),Zuci Education And Development (ZED) Foundation,web development,wordpress,"Selected intern's day-to-day responsibilities include:

1. Edit and maintain the website to ensure its functionality and relevance
2. Design graphics for sliders to enhance visual appeal and engagement
3. Integrate and configure a payment gateway for seamless online transactions
4. Update the website with new products to keep the content fresh and attractive. WordPress","wordpress development intern (part time) web development wordpress Selected intern's day-to-day responsibilities include:

1. Edit and maintain the website to ensure its functionality and relevance
2. Design graphics for sliders to enhance visual appeal and engagemen",unknown,internship,no experience required,"₹ 5,000-7,000 /month",https://internshala.com/internship/detail/part-time-wordpress-development-internship-in-mumbai-at-zuci-education-and-development-zed-foundation1711452627,internshala
152,data visualization intern intern,Talent Corner HR Services,data analytics,"python, data structures, linux, problem solving","Selected intern's day-to-day responsibilities include working with Python, Linux and Server.

Note: You shold be good in problem-solving and algorithms.. Data Structures , Linux , Problem Solving , Python","data visualization intern intern data analytics python, data structures, linux, problem solving Selected intern's day-to-day responsibilities include working with Python, Linux and Server.

Note: You shold be good in problem-solving and algorithms.. Data Structures , Linux , Problem Solving , Py",unknown,internship,no experience required,"₹ 10,000-15,000 /month",https://internshala.com/internship/detail/data-visualization-intern-internship-in-mumbai-at-talent-corner-hr-services1711452057,internshala
153,backend development intern,Ensenar Technologies Private Limited,web development,"python, html&css, javascript, django","We are seeking highly motivated and talented interns to join our team and work on Python backend, Django web app, and frontend development. The ideal candidate will have a good understanding of Python, Django, and preferably JavaScript.

Selected intern's day-to-day responsibilities include:

1. Work on Python backend and Django web app development, including database integration, web services, and APIs
2. Develop and maintain frontend components using JavaScript, HTML, and CSS
3. Participate in the design and architecture of the application
4. Collaborate with team members to identify and solve problems
5. Perform testing and debugging to ensure high-quality code

Skills & Requirements:

1. Good understanding of Python
2. Familiarity with the Djargo web framework
3. Knowledge of HTML, CSS, and JavaScript will be an added advantage
4. Understanding of software development life cycle
5. Strong problem-solving and analytical skills
6. Excellent communication and teamwork skills
7. Ability to learn and adapt quickly to new technologies
8. Completed a degree in computer science, engineering, or a related field
9. Prior experience in Python programming is a plus. Django , HTML&CSS , JavaScript , Python","backend development intern web development python, html&css, javascript, django We are seeking highly motivated and talented interns to join our team and work on Python backend, Django web app, and frontend development. The ideal candidate will have a good understanding of Python",unknown,internship,no experience required,"₹ 10,000 /month",https://internshala.com/internship/detail/backend-development-internship-in-noida-at-ensenar-technologies-private-limited1711451791,internshala
154,python and django development intern (remote),OrgLens Consultancy Private Limited,software engineering,"php, html, javascript, reactjs, mongodb, angularjs, node.js, css","Selected intern's day-to-day responsibilities include: 

1. The management of the entire software development process, from conception to deployment.
2. Updating and maintaining the software after deployment.
3. Controlling the whole life cycle of the software and application development process.
4. Overseeing and directing the evaluation, creation, and implementation of software.
5. Directing the automated testing and giving management input as the project is being developed.
6. Modifying existing programs and testing the modifications.
7. Troubleshooting and fixing bugs and other coding issues.
8. Writing effective APIs.
9. Writing technical documentation.
10. Working with data scientists to improve the functioning of the software.
11. Should up to date with the Latest Web Technologies.. AngularJS , CSS , HTML , JavaScript , MongoDB , Node.js , PHP , ReactJS","python and django development intern (remote) software engineering php, html, javascript, reactjs, mongodb, angularjs, node.js, css Selected intern's day-to-day responsibilities include: 

1. The management of the entire software development process, from conception to deployment.
2. Updating and maintaining the software after dep",unknown,internship,no experience required,"₹ 5,000-8,000 /month",https://internshala.com/internship/detail/work-from-home-python-and-django-development-internship-at-orglens-consultancy-private-limited1711451732,internshala
155,full stack development intern,Ventureshelp,web development,"flutter, rest api","Selected intern's day-to-day responsibilities include: 

1. Develop a Flutter app (on similar lines to a Cordova app that opens our web app) to provide a better user experience, including adding some native capabilities
2. Reuse the APIs used for our web app (currently in Angular) for the Flutter app development. Flutter , REST API","full stack development intern web development flutter, rest api Selected intern's day-to-day responsibilities include: 

1. Develop a Flutter app (on similar lines to a Cordova app that opens our web app) to provide a better user experience, including adding some ",unknown,internship,no experience required,"₹ 12,000-18,000 /month",https://internshala.com/internship/detail/full-stack-development-internship-in-noida-at-ventureshelp1711443277,internshala
156,flutter development intern,Atzos Ventures Private Limited,mobile development,"node.js, html&css, javascript, reactjs","Selected intern's day-to-day responsibilities include: 

1. Assisting in the development of backend server applications using Node.js and Express.js
2. Integrating third-party APIs, particularly the Twitter API, to enable key platform functionalities
3. Working on database design and management tasks using MongoDB or MySQL
4. Contributing to the development and implementation of user authentication and authorization systems
5. Understanding web development technologies such as HTML, CSS, and JavaScript
6. Familiarizing with frontend frameworks/libraries such as React.js. HTML&CSS , JavaScript , Node.js , ReactJS","flutter development intern mobile development node.js, html&css, javascript, reactjs Selected intern's day-to-day responsibilities include: 

1. Assisting in the development of backend server applications using Node.js and Express.js
2. Integrating third-party APIs, particularly the T",unknown,internship,no experience required,"₹ 9,000-12,000 /month",https://internshala.com/internship/detail/flutter-development-internship-in-multiple-locations-at-atzos-ventures-private-limited1711450370,internshala
157,full stack development intern (remote),SpendWise,web development,web development,"Selected intern's day-to-day responsibilities include: 

1. Commit to continuous learning and growth through feedback, training sessions, and staying abreast of new design tools and techniques
2. Collaborate closely with developers to ensure the practicality and functionality of design concepts
3. Maintain and enhance existing websites by implementing design improvements and content updates. Certificate ,  Letter of recommendation ,  Flexible work hours ,  5 days a week","full stack development intern (remote) web development web development Selected intern's day-to-day responsibilities include: 

1. Commit to continuous learning and growth through feedback, training sessions, and staying abreast of new design tools and techniques
2. Coll",unknown,internship,no experience required,"₹ 5,000 /month",https://internshala.com/internship/detail/work-from-home-full-stack-development-internship-at-spendwise1711448922,internshala
158,web development intern (part time/remote),Keyroot.tech,software engineering,"wordpress, html, jquery, mysql, css","The selected intern's day-to-day responsibilities include: 

1. Assist in writing well designed, testable, and efficient code by using best software development practices
2. Assist in creating website layout/user interface by using standard HTML/CSS practices
3. Assisting in creating websites on Wordpress. CSS , HTML , jQuery , MySQL , WordPress","web development intern (part time/remote) software engineering wordpress, html, jquery, mysql, css The selected intern's day-to-day responsibilities include: 

1. Assist in writing well designed, testable, and efficient code by using best software development practices
2. Assist in creating website",unknown,internship,no experience required,"₹ 3,000-5,000 /month",https://internshala.com/internship/detail/work-from-home-part-time-web-development-internship-at-keyroottech1711447681,internshala
159,web development intern,HIKBE Media Group,software engineering,"html, html&css, wordpress, css","KaaSaa

1. Install themes
2. Import demo content
3. Install plugins
4. Make SEO friendly site
5. Optimize speed
6. Work on maintenance/troubleshooting
7. Conduct regular check-up
8. Work on regular update plugins, theme, WP
9. Troubleshoot if any site is down. CSS , HTML , HTML&CSS , WordPress","web development intern software engineering html, html&css, wordpress, css KaaSaa

1. Install themes
2. Import demo content
3. Install plugins
4. Make SEO friendly site
5. Optimize speed
6. Work on maintenance/troubleshooting
7. Conduct regular check-up
8. Work on regular up",unknown,internship,no experience required,"₹ 7,000 /month",https://internshala.com/internship/detail/web-development-internship-in-ahmedabad-at-hikbe-media-group1711438422,internshala
160,wordpress development intern,Stirring Minds,web development,"html&css, wordpress, bootstrap, vs code, tailwind css, java, web3.js, css","Are you a talented and ambitious Shopify Developer intern with a passion for coding and e-commerce? Join our team at The Learn Cloud and gain valuable real-world experience while working on exciting projects. As a member of our team, you will have the opportunity to enhance your skills in Java, VS Code, HTML&CSS, CSS, Tailwind CSS, WordPress, Bootstrap, and web3.js. 

Key responsibilities:
1. Collaborate with our development team to create and customize Shopify themes and apps
2. Implement responsive design principles to optimize user experience on all devices
3. Troubleshoot and debug code to ensure seamless functionality
4. Integrate third-party APIs and plugins to enhance website functionality
5. Stay up-to-date on industry trends and best practices in e-commerce development
6. Test and optimize website performance to ensure fast loading times
7. Assist in the maintenance and updates of existing websites to meet client needs and expectations.

If you are a self-motivated individual with a strong work ethic and a desire to learn and grow in the field of web development, we want to hear from you! Apply now and take the first step towards a rewarding career in Shopify development with The Learn Cloud.. Bootstrap , CSS , HTML&CSS , Java , Tailwind CSS , VS Code , web3.js , WordPress","wordpress development intern web development html&css, wordpress, bootstrap, vs code, tailwind css, java, web3.js, css Are you a talented and ambitious Shopify Developer intern with a passion for coding and e-commerce? Join our team at The Learn Cloud and gain valuable real-world experience while working on exciting p",unknown,internship,no experience required,"₹ 10,000 /month",https://internshala.com/internship/detail/wordpress-development-internship-in-delhi-at-stirring-minds1711444503,internshala
161,shopify developer intern (remote),The Learn Cloud,web development,web development,"Selected intern's day-to-day responsibilities include:

1. Managing overall technical aspects of the business.
2. Building and maintaining Wordpress sites and/or assisting with sites built with HTML, CSS, JS, PHP, Laravel.
3. Also includes building and/or assisting on Mobile App built with React Native.
4. Collaborating with development team, design team, product team to brainstorm ideas and implement new features. 
5. Knowledge of DevOps - Hosting, configuring on Azure.
6. Managing integrated services like Gallabox (for managing business through whatsapp chatbot), Arengu forms, Payment gateway integrations, API integrations, Google Developer Play Console, SEO, Google Analytics, etc.
7. Knowledge of every day tools - Google docs/word, sheets/excel etc.. Certificate ,  Letter of recommendation ,  Flexible work hours ,  Job offer","shopify developer intern (remote) web development web development Selected intern's day-to-day responsibilities include:

1. Managing overall technical aspects of the business.
2. Building and maintaining Wordpress sites and/or assisting with sites built with HTML, ",unknown,internship,no experience required,"₹ 18,000 /month",https://internshala.com/internship/detail/work-from-home-shopify-developer-internship-at-the-learn-cloud1711441505,internshala
162,web development intern (part time/remote),Auriv Learning,software engineering,"cloud firestore, flutter, rest api, android, dart, firebase, ios","Selected intern's day-to-day responsibilities include: 

1. Work on Flutter framework and DART programming
2. Work on RESTful APIs
3. Work on object oriented analysis, UML and design using common design patterns
4. Work on development of IDE Android Studio, Android SDK, Firebase Test Lab
5. Work with offline storage, threading, and performance tuning
6. Work with push notifications
7. Work with iOS integration with Flutter
8. Work on the general mobile landscape, architectures, trends, and emerging technologies. Android , Cloud Firestore , Dart , Firebase , Flutter , iOS , REST API","web development intern (part time/remote) software engineering cloud firestore, flutter, rest api, android, dart, firebase, ios Selected intern's day-to-day responsibilities include: 

1. Work on Flutter framework and DART programming
2. Work on RESTful APIs
3. Work on object oriented analysis, UML and design using common desi",unknown,internship,no experience required,"₹ 8,000-10,000 /month",https://internshala.com/internship/detail/work-from-home-part-time-web-development-internship-at-auriv-learning1711438046,internshala
163,flutter development intern (remote),Quantum IT,mobile development,"wordpress, search engine optimization (seo), html, figma, adobe xd, tamil proficiency (spoken)","Selected intern's day-to-day responsibilities include: 

1. Building a world-class and mobile-friendly WordPress website (Elementor Pro/Divi Theme Builder)
2. Designing components and work on the user experience of the website
3. Working on integrating plugins and functionalities into the WordPress website
4. Optimizing the website for performance, responsiveness, and search engine optimization (SEO)
5. Staying up-to-date with the latest web design and development trends and recommend improvements to enhance user experience
6. Communicating effectively with team members and clients to understand their needs and provide solutions accordingly. Adobe XD , Figma , HTML , Search Engine Optimization (SEO) , Tamil Proficiency (Spoken) , WordPress","flutter development intern (remote) mobile development wordpress, search engine optimization (seo), html, figma, adobe xd, tamil proficiency (spoken) Selected intern's day-to-day responsibilities include: 

1. Building a world-class and mobile-friendly WordPress website (Elementor Pro/Divi Theme Builder)
2. Designing components and work on the user",unknown,internship,no experience required,"₹ 2,000-5,000 /month",https://internshala.com/internship/detail/work-from-home-flutter-development-internship-at-quantum-it1711430222,internshala
164,wordpress development - elementor intern (part time),RGB Designers,web development,"data science, report writing, content writing, molecular biology techniques, bioinformatics","Limerine is at the forefront of innovation in life sciences and biotechnology. We are seeking passionate and driven interns to join our dynamic team. If you have a keen interest in cutting-edge research and a desire to contribute to the future of biotechnology, this internship is for you.

Selected intern's day-to-day responsibilities include:

1. Conducting in-depth research: Delving into various topics within the realm of biotechnology, with a focus on areas such as computer vision, generative models, health (computational biology, genomics), natural language processing, optimization, reinforcement learning and representation learning, statistical learning theory, sequential decision making, security, privacy & fairness, quantum computing, robotics, and machine learning, deep learning
2. Researching and writing papers: Writing papers, scientific notes, and diverse content types, ensuring accuracy and alignment with Limerine's guidelines
3. Collaborating with cross-functional team members to integrate your research findings into a cohesive and impactful paper
4. Staying informed: Keeping abreast of the latest trends and developments in life sciences and biotechnology, contributing to our commitment to staying at the forefront of the industry


If you're ready to embark on a journey of exploration and innovation in biotechnology, send your resume outlining your interest and relevant experience to this internship opportunity.

Join us at Limerine and be part of a team that's shaping the future of life sciences and biotechnology using AI!. Bioinformatics , Content Writing , Data Science , Molecular Biology Techniques , Report Writing","wordpress development - elementor intern (part time) web development data science, report writing, content writing, molecular biology techniques, bioinformatics Limerine is at the forefront of innovation in life sciences and biotechnology. We are seeking passionate and driven interns to join our dynamic team. If you have a keen interest in cutting-edge resear",unknown,internship,no experience required,"₹ 10,000 /month",https://internshala.com/internship/detail/part-time-wordpress-development-elementor-internship-in-chennai-at-rgb-designers1711437037,internshala
165,scientific research writing-biotech/life science with artificial intelligence intern,Limerine Software Private Limited,research,"html&css, javascript","Selected intern's day-to-day responsibilities include:

1. Collaborate with the development team to design, develop, and implement interactive AR experiences for web platforms using technologies such as WebXR,Three.js
2. Assist in creating and optimizing 3D assets, animations, and other multimedia content for AR applications
3. Conduct testing and debugging of AR applications across various devices and browsers to ensure optimal performance and user experience
4. Stay updated on the latest trends, tools, and techniques in AR developer development trends, tools, and techniques meant and innovative ideas to enhance our AR projects
5. Document the development process, including code documentation, technical specifications, and best practices, to facilitate knowledge sharing and project continuity
6. Work closely with cross-functional teams including designers, artists, and QA testers to ensure the successful delivery of AR projects within the defined timelines and requirements

Qualifications:

1. Currently, pursuing a degree in Console game development, Computer Science
2. Strong programming skills in Three.js, JavaScript, HTML, and CSS
3.  Familiarity with AR development frameworks and libraries
4. Familiarity with version control systems Unity, and Blender
5. Knowledge of responsive web design principles. HTML&CSS , JavaScript","scientific research writing-biotech/life science with artificial intelligence intern research html&css, javascript Selected intern's day-to-day responsibilities include:

1. Collaborate with the development team to design, develop, and implement interactive AR experiences for web platforms using technologies such ",unknown,internship,no experience required,"₹ 10,000-12,000 /month",https://internshala.com/internship/detail/scientific-research-writing-biotech-life-science-with-artificial-intelligence-internship-in-gurgaon-at-limerine-software-private-limited1711435011,internshala
166,three.js developer intern (remote),Connex India,game development,"next.js, redux, mongodb, tailwind css, node.js","As a Full Stack Development intern at Brihat Infotech Private Limited, you will have the opportunity to work with cutting-edge technologies such as Tailwind CSS, Next.js, Redux, Node.js, and MongoDB. This exciting role will allow you to gain valuable hands-on experience in developing innovative web applications and enhancing your skills in front-end and back-end development.

Key responsibilities:
1. Collaborate with the development team to design and implement new features using Tailwind CSS and Next.js.
2. Utilize Redux for state management and ensure seamless integration with the front-end.
3. Build robust server-side applications using Node.js and MongoDB for efficient data storage and retrieval.
4. Perform code reviews and provide constructive feedback to improve code quality and maintainability.
5. Troubleshoot and debug issues to ensure smooth functionality of web applications.
6. Stay updated on the latest trends and technologies in full stack development to enhance your skills.
7. Contribute to the overall success of projects by actively participating in team meetings and brainstorming sessions. 

Join us at Brihat Infotech Private Limited for an immersive internship experience where you can showcase your talents and grow as a Full Stack Developer!. MongoDB , Next.js , Node.js , Redux , Tailwind CSS","three.js developer intern (remote) game development next.js, redux, mongodb, tailwind css, node.js As a Full Stack Development intern at Brihat Infotech Private Limited, you will have the opportunity to work with cutting-edge technologies such as Tailwind CSS, Next.js, Redux, Node.js, and MongoDB. ",unknown,internship,no experience required,"₹ 5,000 /month",https://internshala.com/internship/detail/work-from-home-threejs-development-internship-at-connex-india1711433650,internshala
167,full stack development intern (remote),Brihat Infotech Private Limited,web development,"redux, rest api, html, javascript, reactjs, node.js, css","Selected intern's day-to-day responsibilities include: 

1. Enhance React JS skills and learn to manage dynamic content effectively
2. Explore advanced JavaScript features and React libraries to improve UI and functionality
3. Collaborate with backend teams to integrate frontend with backend services seamlessly. CSS , HTML , JavaScript , Node.js , ReactJS , Redux , REST API","full stack development intern (remote) web development redux, rest api, html, javascript, reactjs, node.js, css Selected intern's day-to-day responsibilities include: 

1. Enhance React JS skills and learn to manage dynamic content effectively
2. Explore advanced JavaScript features and React libraries to impro",unknown,internship,no experience required,$ 200 /month,https://internshala.com/internship/detail/work-from-home-full-stack-development-internship-at-brihat-infotech-private-limited1711432669,internshala
168,front end development intern (remote),"Hiqsense Smart Systems LTD (Saskatoon, Canada)",web development,"animation, user interface (ui) development, adobe after effects, figma, html, display advertising, wireframing, research and analytics, css","Selected intern's day-to-day responsibilities include:

1. Assist in the development and maintenance of WordPress websites, ensuring they are functional, user-friendly, and visually appealing
2. Work closely with our development team to implement new features and functionalities using the Elementor page builder
3. Participate in the conversion of comprehensive layout and wireframes into working pages, ensuring responsiveness and cross-browser compatibility
4. Collaborate with project managers, designers, and other team members to ensure the seamless integration of web designs and functionalities
5. Engage in the customization and optimization of WordPress themes and plugins to meet project requirements
6. Contribute to the maintenance and updates of existing websites, including troubleshooting and fixing issues as they arise
7. Participate in team meetings and contribute to the brainstorming and ideation process for new projects and features
8. Learn and apply SEO principles and web standards to ensure all projects meet current guidelines and best practices. Adobe After Effects , Animation , CSS , Display Advertising , Figma , HTML , Research and Analytics , User Interface (UI) Development , Wireframing","front end development intern (remote) web development animation, user interface (ui) development, adobe after effects, figma, html, display advertising, wireframing, research and analytics, css Selected intern's day-to-day responsibilities include:

1. Assist in the development and maintenance of WordPress websites, ensuring they are functional, user-friendly, and visually appealing
2. Work ",unknown,internship,no experience required,"₹ 5,000-10,000 /month",https://internshala.com/internship/detail/work-from-home-front-end-development-internship-at-hiqsense-smart-systems-ltd1711431714,internshala
169,wordpress development intern (remote),"Kotton King (Singapore, Singapore)",web development,"ms-excel, ms-powerpoint, english proficiency (spoken), english proficiency (written)","Selected intern's day-to-day responsibilities include: 

1. Analyze business processes, identify gaps and areas for improvement, and develop solutions to increase efficiency and profitability
2. Collaborate with cross-functional teams to gather and analyze data, develop reports, and make recommendations to senior management
3. Develop and maintain business process documentation, including flowcharts, diagrams, and functional specifications
4. Monitor and report on key performance indicators (KPIs) to measure the effectiveness of business processes
5. Provide support in the implementation of new systems, processes, and procedures
6. Collaborate with stakeholders to understand business requirements and translate them into functional specifications
7. Conduct research and analysis to support business strategy and decision-making
8. Develop and maintain relationships with key stakeholders to facilitate communication and ensure project success
9. Stay up-to-date with industry trends, best practices, and technologies related to business analysis and process improvement

Skills:

1. Strong analytical skills and attention to detail
2. Excellent communication and interpersonal skills
3. Proficient in data analysis, report writing, and presentation skills
4. Strong problem-solving skills and ability to think creatively
5. Experience with project management methodologies and tools
6. Ability to work independently and as part of a team
7. Strong organizational skills and ability to multitask. English Proficiency (Spoken) , English Proficiency (Written) , MS-Excel , MS-PowerPoint","wordpress development intern (remote) web development ms-excel, ms-powerpoint, english proficiency (spoken), english proficiency (written) Selected intern's day-to-day responsibilities include: 

1. Analyze business processes, identify gaps and areas for improvement, and develop solutions to increase efficiency and profitability
2. Colla",unknown,internship,no experience required,"₹ 20,000-30,000 /month",https://internshala.com/internship/detail/work-from-home-wordpress-development-internship-at-kotton-king1711430690,internshala
170,business analytics intern,Velozity Global Solutions,business analytics,"mean/mern stack, tailwind css, javascript","Selected intern's day-to-day responsibilities include: 

1. Creating custom contexts/hooks/states/effects for the working of components 
2. Supporting and communicating with the back-end team in a timely fashion. JavaScript , MEAN/MERN Stack , Tailwind CSS","business analytics intern business analytics mean/mern stack, tailwind css, javascript Selected intern's day-to-day responsibilities include: 

1. Creating custom contexts/hooks/states/effects for the working of components 
2. Supporting and communicating with the back-end team in a tim",unknown,internship,no experience required,"₹ 5,000-10,000 /month",https://internshala.com/internship/detail/business-analytics-internship-in-bangalore-at-velozity-global-solutions1711428538,internshala
172,data generation (malayalam) intern (part time/remote),Indika AI Private Limited,general,"ms-excel, research and analytics, english proficiency (spoken), english proficiency (written)","Selected intern's day-to-day responsibilities include:

1. Mining research papers from different research databases
2. Collating the list of papers based on an established criterion
3. Working on the literature review of chapters based on topics under discussion
4. Assisting in data analytics and statistical analysis for the same
5. Working on the tabulation of literature review papers
6. Engaging in research writing
7. Working on academic content development
8. Making presentations for training programs
9. Writing LinkedIn articles, Twitter tweets, and articles
10. Creating content for Instagram posts and reels and working on YouTube videos

Notes:

1. This is a credits-based internship, and you will be required to earn credits by completing the assignments as assigned.
2. Competencies Required: Strong English (Written, Spoken, Reading), PPT Making, Excel, Canva, Open Athens Repository.
3. Behaviors Expected: Proactiveness, Openness, Flexibility, Creative Thinking, Planning, Prioritizing, & Organizing.
4. Work from the office twice a week in Sholinganallur, Chennai.. English Proficiency (Spoken) , English Proficiency (Written) , MS-Excel , Research and Analytics","data generation (malayalam) intern (part time/remote) general ms-excel, research and analytics, english proficiency (spoken), english proficiency (written) Selected intern's day-to-day responsibilities include:

1. Mining research papers from different research databases
2. Collating the list of papers based on an established criterion
3. Working on the ",unknown,internship,no experience required,"₹ 3,000 /month +  Incentives",https://internshala.com/internship/detail/work-from-home-part-time-data-generation-malayalam-internship-at-indika-ai-private-limited1711428067,internshala
173,academic research (learning sciences) intern (part time),Aman Jain,research,"html&css, flask, rest api, python, django, software testing","Selected intern's day-to-day responsibilities include: 

1. Collaborate with cross-functional teams to develop and maintain web applications using Django
2. Design, implement, and maintain efficient, reusable, and reliable code
3. Follow best practices in software development, including code reviews, testing, and documentation
4. Participate in the design and implementation of microservices architecture
5. Troubleshoot and resolve issues, bugs, and performance bottlenecks
6. Stay up-to-date with emerging technologies and industry trends

Requirements:

1. Proficiency in Python and Django
2. Strong understanding of micro-services architecture and its principles
3. Experience with RESTful API development
4. Familiarity with front-end technologies such as HTML, CSS, and JavaScript
5. Knowledge of ERP systems is a plus
6. Strong problem-solving and debugging skills
7. Excellent communication and teamwork abilities
8. Ability to work in an agile development environment
9. Bachelor's degree in Computer Science or a related field (preferred). Django , Flask , HTML&CSS , Python , REST API , Software Testing","academic research (learning sciences) intern (part time) research html&css, flask, rest api, python, django, software testing Selected intern's day-to-day responsibilities include: 

1. Collaborate with cross-functional teams to develop and maintain web applications using Django
2. Design, implement, and maintain efficient, ",unknown,internship,no experience required,"₹ 10,000-20,000 /month",https://internshala.com/internship/detail/part-time-academic-research-learning-sciences-internship-in-chennai-at-aman-jain1711427233,internshala
174,django development intern,Webknot Technologies Private Limited,software engineering,"natural language processing (nlp), python, deep learning, machine learning","Selected intern's day-to-day responsibilities include: 

1. Assist in the research and development of Computer Vision algorithms for various applications, including object detection, tracking, and segmentation.
2. Contribute to the development and optimization of Real-Time Face Recognition systems, including face detection, identification, and verification.
3. Collaborate with team members to collect and preprocess data for training and testing AI models.
4. Experiment with different deep learning architectures and frameworks to improve the performance of AI algorithms.
5. Support the integration of AI solutions into existing software systems and platforms.
6. Stay updated with the latest advancements in AI and Computer Vision research, and apply them to enhance our products and services.
7. Document and present research findings, methodologies, and results to the team.. Deep Learning , Machine Learning , Natural Language Processing (NLP) , Python","django development intern software engineering natural language processing (nlp), python, deep learning, machine learning Selected intern's day-to-day responsibilities include: 

1. Assist in the research and development of Computer Vision algorithms for various applications, including object detection, tracking, and seg",unknown,internship,no experience required,"₹ 5,500 /month",https://internshala.com/internship/detail/django-development-internship-in-bangalore-at-webknot-technologies-private-limited1711427048,internshala
175,artificial intelligence (ai) intern (remote),AI Lab Solutions,artificial intelligence,"next.js, html&css, redux, rest api, javascript, reactjs","Selected intern's day-to-day responsibilities include: 

1. Working in coordination with the development team to discuss user interface ideas and applications
2. Reviewing application requirements and interface designs
3. Identifying web-based user interactions
4. Developing and implementing highly responsive user interface components using React concepts
5. Writing application interface codes using JavaScript following React.js workflows
6. Working on troubleshooting the interface software and debugging application codes
7. Developing and implementing front-end architecture to support user interface concepts
8. Monitoring and improving front-end performance
9. Documenting application changes and developing updates. HTML&CSS , JavaScript , Next.js , ReactJS , Redux , REST API","artificial intelligence (ai) intern (remote) artificial intelligence next.js, html&css, redux, rest api, javascript, reactjs Selected intern's day-to-day responsibilities include: 

1. Working in coordination with the development team to discuss user interface ideas and applications
2. Reviewing application requirements and",unknown,internship,no experience required,"₹ 10,000-20,000 /month",https://internshala.com/internship/detail/work-from-home-artificial-intelligence-ai-internship-at-ai-lab-solutions1711426682,internshala
176,reactjs development intern,Webknot Technologies Private Limited,web development,"html, node.js, javascript, css","Selected intern's day-to-day responsibilities include developing the given Figma files.

Skills & Requirements:

1. Knowledge of HTML CSS JS basics
2. Understanding the differences between multiple delivery platforms, such as mobile vs desktop, and optimizing output to match the specific platform
3. Able to create database schemes that represent and support business processes
4. Strong unit test and debugging skills. CSS , HTML , JavaScript , Node.js","reactjs development intern web development html, node.js, javascript, css Selected intern's day-to-day responsibilities include developing the given Figma files.

Skills & Requirements:

1. Knowledge of HTML CSS JS basics
2. Understanding the differences between multiple de",unknown,internship,no experience required,"₹ 20,000-30,000 /month",https://internshala.com/internship/detail/reactjs-development-internship-in-bangalore-at-webknot-technologies-private-limited1711382965,internshala
177,web development intern,Velozity Global Solutions,software engineering,"html, javascript, reactjs, mongodb, node.js, css","Selected intern's day-to-day responsibilities include: 

1. Create RESTful APIs using Node.js
2. Develop and manage the front-end of web applications using ReactJS
3. Work on understanding and implementing the concepts into the front end and backend accordingly
4. Help build interactive and responsive web applications
5. Work on optimizing components for maximum performance
6. Work on performance evaluation & debugging tools for JavaScript
7. Write technical documentation. CSS , HTML , JavaScript , MongoDB , Node.js , ReactJS","web development intern software engineering html, javascript, reactjs, mongodb, node.js, css Selected intern's day-to-day responsibilities include: 

1. Create RESTful APIs using Node.js
2. Develop and manage the front-end of web applications using ReactJS
3. Work on understanding and impleme",unknown,internship,no experience required,"₹ 20,000-30,000 /month",https://internshala.com/internship/detail/web-development-internship-in-bangalore-at-velozity-global-solutions1711374496,internshala
178,full stack development intern,Velozity Global Solutions,web development,"android, flutter, ios","Flutter Mobile Application Developer:

Design and develop applications: Use flutter to design and build advanced applications for cross-platform compatibility
Work with data sources: Work with external data sources and APIs
Ensure quality: Ensure the performance, quality, and responsiveness of applications
Implement features: Assist in the implementation of new features and functionality based on project requirements
Support user workflows: Develop and implement software to support user workflows
Deliver components: Deliver UI, functionality, and/or bug fixes
Integrate APIs: Integrate with backend APIs and services to fetch and manage data within the application
Test and debug: Assist in conducting testing and debugging of the mobile applications to ensure optimal performance, usability, and reliability. Android , Flutter , iOS","full stack development intern web development android, flutter, ios Flutter Mobile Application Developer:

Design and develop applications: Use flutter to design and build advanced applications for cross-platform compatibility
Work with data sources: Work with externa",unknown,internship,no experience required,"₹ 10,000-15,000 /month",https://internshala.com/internship/detail/full-stack-development-internship-in-bangalore-at-velozity-global-solutions1711374333,internshala
179,flutter development intern,Velvetek Systems,mobile development,"php, wordpress, html, javascript, mysql, css","1.  Assist in project planning: Collaborate with the team to understand objectives.
2.  Coding and Development: Design responsive websites using HTML, CSS, JavaScript.
3.  Testing and Debugging: Conduct thorough testing for functionality and performance.
4. Feature Implementation: Support adding new features under guidance.
5.  Optimization: Improve site speed, scalability, and security.
6.  Documentation: Maintain organized records of code changes and updates.
7.  Collaboration: Communicate progress and ideas effectively within the team.
8. Learning and Development: Stay updated on industry trends and technologies.
9.  Feedback Incorporation: Actively seek and apply feedback for improvement.
10.  Adaptability: Be flexible and open to new challenges and technologies.
11.  Time Management: Prioritize tasks and meet deadlines efficiently.
12.  Professionalism: Maintain a positive attitude and commitment to goals.. CSS , HTML , JavaScript , MySQL , PHP , WordPress","flutter development intern mobile development php, wordpress, html, javascript, mysql, css 1.  Assist in project planning: Collaborate with the team to understand objectives.
2.  Coding and Development: Design responsive websites using HTML, CSS, JavaScript.
3.  Testing and Debugging: Condu",unknown,internship,no experience required,"₹ 3,000-7,000 /month",https://internshala.com/internship/detail/flutter-development-internship-in-thrissur-at-velvetek-systems1711364542,internshala
180,web development intern,Velvetek Systems,software engineering,"redux, react, bootstrap, tailwind css, git, css","Selected intern's day-to-day responsibilities include:

1. Collaborate with cross-functional teams to define, design, and ship new features
2. Develop user interfaces and components using React.js best practices
3. Work closely with the UX/UI design team to implement responsive and visually appealing designs
4. Write clean, efficient, and maintainable code
5. Troubleshoot, debug and resolve software defects and issues
6. Stay up-to-date with the latest industry trends and technologies to ensure the best possible solutions are implemented
7. Contribute to the continuous improvement of development processes and methodologies. Bootstrap , CSS , Git , React , Redux , Tailwind CSS","web development intern software engineering redux, react, bootstrap, tailwind css, git, css Selected intern's day-to-day responsibilities include:

1. Collaborate with cross-functional teams to define, design, and ship new features
2. Develop user interfaces and components using React.js bes",unknown,internship,no experience required,"₹ 10,000 /month",https://internshala.com/internship/detail/web-development-internship-in-thrissur-at-velvetek-systems1711364102,internshala
181,react native development - remote/wfh intern (remote),QUARTERSTACK TECHNOLOGIES PRIVATE LIMITED,mobile development,"redux, rest api, html, react, javascript, reactjs, mongodb, node.js, react native","Selected intern's day-to-day responsibilities include: 

1. Working with React Native, React to create a web, mobile application
2. React Native knowledge is optional.
3. Working with third-party APIs to render data on the web page
4. Creating single page application with routes. HTML , JavaScript , MongoDB , Node.js , React , ReactJS , React Native , Redux , REST API","react native development - remote/wfh intern (remote) mobile development redux, rest api, html, react, javascript, reactjs, mongodb, node.js, react native Selected intern's day-to-day responsibilities include: 

1. Working with React Native, React to create a web, mobile application
2. React Native knowledge is optional.
3. Working with third-party APIs",unknown,internship,no experience required,"₹ 2,000-4,000 /month",https://internshala.com/internship/detail/work-from-home-react-native-development-remote-wfh-internship-at-quarterstack-technologies-private-limited1711369569,internshala
182,reactjs development intern (part time/remote),Stakesmen,web development,"wordpress, html, english proficiency (spoken), javascript, bootstrap, reactjs, mysql, english proficiency (written), css","Are you a passionate and talented Web Development intern eager to make a difference? Look no further! Aadi Foundation is seeking a dynamic individual with expertise in HTML, CSS, JavaScript, WordPress, and ReactJS to join our team.

1. Collaborate with our seasoned developers to create responsive and user-friendly websites using HTML, CSS, and JavaScript.
2. Assist in the implementation and customization of WordPress themes and plugins, ensuring a seamless user experience.
3. Contribute to the development of interactive web applications using ReactJS, enhancing the overall functionality and performance.
4. Support the maintenance and troubleshooting of existing websites, ensuring they remain current and optimized for performance.
5. Stay up to date with the latest industry trends and best practices, recommending innovative solutions to improve our web development processes.
6. Conduct thorough testing and debugging to identify and resolve issues, ensuring high-quality deliverables.
7. Collaborate with cross-functional teams to develop creative solutions, optimizing website performance and user experience.

If you're a motivated self-starter with a strong foundation in web development and a desire to learn and grow, this is the perfect opportunity for you. Join us at Aadi Foundation and be part of a team dedicated to empowering individuals through technology. Apply now and let your skills shine!. Bootstrap , CSS , English Proficiency (Spoken) , English Proficiency (Written) , HTML , JavaScript , MySQL , ReactJS , WordPress","reactjs development intern (part time/remote) web development wordpress, html, english proficiency (spoken), javascript, bootstrap, reactjs, mysql, english proficiency (written), css Are you a passionate and talented Web Development intern eager to make a difference? Look no further! Aadi Foundation is seeking a dynamic individual with expertise in HTML, CSS, JavaScript, WordPress",unknown,internship,no experience required,Unpaid,https://internshala.com/internship/detail/work-from-home-part-time-reactjs-development-internship-at-stakesmen1711368494,internshala
183,web development intern (part time/remote),Aadi Foundation,software engineering,"j2ee, hibernate (java), jsp, mysql, spring mvc, java","We are thrilled to announce an exciting opportunity for a Java Development intern to join our team at Aadi Foundation. If you are passionate about Java programming and eager to gain hands-on experience in a dynamic environment, then this role is perfect for you.

Key Responsibilities:
1. Collaborate with our development team to design, develop, and implement Java-based applications.
2. Utilize your knowledge of Hibernate, MySQL, J2EE, JSP, and Spring MVC to create efficient and scalable solutions.
3. Participate in code reviews and provide feedback to enhance the quality of our software.
4. Work closely with senior developers to troubleshoot issues and optimize performance.
5. Assist in the documentation and maintenance of our codebase to ensure seamless integration with existing systems.
6. Stay updated on the latest Java technologies and trends to contribute innovative ideas to our projects.
7. Contribute to the overall success of our organization by actively participating in team meetings and projects. 

If you are eager to kickstart your career in Java development and make a meaningful impact, apply now to join our team at Aadi Foundation.. Hibernate (Java) , J2EE , Java , JSP , MySQL , Spring MVC","web development intern (part time/remote) software engineering j2ee, hibernate (java), jsp, mysql, spring mvc, java We are thrilled to announce an exciting opportunity for a Java Development intern to join our team at Aadi Foundation. If you are passionate about Java programming and eager to gain hands-on experienc",unknown,internship,no experience required,"₹ 15,000 /month",https://internshala.com/internship/detail/work-from-home-part-time-web-development-internship-at-aadi-foundation1711350468,internshala
184,java development intern (remote),Aadi Foundation,software engineering,"php, wordpress, html, javascript, mysql, drupal, css","WordPress Development Intern

Are you a tech-savvy individual with a passion for web development? Join our team at TechEnhance as a WordPress Development Intern and take your skills to the next level! We are seeking a motivated individual who is well-versed in WordPress, HTML, CSS, PHP, JavaScript, LARAVEL, CakePHP, and Bootstrap to assist our skilled development team in creating innovative websites and web applications.

Responsibilities:
1. Collaborate with our development team to create and maintain WordPress websites and themes.
2. Customize WordPress plugins to meet project requirements and enhance functionality.
3. Implement responsive web design using HTML, CSS, and Bootstrap to ensure seamless user experience across devices.
4. Develop and integrate APIs and web services to enhance website functionality and data management.
5. Troubleshoot and resolve any website performance or compatibility issues.
6. Participate in code reviews and adhere to coding standards to ensure high-quality deliverables.
7. Stay up-to-date with the latest web development trends and technologies to suggest improvements and innovative solutions.

Join us at TechEnhance and gain hands-on experience in a dynamic and supportive environment. Show off your skills, unleash your creativity, and make a real impact in the world of web development. Apply now to kickstart your career!. CSS , Drupal , HTML , JavaScript , MySQL , PHP , WordPress","java development intern (remote) software engineering php, wordpress, html, javascript, mysql, drupal, css WordPress Development Intern

Are you a tech-savvy individual with a passion for web development? Join our team at TechEnhance as a WordPress Development Intern and take your skills to the next level!",unknown,internship,no experience required,"₹ 7,000 /month",https://internshala.com/internship/detail/work-from-home-java-development-internship-at-aadi-foundation1711350194,internshala
185,wordpress development intern,TechEnhance,web development,"html, amazon web server (aws), node.js, react","Selected intern's day-to-day responsibilities include: 

1. Work on assigned coding tasks, which could range from fixing bugs to developing new features under the guidance of a mentor. You'll be expected to write clean, efficient, and well-documented code.
2. Engage with the product management or customer service teams to understand user feedback and consider how it might inform your development work.. Amazon Web Server (AWS) , HTML , Node.js , React","wordpress development intern web development html, amazon web server (aws), node.js, react Selected intern's day-to-day responsibilities include: 

1. Work on assigned coding tasks, which could range from fixing bugs to developing new features under the guidance of a mentor. You'll be expec",unknown,internship,no experience required,"₹ 5,000 /month +  Incentives",https://internshala.com/internship/detail/wordpress-development-internship-in-bangalore-at-techenhance1711303294,internshala
186,web development intern (remote),AutofillJobs,software engineering,"angular 7.0, flutter, html, react, javascript, bootstrap, node.js, dart, css","Selected intern's day-to-day responsibilities include:

1. Task Management: Stay organized and on top of your tasks, ensuring timely completion and reporting progress
2. Tech Exploration: Dive into new technologies and incorporate them into your projects to keep our solutions fresh and innovative
3. Code Wizardry: Turn design concepts into reality by writing code using HTML, CSS, and JavaScript in the Angular framework
4. Web Page Creation: Create eye-catching and responsive web pages that captivate users and deliver seamless experiences

Key Competencies and skills:

1. Angular 7.0 Mastery: Proficiency in Angular 7.0 for building powerful web applications
2. Bootstrap Brilliance: Familiarity with Bootstrap to create sleek and consistent designs
3. CSS Wizardry: Strong grasp of CSS to style and arrange web elements flawlessly
4. JavaScript Jedi: Solid understanding of JavaScript to add interactivity and dynamism to your creations
5. HTML Hero: Skillful in HTML for structuring and presenting web content effectively
6. Node.js Navigators: Basic understanding of Node.js to collaborate on full-stack projects

Soft skills and traits:

1. Working effectively in our tech-savvy consultancy requires these qualities
2. Adaptability: Embrace change and learn new skills as our projects evolve
3. Problem-Solving Prowess: Tackle challenges head-on and find creative solutions
4. Detail-Oriented: Sweat the small stuff to ensure every aspect of your work is top-notch
5. Communication Champions: Keep the virtual lines of communication open and clear
6. Team Player: Collaborate seamlessly with our diverse team, even from a distance. Angular 7.0 , Bootstrap , CSS , Dart , Flutter , HTML , JavaScript , Node.js , React","web development intern (remote) software engineering angular 7.0, flutter, html, react, javascript, bootstrap, node.js, dart, css Selected intern's day-to-day responsibilities include:

1. Task Management: Stay organized and on top of your tasks, ensuring timely completion and reporting progress
2. Tech Exploration: Dive into ne",unknown,internship,no experience required,"₹ 5,000 /month",https://internshala.com/internship/detail/work-from-home-web-development-internship-at-autofilljobs1711290226,internshala
187,angular/react development intern (remote),NextEdge Labs,web development,"android, php, wordpress","Selected intern's day-to-day responsibilities include developing the website entirely, including the front end and back end.. Android , PHP , WordPress","angular/react development intern (remote) web development android, php, wordpress Selected intern's day-to-day responsibilities include developing the website entirely, including the front end and back end.. Android , PHP , WordPress",unknown,internship,no experience required,"₹ 3,000-7,000 /month",https://internshala.com/internship/detail/work-from-home-angular-react-development-internship-at-nextedge-labs1711282311,internshala
188,web development intern,Star Production,software engineering,"php, javascript, reactjs, ajax, jquery, mongodb, vue js, mysql, laravel","Are you a talented PHP developer looking to gain real-world experience in a dynamic and fast-paced environment? Look no further than EDZLearn Services Private Limited! As a PHP Development intern, you will have the opportunity to work with cutting-edge technologies like PHP, JavaScript, MySQL, jQuery, AJAX, Laravel, ReactJS, Vue Js, and MongoDB. 

Selected intern's day-to-day responsibilities include:

1. Collaborate with our experienced development team to create and maintain high-quality PHP applications
2. Write clean, efficient, and well-documented code to meet project requirements
3. Assist in troubleshooting and debugging issues to ensure optimal performance of our applications
4. Participate in meetings and brainstorming sessions to contribute innovative ideas for project improvement
5. Stay updated on the latest industry trends and technologies to enhance your skill set
6. Work on both front-end and back-end development tasks to gain a comprehensive understanding of the development process
7. Take ownership of your projects and deliver results that exceed client expectations. 

If you are a self-motivated individual with a passion for PHP development, we want to hear from you! Join us at EDZLearn Services Private Limited and kickstart your career in the world of web development. Apply now and take the first step towards an exciting and rewarding internship experience!. AJAX , JavaScript , jQuery , LARAVEL , MongoDB , MySQL , PHP , ReactJS , Vue Js","web development intern software engineering php, javascript, reactjs, ajax, jquery, mongodb, vue js, mysql, laravel Are you a talented PHP developer looking to gain real-world experience in a dynamic and fast-paced environment? Look no further than EDZLearn Services Private Limited! As a PHP Development intern, you",unknown,internship,no experience required,"₹ 5,000-8,000 /month",https://internshala.com/internship/detail/web-development-internship-in-delhi-at-star-production1711279481,internshala
189,php react full stack development intern (remote),EDZLearn Services Private Limited,web development,"data science, natural language processing (nlp), report writing, neural networks, data structures, python, machine learning, amazon web server (aws), subject matter expert (sme), english proficiency (written), deep learning, ux research","Selected intern's day-to-day responsibilities include: 

1. Work on coding and conducting research in AI/ML/Web/tech - quality check
2. Work on project scope setting

This involves a large portion of report preparation and academic paper preparations.. Amazon Web Server (AWS) , Data Science , Data Structures , Deep Learning , English Proficiency (Written) , Machine Learning , Natural Language Processing (NLP) , Neural Networks , Python , Report Writing , Subject Matter Expert (SME) , UX Research","php react full stack development intern (remote) web development data science, natural language processing (nlp), report writing, neural networks, data structures, python, machine learning, amazon web server (aws), subject matter expert (sme), english proficiency (written), deep learning, ux research Selected intern's day-to-day responsibilities include: 

1. Work on coding and conducting research in AI/ML/Web/tech - quality check
2. Work on project scope setting

This involves a large portion of ",unknown,internship,no experience required,"₹ 10,000-30,000 /month",https://internshala.com/internship/detail/work-from-home-php-react-full-stack-development-internship-at-edzlearn-services-private-limited1711255657,internshala
190,subject matter expert (sme) intern (part time/remote),House Of Couton Private Limited,content writing,node.js,"Selected intern's day-to-day responsibilities include: 

1. Building back-end API using Node.js and Express.js
2. Building reusable and clean code
3. Creating database schemas that represent and support business processes
4. Building REST API
5. Optimizing the application for maximum speed and scalability with DB optimization and better data structure
7. Understanding code versioning tools, such as Git
8. Working with front-end technologies, such as HTML5, and CSS3. Node.js","subject matter expert (sme) intern (part time/remote) content writing node.js Selected intern's day-to-day responsibilities include: 

1. Building back-end API using Node.js and Express.js
2. Building reusable and clean code
3. Creating database schemas that represent and suppo",unknown,internship,no experience required,"₹ 10,000-12,000 /month",https://internshala.com/internship/detail/work-from-home-part-time-subject-matter-expert-sme-internship-at-house-of-couton-private-limited1711226967,internshala
191,node.js development intern (part time/remote),Rydeu Logistics UG,web development,web development,"Selected intern's day-to-day responsibilities include:

1. Designing and building responsive and mobile-friendly websites optimised for different devices and browsers
2. Writing clean, efficient, and well-documented code using languages such HTML, CSS, XML and JavaScript
3. Implementing and maintaining website content management systems
4. Troubleshooting and debugging issues to ensure websites are functioning correctly. Certificate ,  Letter of recommendation ,  Flexible work hours ,  5 days a week","node.js development intern (part time/remote) web development web development Selected intern's day-to-day responsibilities include:

1. Designing and building responsive and mobile-friendly websites optimised for different devices and browsers
2. Writing clean, efficient, and ",unknown,internship,no experience required,"₹ 6,000-9,000 /month",https://internshala.com/internship/detail/work-from-home-part-time-nodejs-development-internship-at-rydeu-logistics-ug1711201889,internshala
192,web developer intern (part time/remote),Vikalp India Private Limited,software engineering,"data analytics, data science, python, natural language processing (nlp)","Selected intern's day-to-day responsibilities include:

1. Collaborate with our experienced team to develop and implement innovative Machine Learning models and algorithms
2. Design, build, and maintain robust and scalable data pipelines
3. Conduct thorough data analysis to identify trends, patterns, and insights that can enhance our products
4. Research and explore cutting-edge techniques in Deep Learning and NLP to improve our core algorithms
5. Assist in developing and optimizing data-driven solutions to enhance user experience and drive business growth
6. Work closely with cross-functional teams to understand business requirements and translate them into actionable strategies
7. Stay up-to-date with the latest advancements in Machine Learning and apply them effectively to solve real-world problems

Note: Application open only for 2023/2024 Passouts.. Data Analytics , Data Science , Natural Language Processing (NLP) , Python","web developer intern (part time/remote) software engineering data analytics, data science, python, natural language processing (nlp) Selected intern's day-to-day responsibilities include:

1. Collaborate with our experienced team to develop and implement innovative Machine Learning models and algorithms
2. Design, build, and mainta",unknown,internship,no experience required,"₹ 6,000 /month",https://internshala.com/internship/detail/work-from-home-part-time-web-developer-internship-at-vikalp-india-private-limited1711192235,internshala
193,data science intern,AgentInsights,data analytics,"next.js, node.js, postgresql","As a Full Stack Development intern at Legit Farms, you will have the opportunity to work with cutting-edge technologies such as Next.js, Node.js, and PostgreSQL. You will be an integral part of our dynamic team, contributing to the development of our innovative software solutions for the agriculture industry. 

""Accommodation will be provided along with the Stipend In Bangalore near the office location""

Seldected intern's day-to-day responisbilities:

1. Collaborate with our team to design, develop, and implement new features and functionalities for our web applications using Next.js
2. Utilize Node.js to build scalable and efficient backend systems that support our front-end applications
3. Work with PostgreSQL to create and maintain databases that store critical data for our applications
4. Conduct thorough testing and debugging of code to ensure optimal performance and functionality
5. Assist in the optimization of applications for maximum speed and scalability
6. Stay up-to-date on industry trends and technologies to continually improve our software development processes
7. Contribute to a positive and collaborative work environment, sharing ideas and knowledge with team members to drive innovation and success 

If you are a passionate and driven individual with a strong foundation in Full Stack Development and experience with Next.js, Node.js, and PostgreSQL, we want to hear from you. Join us at Legit Farms and be a part of revolutionizing the agriculture industry with our cutting-edge technology solutions.. Next.js , Node.js , PostgreSQL","data science intern data analytics next.js, node.js, postgresql As a Full Stack Development intern at Legit Farms, you will have the opportunity to work with cutting-edge technologies such as Next.js, Node.js, and PostgreSQL. You will be an integral part of our dy",unknown,internship,no experience required,"₹ 10,000 /month",https://internshala.com/internship/detail/data-science-internship-in-delhi-at-agentinsights1711190331,internshala
195,data analytics intern (part time/remote),Westinbridge Consulting Private Limited,data analytics,"html&css, user interface (ui) development, php, javascript, bootstrap","1. Job Description:

We are looking for a talented and enthusiastic Intern Web Developer or UI Developer to join our team. This is a great opportunity for someone who is passionate about web development and wants to gain hands-on experience in designing and developing the front page of our website.

Selected intern's day-to-day responsibilities include:

1. Assist in designing and developing the front page of our website, ensuring it is visually appealing, easy to navigate, and user-friendly
2. Collaborate with the design team to create wireframes, mockups, and prototypes
3. Implement responsive design principles to ensure the website is accessible on all devices
4. Assist in optimizing website performance and speed
5. Stay up-to-date with the latest web development trends and technologies
6. Work closely with the marketing team to ensure the website aligns with the company's brand and messaging
7. Provide technical support and troubleshooting for website issues

Qualifications:

1. Currently pursuing a degree in Computer Science, Web Development, or a related field
2. Basic understanding of HTML, CSS, and JavaScript
3. Good Knowledge of PHP.
4. Familiarity with front-end frameworks such as Bootstrap or Foundation is a plus
5. Strong problem-solving and communication skills
6. Ability to work independently and as part of a team
6. Passion for web development and a desire to learn and grow in the field. Bootstrap , HTML&CSS , JavaScript , PHP , User Interface (UI) Development","data analytics intern (part time/remote) data analytics html&css, user interface (ui) development, php, javascript, bootstrap 1. Job Description:

We are looking for a talented and enthusiastic Intern Web Developer or UI Developer to join our team. This is a great opportunity for someone who is passionate about web developme",unknown,internship,no experience required,"₹ 5,000-10,000 /month",https://internshala.com/internship/detail/work-from-home-part-time-data-analytics-internship-at-westinbridge-consulting-private-limited1711185521,internshala
196,web development intern (remote),OyeLabs,software engineering,"html, php, laravel, mysql","Selected intern's day-to-day responsibilities include:

1. Work closely with the development team to create feature-rich web applications using PHP, MySQL, HTML, and Laravel
2. Test and optimize web applications to ensure they are bug-free and easy to use
3. Monitor and address technical issues as they arise
4. Assist with developing and improving the company's development process
5. Perform troubleshooting and debugging of web applications. HTML , LARAVEL , MySQL , PHP","web development intern (remote) software engineering html, php, laravel, mysql Selected intern's day-to-day responsibilities include:

1. Work closely with the development team to create feature-rich web applications using PHP, MySQL, HTML, and Laravel
2. Test and optimize web a",unknown,internship,no experience required,"₹ 5,000-10,000 /month",https://internshala.com/internship/detail/work-from-home-web-development-internship-at-oyelabs1711181949,internshala
197,php development intern (remote),OyeLabs,software engineering,wordpress,"Selected intern's day-to-day responsibilities include:

1. Creating WordPress-based websites with plugins as required - Elementor/WPBakery/WooCommerce, etc.
2. Developing UI/UX
3. Managing data & generating reports
4. Managing social media campaigns 
5. Developing campaigns with lead generation forms and landing pages. WordPress","php development intern (remote) software engineering wordpress Selected intern's day-to-day responsibilities include:

1. Creating WordPress-based websites with plugins as required - Elementor/WPBakery/WooCommerce, etc.
2. Developing UI/UX
3. Managing data & gene",unknown,internship,no experience required,"₹ 10,000 /month",https://internshala.com/internship/detail/work-from-home-php-development-internship-at-oyelabs1711181892,internshala
198,wordpress development intern,Matrix International,web development,"dart, apis, flutter","This job listing is for a 1 MONTH internship with opportunity to extend. The role is for a proactive problem-solver who has a strong attention to detail and a desire to continuously improve their skills.  

Selected intern's day-to-day responsibilities and preferences include: 

1. Developing front-end with Flutter
2. Willing to give input on the current design
3. Write clean, maintainable, and efficient code
4. Working with remote APIs to manage data
5. Making the design responsive for web/mobile screen sizes
6. Use git for source control
7. Optimise and ensure compatibility
8. Troubleshoot and debug issues to maintain app stability
9. Communicate well in writing and verbally with the team in English

(Open to candidates who have front-end experience in programming languages other than Flutter as long as they are willing to learn Flutter). APIs , Dart , Flutter","wordpress development intern web development dart, apis, flutter This job listing is for a 1 MONTH internship with opportunity to extend. The role is for a proactive problem-solver who has a strong attention to detail and a desire to continuously improve their skil",unknown,internship,no experience required,"₹ 7,500 /month",https://internshala.com/internship/detail/wordpress-development-internship-in-kolkata-at-matrix-international1711175361,internshala
199,flutter front-end developer intern (part time/remote),"Gedit (London, United Kingdom)",mobile development,"angular 7.0, django","Selected intern's day-to-day responsibilities include:

1. Work on the front end of a large web application using Angular and integrate with the back end built on Django through APIs
2. Work on the back end of a large web application using Django and integrate with the front end built on Angular through APIs
3. Build, update, and maintain web applications on Google Firebase
4. Build, update, and maintain web applications on Amazon EC2. Angular 7.0 , Django","flutter front-end developer intern (part time/remote) mobile development angular 7.0, django Selected intern's day-to-day responsibilities include:

1. Work on the front end of a large web application using Angular and integrate with the back end built on Django through APIs
2. Work on the ba",unknown,internship,no experience required,"₹ 5,000 /month",https://internshala.com/internship/detail/work-from-home-part-time-flutter-front-end-developer-internship-at-gedit1711168725,internshala
200,web development intern (part time/remote),Reach Technologies,software engineering,"html, javascript, mean/mern stack, css","Selected intern's day-to-day responsibilities include:

1. Work on coding the new design of our website
2. Collaborate with the UI/UX team, understand the design, and code it. CSS , HTML , JavaScript , MEAN/MERN Stack","web development intern (part time/remote) software engineering html, javascript, mean/mern stack, css Selected intern's day-to-day responsibilities include:

1. Work on coding the new design of our website
2. Collaborate with the UI/UX team, understand the design, and code it. CSS , HTML , JavaScript ",unknown,internship,no experience required,"₹ 7,000 /month",https://internshala.com/internship/detail/work-from-home-part-time-web-development-internship-at-reach-technologies1711139252,internshala
202,wix designer intern (remote),Design Ladder,ui ux design,"cloud firestore, flutter, rest api, android, dart, firebase, ios, react native","Selected intern's day-to-day responsibilities include:

1. Developing cross-platform apps using flutter
2. Developing apps for mobile (Android and iOS) and web apps
3. Developing and implementing a design, front-end, and back-end
4. Work on Firebase for backend web services
5. Developing mobile apps. Android , Cloud Firestore , Dart , Firebase , Flutter , iOS , React Native , REST API","wix designer intern (remote) ui ux design cloud firestore, flutter, rest api, android, dart, firebase, ios, react native Selected intern's day-to-day responsibilities include:

1. Developing cross-platform apps using flutter
2. Developing apps for mobile (Android and iOS) and web apps
3. Developing and implementing a de",unknown,internship,no experience required,"₹ 5,000 /month",https://internshala.com/internship/detail/work-from-home-wix-designer-internship-at-design-ladder1711114869,internshala
203,flutter development intern (remote),Blackcoffer,mobile development,"data science, python, machine learning, data analytics, deep learning, natural language processing (nlp), r programming","Selected intern's day-to-day responsibilities include:

1. Work on applying and developing ML and AI technologies to solve tech challenges
2. Work on cleaning, managing, extracting, and pre-processing data from various sources having different formats (text, image, audio, video, and related)
3. Work on the existing basic development activities together with the research scientists or other team members. Data Analytics , Data Science , Deep Learning , Machine Learning , Natural Language Processing (NLP) , Python , R Programming","flutter development intern (remote) mobile development data science, python, machine learning, data analytics, deep learning, natural language processing (nlp), r programming Selected intern's day-to-day responsibilities include:

1. Work on applying and developing ML and AI technologies to solve tech challenges
2. Work on cleaning, managing, extracting, and pre-processing",unknown,internship,no experience required,"₹ 25,000 /month",https://internshala.com/internship/detail/work-from-home-flutter-development-internship-at-blackcoffer1711111206,internshala
204,machine learning intern (part time),Buddha Education Association Incorporation,machine learning,"hyperledger, ethereum, javascript, reactjs, python, blockchain, node.js, c++ programming, java","Selected intern's day-to-day responsibilities include: 

1. Defining the need for blockchain and its functions in the organization
2. Designing, developing, and testing blockchain systems
3. Developing application functionality using various coding languages
4. Writing efficient and modular code
5. Setting security measures against various types of cybercrimes
6. Utilizing cryptography techniques to protect against hackers and other cyber attacks
7. Maintaining client and server-side applications
8. Securing the blockchain network with new technologies
9. Enlightening fellow team members on blockchain technology
10. Preparing documentation on the blockchain development processes 
11. Attending meetings, brainstorming sessions, and daily standups to enhance your knowledge of new technologies
12. Adhering to all the rules and regulations of data protection for digital payments
13. Staying updated with the latest crypto technologies for data protection. Blockchain , C++ Programming , Ethereum , Hyperledger , Java , JavaScript , Node.js , Python , ReactJS","machine learning intern (part time) machine learning hyperledger, ethereum, javascript, reactjs, python, blockchain, node.js, c++ programming, java Selected intern's day-to-day responsibilities include: 

1. Defining the need for blockchain and its functions in the organization
2. Designing, developing, and testing blockchain systems
3. Developin",unknown,internship,no experience required,"₹ 18,000 /month",https://internshala.com/internship/detail/part-time-machine-learning-internship-in-multiple-locations-at-buddha-education-association-incorporation1711110569,internshala
205,blockchain development intern (part time),Buddha Education Association Incorporation,blockchain,"data science, neural networks, data structures, python, machine learning, deep learning, natural language processing (nlp)","Selected intern's day-to-day responsibilities include: 

1. Collaborate with senior AI developers to develop natural language processing and computer vision algorithms
2. Collect and preprocess data for machine learning models
3. Analyze and interpret the results of experiments
4. Document and communicate findings to the team
5. Stay up-to-date with the latest research in AI and machine learning. Data Science , Data Structures , Deep Learning , Machine Learning , Natural Language Processing (NLP) , Neural Networks , Python","blockchain development intern (part time) blockchain data science, neural networks, data structures, python, machine learning, deep learning, natural language processing (nlp) Selected intern's day-to-day responsibilities include: 

1. Collaborate with senior AI developers to develop natural language processing and computer vision algorithms
2. Collect and preprocess data f",unknown,internship,no experience required,"₹ 8,000-10,000 /month",https://internshala.com/internship/detail/part-time-blockchain-development-internship-in-multiple-locations-at-buddha-education-association-incorporation1711110454,internshala
206,artificial intelligence (ai) intern (part time),Shubh International,artificial intelligence,"php, wordpress, html, javascript, reactjs, bootstrap, jquery, node.js, mysql, css","Selected intern's day-to-day responsibilities include:

1. Working on PHP web development
2. Working on MySQL databases
3. Handling HTML, CSS, and JS development. Bootstrap , CSS , HTML , JavaScript , jQuery , MySQL , Node.js , PHP , ReactJS , WordPress","artificial intelligence (ai) intern (part time) artificial intelligence php, wordpress, html, javascript, reactjs, bootstrap, jquery, node.js, mysql, css Selected intern's day-to-day responsibilities include:

1. Working on PHP web development
2. Working on MySQL databases
3. Handling HTML, CSS, and JS development. Bootstrap , CSS , HTML , JavaScript ,",unknown,internship,no experience required,"₹ 16,000 /month",https://internshala.com/internship/detail/part-time-artificial-intelligence-ai-internship-in-multiple-locations-at-shubh-international1711110299,internshala
208,marketing research analytics intern (remote),CloutFlow,digital marketing,"php, codeigniter, html, javascript, ajax, jquery, mysql, laravel","Selected intern's day-to-day responsibilities include: 

1. Demonstrate independent coding proficiency
2. Apply Object-Oriented Programming (OOP) concepts within PHP MVC frameworks
3. Excel in PHP and proficiently utilize PHP Frameworks such as Laravel, Codeigniter, etc. AJAX , CodeIgniter , HTML , JavaScript , jQuery , LARAVEL , MySQL , PHP","marketing research analytics intern (remote) digital marketing php, codeigniter, html, javascript, ajax, jquery, mysql, laravel Selected intern's day-to-day responsibilities include: 

1. Demonstrate independent coding proficiency
2. Apply Object-Oriented Programming (OOP) concepts within PHP MVC frameworks
3. Excel in PHP and",unknown,internship,no experience required,"₹ 15,000-20,000 /month",https://internshala.com/internship/detail/work-from-home-marketing-research-analytics-internship-at-cloutflow1711109546,internshala
209,php development intern,247 Around,software engineering,"docker, kubernetes, html, javascript, reactjs, webflow, mongodb, amazon web server (aws), angularjs, mysql, node.js, typescript","Selected intern's day-to-day responsibilities include:

- Full Stack Development using in Python, Django, React, Typescript.
- Good to have: Practical Know-How of Docker, Kubernetes, Mongodb, Redis, RabbitMQ, AWS, Azure, Langchain & LLM's in general.
- Build AI-first user experiences.
- Own major features from development to deployment.
- Write clean, reusable, and maintainable code.
- Influence product roadmap & company strategy.
- Create and maintain databases, ensuring high performance, reliability, and security.
- Collaborate with team to define, design, and ship new features.
- Optimize applications for maximum speed and scalability.
- Implement security and data protection measures.. Amazon Web Server (AWS) , AngularJS , Docker , HTML , JavaScript , Kubernetes , MongoDB , MySQL , Node.js , ReactJS , TypeScript , Webflow","php development intern software engineering docker, kubernetes, html, javascript, reactjs, webflow, mongodb, amazon web server (aws), angularjs, mysql, node.js, typescript Selected intern's day-to-day responsibilities include:

- Full Stack Development using in Python, Django, React, Typescript.
- Good to have: Practical Know-How of Docker, Kubernetes, Mongodb, Redis, R",unknown,internship,no experience required,"₹ 20,000-30,000 /month",https://internshala.com/internship/detail/php-development-internship-in-noida-at-247-around1711108965,internshala
211,product research analytics intern,Talent Corner HR Services,data analytics,"flask, rest api, html, python, django, css","Selected intern's day-to-day responsibilities include: 

1. Contribute to the design, development, and maintenance of our software applications
2. Strong background in Python programming and a solid understanding of software development principles
3. Python Developer, you will work closely with our cross-functional team to build scalable, reliable, and high-performance software solutions
4. Develop and maintain robust, scalable, and secure backend applications using Python
5. Design and implement efficient algorithms and data structures to optimize application performance
6. Collaborate with product managers, designers, and other developers to define project requirements and deliver high-quality solutions.
7. Write clean, maintainable, and well-documented code following best practices and coding standards
8. Conduct thorough testing to ensure the quality, reliability, and security of the software applications
9. Experience with web frameworks such as Django or Flask. CSS , Django , Flask , HTML , Python , REST API","product research analytics intern data analytics flask, rest api, html, python, django, css Selected intern's day-to-day responsibilities include: 

1. Contribute to the design, development, and maintenance of our software applications
2. Strong background in Python programming and a solid u",unknown,internship,no experience required,"₹ 7,000 /month",https://internshala.com/internship/detail/product-research-analytics-internship-in-mumbai-at-talent-corner-hr-services1711104752,internshala
212,python development intern,ASOWin,software engineering,algorithms,"Selected intern's day-to-day responsibilities include: 

1. Read research papers on computer vision, image processing, OCR, IoT, and machine learning in peer-reviewed journals
2. Identify good approaches to solving problems assigned in the above-mentioned areas
3. Develop algorithms for pilot projects. Algorithms","python development intern software engineering algorithms Selected intern's day-to-day responsibilities include: 

1. Read research papers on computer vision, image processing, OCR, IoT, and machine learning in peer-reviewed journals
2. Identify good approac",unknown,internship,no experience required,"₹ 10,000 /month",https://internshala.com/internship/detail/python-development-internship-in-multiple-locations-at-asowin1711104297,internshala
213,algorithm development intern (part time/remote),Reach Technologies,software engineering,"python, natural language processing (nlp), machine learning","As a Large Language Model Engineer intern at AgentInsights, you will have the opportunity to work with cutting-edge technologies in the fields of Python, Machine Learning, and Natural Language Processing (NLP). You will be an integral part of our team, contributing to the development of innovative solutions for our clients in the real estate industry.

Selected intern's day-to-day responsibilities include:

1. Assist in building and optimizing large language models for improved text generation and understanding
2. Collaborate with senior engineers to design and implement machine learning algorithms for data analysis and predictive modeling
3. Conduct research and experiments to enhance the performance of NLP models and algorithms
4. Work on data preprocessing and feature engineering tasks to improve the accuracy and efficiency of our models
5. Participate in code reviews and provide feedback to help maintain high coding standards and best practices
6. Stay up-to-date with the latest advancements in the field of NLP and machine learning to contribute fresh ideas and perspectives
7. Contribute to team meetings and brainstorming sessions to drive innovation and problem-solving within the organization

If you are a motivated and talented individual with a passion for language technology and data science, we invite you to join our team as a Large Language Model Engineer intern at AgentInsights. Apply now and embark on an exciting journey towards revolutionizing the real estate industry with AI-powered solutions.. Machine Learning , Natural Language Processing (NLP) , Python","algorithm development intern (part time/remote) software engineering python, natural language processing (nlp), machine learning As a Large Language Model Engineer intern at AgentInsights, you will have the opportunity to work with cutting-edge technologies in the fields of Python, Machine Learning, and Natural Language Process",unknown,internship,no experience required,"₹ 8,000-10,000 /month",https://internshala.com/internship/detail/work-from-home-part-time-algorithm-development-internship-at-reach-technologies1711104247,internshala
214,large language model engineering intern,AgentInsights,machine learning,"redux, user interface (ui) development, rest api, html, javascript, reactjs, node.js, react native","Selected intern's day-to-day responsibilities include:

1. Developing a new highly responsive web-based user interface
2. Developing new user-facing features using ReactJS
3. Building reusable components and front-end libraries for future use
4. Translating designs and wireframes into high-quality code
5. Working and collaborating with the rest of the engineering team
6. Developing a flexible and well-structured front-end architecture, along with the APIs to support it. HTML , JavaScript , Node.js , ReactJS , React Native , Redux , REST API , User Interface (UI) Development","large language model engineering intern machine learning redux, user interface (ui) development, rest api, html, javascript, reactjs, node.js, react native Selected intern's day-to-day responsibilities include:

1. Developing a new highly responsive web-based user interface
2. Developing new user-facing features using ReactJS
3. Building reusable compone",unknown,internship,no experience required,"₹ 5,000-10,000 /month",https://internshala.com/internship/detail/large-language-model-engineering-internship-in-multiple-locations-at-agentinsights1711104022,internshala
215,reactjs development intern,Monkhub,web development,"apache, php, wordpress, database management system (dbms), html, rest api, javascript, ajax, github, mysql, model view controller(mvc), laravel, apis, css","Quantastic Marketing Agency is seeking a motivated and skilled intern to join our Backend Development team. This internship is ideal for individuals who are passionate about backend development and eager to learn and grow in a dynamic environment.

Requirements:

1. Strong knowledge of backend technologies such as PHP, Laravel, MySQL, and Rest API development.
2. Familiarity with web development languages and frameworks including HTML, CSS, JavaScript, and Ajax.
3. Experience with version control systems like GitHub for code management and collaboration.
4. Understanding of database management systems and query optimization techniques.
5. Knowledge of CMS platforms such as WordPress, Shopify, and Wix for content management and customization.
6. Ability to work collaboratively in a team environment and communicate effectively with team members.
7. Eagerness to learn new technologies and stay updated with industry trends in backend development.

If you are passionate about backend development and eager to take on new challenges, we encourage you to apply for this internship position at Quantastic Marketing Agency. Join us in creating innovative and impactful solutions for our clients while gaining valuable experience in the field of web development.. AJAX , Apache , APIs , CSS , Database Management System (DBMS) , GitHub , HTML , JavaScript , LARAVEL , Model View Controller(MVC) , MySQL , PHP , REST API , WordPress","reactjs development intern web development apache, php, wordpress, database management system (dbms), html, rest api, javascript, ajax, github, mysql, model view controller(mvc), laravel, apis, css Quantastic Marketing Agency is seeking a motivated and skilled intern to join our Backend Development team. This internship is ideal for individuals who are passionate about backend development and ea",unknown,internship,no experience required,"₹ 7,000-10,000 /month",https://internshala.com/internship/detail/reactjs-development-internship-in-gurgaon-at-monkhub1711103454,internshala
216,backend development intern,Quantastic Marketing,web development,"hindi proficiency (spoken), sales pitch, english proficiency (spoken)","Selected intern's day-to-day responsibilities include: 

1. Initiate outbound calls to potential clients, highlighting the advantages of registering under the 'Start-Up India' program
2. Engage in outbound calls to prospects, emphasizing the benefits of accessing the 'Seed Fund' scheme provided by the Government of India
3. Utilize Customer Relationship Management Software (CRM) to effectively manage leads and facilitate conversions into sales
4. Collaborate with the operations team to streamline the onboarding process for interested clients
5. Contribute to team meetings by sharing valuable skills and techniques aimed at enhancing sales performance on a daily basis. English Proficiency (Spoken) , Hindi Proficiency (Spoken) , Sales pitch","backend development intern web development hindi proficiency (spoken), sales pitch, english proficiency (spoken) Selected intern's day-to-day responsibilities include: 

1. Initiate outbound calls to potential clients, highlighting the advantages of registering under the 'Start-Up India' program
2. Engage in out",unknown,internship,no experience required,"₹ 1,000 /month +  Incentives",https://internshala.com/internship/detail/backend-development-internship-in-thane-at-quantastic-marketing1711101395,internshala
217,business advisor intern (remote),Mind Matters Business Advisors,business analytics,"canva, content writing, project management, digital marketing, advanced excel","Are you a tech person passionate about making a difference in the world? 
OM Foundation is seeking an enthusiastic 'IT and data intern' to join our team. As an intern, you will have the opportunity to utilize your skills in digital marketing, project management, content creation, advanced Excel, Canva designing, and database management to help drive our mission forward. 

Selected intern's day-to-day responsibilities include:  

1. Utilize advanced Excel skills to analyze data and generate insights to inform decision-making
2. Create compelling and engaging content for the website, social media platforms, and other marketing platforms
3. Design visually appealing graphics and presentations using Canva or other editing tools to enhance our communication. Advanced Excel , Canva , Content Writing , Digital Marketing , Project Management","business advisor intern (remote) business analytics canva, content writing, project management, digital marketing, advanced excel Are you a tech person passionate about making a difference in the world? 
OM Foundation is seeking an enthusiastic 'IT and data intern' to join our team. As an intern, you will have the opportunity to",unknown,internship,no experience required,"₹ 6,000 /month",https://internshala.com/internship/detail/work-from-home-business-advisor-internship-at-mind-matters-business-advisors1711098383,internshala
218,it & data intern,OM Foundation,data analytics,"javascript, reactjs, python, node.js, algorithms","Selected intern's day-to-day responsibilities include:

1. Collaborate with our development team to design and implement new features for our web applications
2. Assist in the development and maintenance of our backend infrastructure using Node.js and Python
3. Create and optimize responsive front-end designs using HTML and CSS to enhance our user experience
4. Conduct thorough testing and debugging to ensure high-quality code and seamless functionality
5. Stay up-to-date with the latest industry trends and technologies to contribute innovative ideas to our projects
6. Assist in the documentation of code, processes, and best practices for future reference and team collaboration
7. Provide support and troubleshooting for existing applications and contribute to their enhancements

Note: The application is open only for 2024/2025 Passouts.. Algorithms , JavaScript , Node.js , Python , ReactJS","it & data intern data analytics javascript, reactjs, python, node.js, algorithms Selected intern's day-to-day responsibilities include:

1. Collaborate with our development team to design and implement new features for our web applications
2. Assist in the development and maintena",unknown,internship,no experience required,"₹ 10,000-12,000 /month",https://internshala.com/internship/detail/it-data-internship-in-noida-at-om-foundation1711097128,internshala
219,full stack development intern,AgentInsights,web development,"hibernate (java), spring mvc, java, sql, amazon web services (aws)","Selected intern's day-to-day responsibilities include:

1. Developing services and modules in MVC architecture using Spring Boot and Hibernate
2. Developing REST APIs and work with the front-end team for integration
3. Participating in module architecture design and ER modeling
4. Deploying services on a cloud platform. Amazon Web Services (AWS) , Hibernate (Java) , Java , Spring MVC , SQL","full stack development intern web development hibernate (java), spring mvc, java, sql, amazon web services (aws) Selected intern's day-to-day responsibilities include:

1. Developing services and modules in MVC architecture using Spring Boot and Hibernate
2. Developing REST APIs and work with the front-end team ",unknown,internship,no experience required,"₹ 10,000-15,000 /month",https://internshala.com/internship/detail/full-stack-development-internship-in-multiple-locations-at-agentinsights1711095869,internshala
220,java development intern (remote),HyperSrot Technologies Private Limited,software engineering,"html&css, ui & ux design, search engine optimization (seo)","Are you a creative and tech-savvy individual looking to gain valuable experience in the world of marketing and web design? Look no further! Talent Corner HR Services is seeking a talented Marketing Web Designer intern to join our dynamic team.

Selected intern's day-to-day responsibilities include:

1. Collaborate with the marketing team to create visually stunning and user-friendly web designs that align with our brand vision and goals
2. Implement UI & UX design principles to enhance the overall user experience on our website
3. Utilize your knowledge of Search Engine Optimization (SEO) to optimize website content for increased visibility and traffic
4. Develop and maintain website content, ensuring it is up-to-date and engaging for our target audience
5. Conduct regular website audits to identify areas for improvement and implement necessary changes
6. Stay up-to-date on industry trends and best practices in web design, UI/UX, and SEO to continuously enhance our online presence
7. Assist with other marketing initiatives as needed to support the overall success of the team

If you are passionate about design, technology, and marketing, this internship opportunity is perfect for you! Join us and make a real impact on our digital presence. Apply now and take your first step towards a rewarding career in marketing web design!. HTML&CSS , Search Engine Optimization (SEO) , UI & UX Design","java development intern (remote) software engineering html&css, ui & ux design, search engine optimization (seo) Are you a creative and tech-savvy individual looking to gain valuable experience in the world of marketing and web design? Look no further! Talent Corner HR Services is seeking a talented Marketing We",unknown,internship,no experience required,"₹ 15,000 lump sum",https://internshala.com/internship/detail/work-from-home-java-development-internship-at-hypersrot-technologies-private-limited1711086834,internshala
221,marketing web design intern,Talent Corner HR Services,digital marketing,"html&css, php, html, javascript, python, mongodb, angularjs, node.js, mysql, css","Selected intern's day-to-day responsibilities include: 

1. Design, develop (full-stack), and maintain websites independently from scratch, ensuring high quality and performance
2. Implement and optimize SEO strategies to improve website visibility and search engine rankings, leveraging AI for faster execution
3. Analyze website traffic sources and dynamics and derive insights to drive continuous improvement
4. Troubleshoot technical issues and provide timely solutions to maintain website functionality
5. Prepare regular reports on website performance, traffic metrics, and SEO effectiveness. AngularJS , CSS , HTML , HTML&CSS , JavaScript , MongoDB , MySQL , Node.js , PHP , Python","marketing web design intern digital marketing html&css, php, html, javascript, python, mongodb, angularjs, node.js, mysql, css Selected intern's day-to-day responsibilities include: 

1. Design, develop (full-stack), and maintain websites independently from scratch, ensuring high quality and performance
2. Implement and optim",unknown,internship,no experience required,"₹ 2,500 /month",https://internshala.com/internship/detail/marketing-web-design-internship-in-mumbai-at-talent-corner-hr-services1711086755,internshala
222,web development project lead intern,Chirag Gangwani,digital marketing,"php, wordpress, html, javascript, mysql, css","Selected intern's day-to-day responsibilities include: 

1. Updating the learning management system (LMS)
2. Editing the videos
3. Managing the documentation on Word and PowerPoint. CSS , HTML , JavaScript , MySQL , PHP , WordPress","web development project lead intern digital marketing php, wordpress, html, javascript, mysql, css Selected intern's day-to-day responsibilities include: 

1. Updating the learning management system (LMS)
2. Editing the videos
3. Managing the documentation on Word and PowerPoint. CSS , HTML , JavaS",unknown,internship,no experience required,"₹ 5,000 /month",https://internshala.com/internship/detail/web-development-project-lead-internship-in-mumbai-at-chirag-gangwani1711086248,internshala
224,web development intern,KONEBOU FASHIONS PVT LTD,software engineering,"redux, html, javascript, reactjs, react native, css","Those who have at least basic knowledge and are interested in working in an early
stage startup with the core engineering team.

Selected intern's day-to-day responsibilities include:

1. Write maintainable, scalable, and efficient code for our product
2. Design and develop a user interface for the consumer-facing portal
3. Follow good coding practices, unit-testing, code reviews process, etc.
4. Stick to deadlines. CSS , HTML , JavaScript , ReactJS , React Native , Redux","web development intern software engineering redux, html, javascript, reactjs, react native, css Those who have at least basic knowledge and are interested in working in an early
stage startup with the core engineering team.

Selected intern's day-to-day responsibilities include:

1. Write mainta",unknown,internship,no experience required,"₹ 10,000-15,000 /month",https://internshala.com/internship/detail/web-development-internship-in-haldia-at-konebou-fashions-pvt-ltd1711082448,internshala
225,front end development intern (remote),HyperSrot Technologies Private Limited,web development,"allegro software, data science, manual testing, user interface (ui) development, gui testing, ms-office, python, machine learning, data analytics, mongodb, software testing, node.js, wireframing, power bi, research and analytics, microsoft powerapps, database testing","Selected intern's day-to-day responsibilities include:

1. Communicating with senior people in organizations to find out what they hope to achieve
2. Formulating ways for businesses to improve, based on previous research
3. Creating a detailed business analysis, outlining problems, opportunities, and solutions for an app and web application 
4. Working on the mobile app draft 
5. Providing inputs on business growth
6. Working on e-mails, replies, and phone calls 
7. Researching and obtaining further information from the internet 
8. Managing the clerical office tasks
9. Working on follow-up calls. Allegro Software , Data Analytics , Database Testing , Data Science , GUI Testing , Machine Learning , Manual Testing , Microsoft PowerApps , MongoDB , MS-Office , Node.js , Power BI , Python , Research and Analytics , Software Testing , User Interface (UI) Development , Wireframing","front end development intern (remote) web development allegro software, data science, manual testing, user interface (ui) development, gui testing, ms-office, python, machine learning, data analytics, mongodb, software testing, node.js, wireframing, power bi, research and analytics, microsoft powerapps, database testing Selected intern's day-to-day responsibilities include:

1. Communicating with senior people in organizations to find out what they hope to achieve
2. Formulating ways for businesses to improve, based ",unknown,internship,no experience required,"₹ 7,500-12,000 /month",https://internshala.com/internship/detail/work-from-home-front-end-development-internship-at-hypersrot-technologies-private-limited1711081694,internshala
226,software analysis intern (part time),Dough One Sources Private Limited,software engineering,"html, php, wordpress, css","Selected intern's day-to-day responsibilities include: 

1. Designing and building the website front-end. 
2. Creating the website architecture. 
3. Designing and managing the website back-end including database and server integration. 
4. Generating WordPress themes and plugins. 
5. Conducting website performance tests. 
6. Troubleshooting content issues. 

Skills: angular2+,html5,css3.,javascript. CSS , HTML , PHP , WordPress","software analysis intern (part time) software engineering html, php, wordpress, css Selected intern's day-to-day responsibilities include: 

1. Designing and building the website front-end. 
2. Creating the website architecture. 
3. Designing and managing the website back-end includi",unknown,internship,no experience required,"₹ 8,000-12,000 /month",https://internshala.com/internship/detail/part-time-software-analysis-internship-in-multiple-locations-at-dough-one-sources-private-limited1711081085,internshala
227,wordpress development intern,MediaF5,web development,"flask, postgresql, google cloud computing, javascript, django, python, mongodb, angularjs, node.js, postman, amazon web services (aws)","Selected intern's day-to-day responsibilities include: 

1. Developing and maintaining web applications using Python, Flask, Django, AngularJS, JavaScript, Node.js, MongoDB, PostgreSQL, Postman, Google cloud computing, and Amazon Web Services
2. Working on developing web applications, frontend, and backend
3. Working on SaaS-based application development
4. Working on web technologies such as Python, flask, Django, Angular React.js, Node.js, etc.
5. Working on NoSQL databases on the back end such as MongoDB and PostgreSQL
6. Working on real-time dashboard development
7. Working on admin dashboard development
8. Working on front-end and back-end parts of the products
9. Working on product development
10. Working on API development
11. Working on cloud platforms like GCP, AWS, Azure, Linode, and Heroku
12. Working on tech stacks such as Flask, Django, React, Node.js, Python, and Angular.js

Note: The internship will be work from home and the successful applicant must have a strong understanding of Python, Flask, Django, AngularJS, JavaScript, Node.js, MongoDB, PostgreSQL, Postman, Google cloud computing, and Amazon Web Services (AWS).. Amazon Web Services (AWS) , AngularJS , Django , Flask , Google Cloud Computing , JavaScript , MongoDB , Node.js , PostgreSQL , Postman , Python","wordpress development intern web development flask, postgresql, google cloud computing, javascript, django, python, mongodb, angularjs, node.js, postman, amazon web services (aws) Selected intern's day-to-day responsibilities include: 

1. Developing and maintaining web applications using Python, Flask, Django, AngularJS, JavaScript, Node.js, MongoDB, PostgreSQL, Postman, Googl",unknown,internship,no experience required,"₹ 10,000-12,000 /month",https://internshala.com/internship/detail/wordpress-development-internship-in-ahmedabad-at-mediaf51711038221,internshala
228,python full stack development intern (remote),Blackcoffer,software engineering,software engineering,"Are you a tech-savvy individual looking to kickstart your career in e-commerce development? Look no further! Anuj Ramatri company is seeking a talented Shopify Developer intern to join our dynamic team. As a Shopify Developer intern, you will have the opportunity to work on exciting projects, gain hands-on experience, and contribute to the growth of our online store. 

Key Responsibilities:
1. Collaborate with our design and marketing teams to create visually appealing and user-friendly Shopify websites.
2. Customize Shopify themes and plugins to meet the unique needs of our business.
3. Optimize website performance by implementing best practices in SEO and site speed.
4. Troubleshoot and resolve any technical issues that arise on our Shopify platform.
5. Stay up-to-date on the latest trends and advancements in e-commerce technology.
6. Assist in the integration of third-party apps and tools to enhance site functionality.
7. Provide support and training to staff members on Shopify platform usage. 

If you are passionate about web development, have a keen eye for design, and are eager to learn, we want to hear from you! Join us at Anuj Ramatri company and take the first step towards a successful career in e-commerce development. Apply now!. Certificate ,  Letter of recommendation ,  Informal dress code ,  Job offer",python full stack development intern (remote) software engineering software engineering Are you a tech-savvy individual looking to kickstart your career in e-commerce development? Look no further! Anuj Ramatri company is seeking a talented Shopify Developer intern to join our dynamic tea,unknown,internship,no experience required,"₹ 7,500 /month",https://internshala.com/internship/detail/work-from-home-python-full-stack-development-internship-at-blackcoffer1711029457,internshala
230,computer vision intern (remote),Across The Globe (ATG),machine learning,"statistics, python, machine learning, data analytics, deep learning, r programming","Selected intern's day-to-day responsibilities include: 

1. Develop and test deep learning models using Python, TensorFlow, and other open-source frameworks 
2. Perform data analysis and algorithm development to drive decision-making and business intelligence 
3. Collaborate with other team members to evaluate data, suggest solutions, and improve the accuracy and speed of our models 
4. Prototype new deep learning algorithms and technologies
5. Research and analyze current trends in the field of deep learning and AI 
6. Develop and maintain software engineering best practices
7. Work on developing, testing, and improving AI models that help support our mission of driving real, meaningful business outcomes through data-driven decisions
6. Work with the deep learning research team on various projects 
7. Help in prototyping new features
8. Develop algorithms to improve existing models. Data Analytics , Deep Learning , Machine Learning , Python , R Programming , Statistics","computer vision intern (remote) machine learning statistics, python, machine learning, data analytics, deep learning, r programming Selected intern's day-to-day responsibilities include: 

1. Develop and test deep learning models using Python, TensorFlow, and other open-source frameworks 
2. Perform data analysis and algorithm dev",unknown,internship,no experience required,"₹ 5,000-10,000 /month",https://internshala.com/internship/detail/work-from-home-computer-vision-internship-at-across-the-globe-atg1711022595,internshala
231,deep learning intern (part time/remote),Across The Globe (ATG),machine learning,"neural networks, python, machine learning, computer vision, deep learning, natural language processing (nlp)","Selected intern's day-to-day responsibilities include: 

1. Collaborate with our GAN research team to develop and implement state-of-the-art generative models
2. Assist in the design and implementation of GAN architectures, ensuring optimal performance and efficiency
3. Conduct experiments and analyze results to improve the quality and realism of generated content
4. Work closely with cross-functional teams to integrate GAN models into real-world applications, such as image synthesis, text generation, and video processing
5. Work on staying up-to-date with the latest advancements in GAN research and contribute to the team's knowledge base
6. Support the development and maintenance of GAN training pipelines and frameworks
7. Participate in regular code reviews, provide constructive feedback, and help drive continuous improvement in our GAN infrastructure. Computer Vision , Deep Learning , Machine Learning , Natural Language Processing (NLP) , Neural Networks , Python","deep learning intern (part time/remote) machine learning neural networks, python, machine learning, computer vision, deep learning, natural language processing (nlp) Selected intern's day-to-day responsibilities include: 

1. Collaborate with our GAN research team to develop and implement state-of-the-art generative models
2. Assist in the design and implementatio",unknown,internship,no experience required,"₹ 5,000-10,000 /month",https://internshala.com/internship/detail/work-from-home-part-time-deep-learning-internship-at-across-the-globe-atg1711022563,internshala
234,data engineer intern,SteelEye,data engineering,"python, flask, sql, django","Selected intern's day-to-day responsibilities include:

1. Collaborate with the team to design and develop cloud-based applications  
2. Write clean, efficient, and well-documented code that meets project requirements
3. Participate in code reviews and ensure code quality and maintainability
4. Test and debug code to ensure the application is functioning properly
5. Collaborate with the team to troubleshoot and resolve issues
6. Assist with the deployment and maintenance of the application
7. Research and recommend new tools and technologies to improve the project development process
8. Continuously learn and develop new skills to stay up-to-date with industry trends and best practices. Django , Flask , Python , SQL","data engineer intern data engineering python, flask, sql, django Selected intern's day-to-day responsibilities include:

1. Collaborate with the team to design and develop cloud-based applications  
2. Write clean, efficient, and well-documented code that meets pro",unknown,internship,no experience required,"₹ 15,000 /month",https://internshala.com/internship/detail/data-engineer-internship-in-bangalore-at-steeleye1711017290,internshala
235,engineering intern,Blowhorn,artificial intelligence,"computer networking, algorithms, data structures","This is an on-site internship role for a Python Trainer at Digital Vihaan Edtech Private Limited. 
Selected intern's day-to-day responsibilities include conducting training sessions, creating training materials, and assisting with curriculum development. 
The Python Trainer will collaborate with the team and provide feedback for the development of training programs.. Algorithms , Computer Networking , Data Structures","engineering intern artificial intelligence computer networking, algorithms, data structures This is an on-site internship role for a Python Trainer at Digital Vihaan Edtech Private Limited. 
Selected intern's day-to-day responsibilities include conducting training sessions, creating training",unknown,internship,no experience required,"₹ 15,000 /month",https://internshala.com/internship/detail/engineering-internship-in-bangalore-at-blowhorn1711011824,internshala
236,python-trainer intern,Digital Vihaan Edtech Private Limited,content writing,"php, wordpress, html, ui & ux design, css","Selected intern's day-to-day responsibilities include:

1. Creating web pages in drag & drop builder
2. Creating Brochures
3. Creating icons & images. CSS , HTML , PHP , UI & UX Design , WordPress","python-trainer intern content writing php, wordpress, html, ui & ux design, css Selected intern's day-to-day responsibilities include:

1. Creating web pages in drag & drop builder
2. Creating Brochures
3. Creating icons & images. CSS , HTML , PHP , UI & UX Design , WordPress",unknown,internship,no experience required,"₹ 6,000 /month",https://internshala.com/internship/detail/python-trainer-internship-in-multiple-locations-at-digital-vihaan-edtech-private-limited1711009410,internshala
237,web development intern (part time/remote),F-GRADE GLOBAL SERVICES PRIVATE LIMITED,software engineering,"html&css, javascript, reactjs, bootstrap, mongodb, node.js","Selected intern's day-to-day responsibilities include: 

1. Work with development teams and product managers to ideate software solutions.
2. Design client-side and server-side architecture.
3. Build the front end of applications through appealing visual design.
4. Test software to ensure responsiveness and efficiency.
5. Write effective APIs.. Bootstrap , HTML&CSS , JavaScript , MongoDB , Node.js , ReactJS","web development intern (part time/remote) software engineering html&css, javascript, reactjs, bootstrap, mongodb, node.js Selected intern's day-to-day responsibilities include: 

1. Work with development teams and product managers to ideate software solutions.
2. Design client-side and server-side architecture.
3. Build ",unknown,internship,no experience required,"₹ 2,000 /month",https://internshala.com/internship/detail/work-from-home-part-time-web-development-internship-at-f-grade-global-services-private-limited1711000875,internshala
238,full stack development intern,ZustPe Payments Private Limited,web development,"microsoft azure, kubernetes, devops, ci/cd, ui & ux design","Selected intern's day-to-day responsibilities include:

1. Collaborate with development, operations, and testing teams to design, implement, and maintain continuous integration and delivery pipelines.
2. Automate and streamline our build and deployment processes for multiple environments, ensuring scalability, reliability, and security.
3. Monitor system performance and implement optimizations to enhance efficiency and uptime.
4. Manage and configure cloud infrastructure using tools like AWS, Azure, or Google Cloud Platform.
5. Implement and maintain configuration management tools such as Ansible, Puppet, or Chef.
6. Work closely with developers to troubleshoot issues and ensure smooth deployment and operation of applications.
7. Develop and maintain documentation related to system configurations, processes, and procedures.
8. Stay up-to-date with industry trends and best practices, and propose improvements to enhance our DevOps practices.. CI/CD , DevOps , Kubernetes , Microsoft Azure , UI & UX Design","full stack development intern web development microsoft azure, kubernetes, devops, ci/cd, ui & ux design Selected intern's day-to-day responsibilities include:

1. Collaborate with development, operations, and testing teams to design, implement, and maintain continuous integration and delivery pipelines.",unknown,internship,no experience required,"₹ 7,000 /month +  Incentives",https://internshala.com/internship/detail/full-stack-development-internship-in-chennai-at-zustpe-payments-private-limited1711007904,internshala
239,devops engineer intern (part time/remote),HaZZten,devops cloud,"microsoft azure, ui & ux design","We are seeking a highly skilled & motivated Data Engineer with expertise in Microsoft Azure to join our team. The ideal candidate will play a crucial role in designing, implementing, & maintaining data solutions on the Azure platform. 

Selected intern's day-to-day responsibilities include:

1. Architect, design, & implement data solutions leveraging Microsoft Azure technologies such as Azure SQL Database, Azure Data Factory, Azure Databricks, Azure Synapse Analytics, & Azure Cosmos DB.
2. Develop ETL processes & data pipelines to integrate data from various sources into Azure data services. Ensure data quality, consistency, & reliability throughout the integration process.
3. Design & implement data models for efficient storage, retrieval, & analysis of large-scale datasets. Optimize data storage & processing for performance & cost-effectiveness.
4. Implement data governance policies & procedures to ensure data integrity, compliance, & security. Monitor & manage data access permissions & encryption mechanisms.
5. Monitor data pipelines, performance metrics, & system health. Identify & troubleshoot issues related to data processing, storage, & accessibility.
6. Collaborate with cross-functional teams including data scientists, analysts, & business stakeholders to understand data requirements & deliver effective solutions. Document design decisions, configurations, & best practices.
7. Stay updated with the latest trends, tools, & best practices in data engineering & cloud technologies. Drive innovation by evaluating new Azure services & proposing enhancements to existing solutions.

This position offers an exciting opportunity to work with cutting-edge technologies &  contribute to the development of innovative data-driven solutions.. Microsoft Azure , UI & UX Design","devops engineer intern (part time/remote) devops cloud microsoft azure, ui & ux design We are seeking a highly skilled & motivated Data Engineer with expertise in Microsoft Azure to join our team. The ideal candidate will play a crucial role in designing, implementing, & maintaining dat",unknown,internship,no experience required,"₹ 7,000 /month +  Incentives",https://internshala.com/internship/detail/work-from-home-part-time-devops-engineer-internship-at-hazzten1711006595,internshala
240,data engineer- microsoft azure intern (part time/remote),HaZZten,data engineering,"wordpress, search engine optimization (seo)","Selected intern's day-to-day responsibilities include:

WordPress Expertise:
Proficient in WordPress platform, including theme customization and plugin management.
Ensure the smooth operation of the website, troubleshoot issues, and perform regular updates.

Programmatic SEO:
Implement programmatic SEO strategies to enhance website visibility and search engine rankings.
Stay updated on SEO trends and algorithm changes to optimize website performance.

Content Generation:
Utilize chat GPT/AI tools and WordPress plugins for auto-generating articles.
Curate engaging and SEO-friendly content to improve website quality.

Collaboration:
Collaborate with the content team to align auto-generated articles with the overall content strategy.
Coordinate with developers and other team members for seamless website functionality.

Analytics and Reporting:
Monitor website analytics to assess the impact of SEO strategies.
Generate regular reports on website performance, SEO metrics, and content engagement.

Requirements:

1. Strong knowledge of WordPress, SEO best practices, and content management.
2. Familiarity with programmatic SEO tools and techniques.
3. Experience in implementing AI-driven content generation using tools like Chat GPT.
4. Effective communication skills and ability to collaborate with cross-functional teams.. Search Engine Optimization (SEO) , WordPress","data engineer- microsoft azure intern (part time/remote) data engineering wordpress, search engine optimization (seo) Selected intern's day-to-day responsibilities include:

WordPress Expertise:
Proficient in WordPress platform, including theme customization and plugin management.
Ensure the smooth operation of the w",unknown,internship,no experience required,"₹ 10,000 /month",https://internshala.com/internship/detail/work-from-home-part-time-data-engineer-microsoft-azure-internship-at-hazzten1711006365,internshala
241,wordpress development intern,Tour Passion,web development,"php, codeigniter, html, javascript, bootstrap, ajax, jquery, mysql, laravel, apis, css","Selected intern's day-to-day responsibilities include:

1. Collaborate with our experienced development team to create and maintain web applications using Laravel, PHP, JavaScript, and HTML
2. Participate in the full software development lifecycle, including design, development, testing, and deployment
3. Assist in the optimization and improvement of existing web applications to enhance user experience and performance
4. Work closely with cross-functional teams to understand project requirements and translate them into technical solutions
5. Debug and troubleshoot issues, providing timely resolutions to ensure smooth application functionality
6. Stay up-to-date with the latest industry trends and technologies, bringing fresh ideas and innovation to our projects
7. Contribute to code reviews and provide constructive feedback to fellow developers to ensure code quality and best practices

If you are passionate about PHP development, eager to learn and grow, and thrilled to be part of our company, apply now and kick-start your career with WTF Digital Technologies Pvt. Ltd.. AJAX , APIs , Bootstrap , CodeIgniter , CSS , HTML , JavaScript , jQuery , LARAVEL , MySQL , PHP","wordpress development intern web development php, codeigniter, html, javascript, bootstrap, ajax, jquery, mysql, laravel, apis, css Selected intern's day-to-day responsibilities include:

1. Collaborate with our experienced development team to create and maintain web applications using Laravel, PHP, JavaScript, and HTML
2. Partici",unknown,internship,no experience required,"₹ 3,000-5,000 /month",https://internshala.com/internship/detail/wordpress-development-internship-in-delhi-at-tour-passion1711006219,internshala
242,php development intern,Stareye Media & Entertainment Private Limited,software engineering,"next.js, html&css, javascript, reactjs, typescript, tailwind css","Selected intern's day-to-day responsibilities include: 

1. Collaborate with the development team to design and implement user interfaces for progressive web applications
2. Write clean, efficient, and maintainable HTML, CSS, and JavaScript code
3. Utilize modern front-end frameworks such as React.js and tools like Vite to enhance application performance and user experience
4. Ensure cross-browser compatibility and responsiveness of web applications.
5. Integrate third-party APIs and services as required
6. Participate in code reviews, testing, and debugging processes to ensure high-quality deliverables
7. Stay updated with the latest web development trends and technologies. HTML&CSS , JavaScript , Next.js , ReactJS , Tailwind CSS , TypeScript","php development intern software engineering next.js, html&css, javascript, reactjs, typescript, tailwind css Selected intern's day-to-day responsibilities include: 

1. Collaborate with the development team to design and implement user interfaces for progressive web applications
2. Write clean, efficient, an",unknown,internship,no experience required,"₹ 15,000-20,000 /month",https://internshala.com/internship/detail/php-development-internship-in-noida-at-stareye-media-entertainment-private-limited1711005768,internshala
243,progressive web apps (pwa) development intern,Digite Infotech Private Limited,web development,stock trading,"Selected intern's day-to-day responsibilities include: 

1. Analyze financial statements and other financial data to determine investment potential
2. Forecast future trends and performance by analyzing market trends and economic indicators
3. Develop financial models and conduct valuation analysis on companies
4. Provide investment recommendations to clients
5. Monitor and evaluate investment performance. Stock Trading","progressive web apps (pwa) development intern web development stock trading Selected intern's day-to-day responsibilities include: 

1. Analyze financial statements and other financial data to determine investment potential
2. Forecast future trends and performance by analyzi",unknown,internship,no experience required,"₹ 1,000 /month",https://internshala.com/internship/detail/progressive-web-apps-pwa-development-internship-in-bangalore-at-digite-infotech-private-limited1711005665,internshala
245,laravel website development intern (remote),Braise Tech Solutions,web development,"php, codeigniter, html, javascript, laravel, css","We are seeking a highly motivated and enthusiastic 'PHP Intern' to join our dynamic team at Borderless Access. This internship offers an excellent opportunity for individuals looking to gain hands-on experience in web development and contribute to real-world projects. 

Selected intern's day-to-day responsibilities include:  

1. Collaborate with the development team to understand project requirements and objectives
2. Assist in the design, development, and maintenance of PHP-based web applications
3. Write well-structured, efficient, and maintainable code
4. Perform testing, debugging, and troubleshooting of applications
5. Participate in code reviews to ensure best practices are followed
6. Keep abreast of the latest trends and technologies in PHP development

Perks: 

1. Hands-on experience with real-world projects
2. Mentorship from experienced professionals in the field
3. Opportunity to enhance your skills and build a strong foundation in PHP development. CodeIgniter , CSS , HTML , JavaScript , LARAVEL , PHP","laravel website development intern (remote) web development php, codeigniter, html, javascript, laravel, css We are seeking a highly motivated and enthusiastic 'PHP Intern' to join our dynamic team at Borderless Access. This internship offers an excellent opportunity for individuals looking to gain hands-on ",unknown,internship,no experience required,"₹ 20,000 /month",https://internshala.com/internship/detail/work-from-home-laravel-website-development-internship-at-braise-tech-solutions1711002535,internshala
246,php development intern,Borderless Access,software engineering,"c++ programming, python, machine learning","Selected intern's day-to-day responsibilities include:

1. Port open-source deep learning models to ONNX format for enhanced interoperability, making them versatile and ready for action!
2.  Dive into the virtual realm of Unity using C# and the Sentis / Barracuda packages, where you'll make our models perform amazing feats, creating experiences straight out of sci-fi!
3.  Optimize models for deployment on various platforms, with a focus on mobile devices, to ensure efficient performance and resource utilization.
4.  Develop and train neural networks for time series matching, contributing to our efforts in advanced analytics and predictive modeling for human gesture recognition
5.  Participate in the continuous improvement of our deep learning workflows, suggesting and implementing enhancements to increase efficiency and effectiveness
6.  Read and present cool papers if you would like to!. C++ Programming , Machine Learning , Python","php development intern software engineering c++ programming, python, machine learning Selected intern's day-to-day responsibilities include:

1. Port open-source deep learning models to ONNX format for enhanced interoperability, making them versatile and ready for action!
2.  Dive into",unknown,internship,no experience required,"₹ 10,000 /month +  Incentives",https://internshala.com/internship/detail/php-development-internship-in-bangalore-at-borderless-access1711002032,internshala
247,deep learning intern (remote),QuazaAI,machine learning,machine learning,"Selected intern's day-to-day responsibilities include:

1. Conduct one-on-one online tutoring sessions with students in ICSE Computer Science
2. Create personalized lesson plans and learning materials tailored to the individual needs of each student
3. Assess students' current understanding and performance and develop strategies to address their weaknesses
4. Provide constructive feedback and regular progress reports to students and their parents or guardians
5. Foster a positive and engaging learning environment that motivates students to excel in Computer Science
6. Stay up-to-date with ICSE Computer Science curriculum changes and teaching methodologies

Qualifications:

1. Bachelor's or Master's degree in Computer Science, Education, or a related field
2. Prior experience in tutoring or teaching ICSE Computer Science is preferred
3. Strong understanding of ICSE Computer Science curriculum and concepts
4. Excellent communication and interpersonal skills
5. Ability to adapt to different learning styles and needs of students
6. A passion for teaching and helping students succeed
7. Reliable internet connection and a suitable teaching environment

Benefits:

1. Flexible working hours to accommodate your schedule
2. Opportunities for professional development and growth within the organization
3. The chance to make a real difference in the lives of students by helping them succeed academically. Certificate ,  Flexible work hours","deep learning intern (remote) machine learning machine learning Selected intern's day-to-day responsibilities include:

1. Conduct one-on-one online tutoring sessions with students in ICSE Computer Science
2. Create personalized lesson plans and learning materials",unknown,internship,no experience required,"₹ 1,500-8,000 /month",https://internshala.com/internship/detail/work-from-home-deep-learning-internship-at-quazaai1710996032,internshala
248,online icse computer science tutoring intern (part time/remote),Narigiri's Connect To Universe Private Limited,content writing,"html, javascript, jquery, node.js, css","Selected intern's day-to-day responsibilities include designing, coding, and deploying Google Chrome extensions.

Requirements:

1. Must possess excellent business skills with outstanding communication, professionalism & leadership skills
2. Must have knowledge & relevant experience in Chrome extension & plug-in development
3. Experience optimizing for performance, privacy, security, and reliability
4. Knowledge of enterprise applications or enterprise product development
5. A strong understanding of UI, cross-browser compatibility, general web functions, and standards
6. Must possess good knowledge of Node. CSS , HTML , JavaScript , jQuery , Node.js","online icse computer science tutoring intern (part time/remote) content writing html, javascript, jquery, node.js, css Selected intern's day-to-day responsibilities include designing, coding, and deploying Google Chrome extensions.

Requirements:

1. Must possess excellent business skills with outstanding communicatio",unknown,internship,no experience required,"₹ 2,500 /month +  Incentives",https://internshala.com/internship/detail/work-from-home-part-time-online-icse-computer-science-tutoring-internship-at-narigiris-connect-to-universe-private-limited1710995757,internshala
249,chrome extension and nodejs development intern (part time/remote),Across The Globe (ATG),web development,"user interface (ui) development, email marketing, windows mobile application development, business analysis, social media marketing, digital marketing, business research","Selected intern's day-to-day responsibilities include:

1. Create a detailed business analysis, abstract the problems, opportunities, and solutions for a business
2. Implement competitive analysis for clients to identify both offensive and defensive opportunities within the industry and thereby develop a sound strategy to enhance growth
3. Capture the opportunities while dealing with threats in any sized market space
4. Analyze and translate the client's requirements distinctly
5. Stay updated with the latest processes and trends in the market
6. Conduct meetings and presentations to share ideas and findings with the stakeholders
7. Gather critical information to produce useful reports through these meetings
8. Allocate resources and maintain cost efficiency

Requirements:

1. Good communication, interpersonal skills, and confidence
2. Strong decision-making skills
3. Able to comprehend an organization's goals and problems and come up with the most suited solution. Business Analysis , Business Research , Digital Marketing , Email Marketing , Social Media Marketing , User Interface (UI) Development , Windows Mobile Application Development","chrome extension and nodejs development intern (part time/remote) web development user interface (ui) development, email marketing, windows mobile application development, business analysis, social media marketing, digital marketing, business research Selected intern's day-to-day responsibilities include:

1. Create a detailed business analysis, abstract the problems, opportunities, and solutions for a business
2. Implement competitive analysis for",unknown,internship,no experience required,"₹ 5,000-10,000 /month",https://internshala.com/internship/detail/work-from-home-part-time-chrome-extension-and-nodejs-development-internship-at-across-the-globe-atg1710992373,internshala
250,business analysis (technical) intern (part time/remote),Across The Globe (ATG),business analytics,"animation, kotlin, apis, flutter","Are you passionate about web development and looking to gain valuable experience in Angular.js? Join us at Itax Easy Private Limited as an Angular.js development intern! 

Selected intern's day-to-day responsibilities include:

1. Collaborate with our team of experienced developers to design and implement user-friendly web applications using Angular.js
2. Assist in the maintenance and enhancement of existing web applications built on Angular.js
3. Troubleshoot and debug issues to ensure optimal performance and user experience
4. Participate in code reviews and provide feedback on best practices and improvements
5. Stay up-to-date with the latest trends and technologies in Angular.js development
6. Contribute to the planning and execution of new projects, from concept to deployment
7. Learn from industry experts and gain hands-on experience to kickstart your career in web development

Don't miss this opportunity to work on exciting projects and grow your skills in Angular.js development. Apply now and take the first step towards a successful career with Itax Easy Private Limited!. Animation , APIs , Flutter , Kotlin","business analysis (technical) intern (part time/remote) business analytics animation, kotlin, apis, flutter Are you passionate about web development and looking to gain valuable experience in Angular.js? Join us at Itax Easy Private Limited as an Angular.js development intern! 

Selected intern's day-to-day",unknown,internship,no experience required,"₹ 10,000 /month",https://internshala.com/internship/detail/work-from-home-part-time-business-analysis-technical-internship-at-across-the-globe-atg1710991627,internshala
251,angular.js development intern,Itax Easy Private Limited,web development,"google suite (g suite), google workspace, tableau, data analytics, power bi","Are you a skilled Data Analytics enthusiast looking to gain hands-on experience in a fast-paced digital solutions company? Bootstrap Digital Solutions is seeking a Data Analytics intern to join our dynamic team. You will have the opportunity to work with cutting-edge technologies such as Tableau, Power BI, Google Suite (G Suite), and Google Workspace while contributing to impactful projects.

Selected intern's day-to-day responsibilities include:

1. Analyze and interpret complex data sets to identify trends and insights.
2. Create visually appealing and informative reports using Tableau and Power BI.
3. Collaborate with team members to develop data-driven solutions for clients.
4. Maintain and update internal databases to ensure accuracy and efficiency.
5. Assist in the implementation and optimization of Google Suite tools.
6. Present findings and recommendations to key stakeholders.
7. Stay current on industry trends and best practices in data analytics.

If you are passionate about data analysis and eager to expand your skills in a supportive environment, apply now to join our team at Bootstrap Digital Solutions. Data Analytics , Google Suite (G Suite) , Google Workspace , Power BI , Tableau","angular.js development intern web development google suite (g suite), google workspace, tableau, data analytics, power bi Are you a skilled Data Analytics enthusiast looking to gain hands-on experience in a fast-paced digital solutions company? Bootstrap Digital Solutions is seeking a Data Analytics intern to join our dy",unknown,internship,no experience required,"₹ 4,000-7,500 /month",https://internshala.com/internship/detail/angularjs-development-internship-in-multiple-locations-at-itax-easy-private-limited1710937892,internshala
252,data analytics intern (part time),Bootstrap Digital Solutions,data analytics,"flutter, figma, html, javascript, reactjs, node.js, mysql, css","Selected intern's day-to-day responsibilities include: 

1. Collaborate on full-stack software development for the EEDEE platform
2. Enhance user interfaces using HTML, CSS, and React
3. Implement API integrations with popular tools
4. Perform analysis and contribute to the improvement of platform performance
5. Assist clients with technical issues, providing effective solutions
6. Attend brainstorming and daily meetings with the team
7. Meet timelines for deliverables to ensure project milestones are achieved. CSS , Figma , Flutter , HTML , JavaScript , MySQL , Node.js , ReactJS","data analytics intern (part time) data analytics flutter, figma, html, javascript, reactjs, node.js, mysql, css Selected intern's day-to-day responsibilities include: 

1. Collaborate on full-stack software development for the EEDEE platform
2. Enhance user interfaces using HTML, CSS, and React
3. Implement API",unknown,internship,no experience required,"₹ 10,000 /month",https://internshala.com/internship/detail/part-time-data-analytics-internship-in-delhi-at-bootstrap-digital-solutions1710937834,internshala
253,full stack development intern,Eedee Creations LLP,web development,"php, html, javascript, ajax, jquery, mysql, laravel","Selected intern's day-to-day responsibilities include: 

1. Assist with the design and development of web applications using Laravel
2. Collaborate with our team of developers to troubleshoot and solve problems
3. Participate in code reviews to ensure code quality and consistency
4. Assist with the maintenance and support of existing web applications
5. Keep up to date with the latest Laravel trends and best practices. AJAX , HTML , JavaScript , jQuery , LARAVEL , MySQL , PHP","full stack development intern web development php, html, javascript, ajax, jquery, mysql, laravel Selected intern's day-to-day responsibilities include: 

1. Assist with the design and development of web applications using Laravel
2. Collaborate with our team of developers to troubleshoot and solv",unknown,internship,no experience required,"₹ 2,000 /month +  Incentives",https://internshala.com/internship/detail/full-stack-development-internship-in-multiple-locations-at-eedee-creations-llp1710936164,internshala
254,php development intern,Bagmo Private Limited,software engineering,software engineering,"Selected intern's day-to-day responsibilities include: 

1. Donning multiple roles in assisting the team to achieve its objectives
2. Conducting research, working on data analysis, and writing research content digitally
3. Undertaking in-depth market assessment, collecting and analyzing the data, and drawing conclusions based on recommendations
4. Consolidating insights from various studies and sources
5. Translating data results in broader consumption
6. Working autonomously and independently in managing all aspects of projects to ensure outcomes and meeting deadlines by demonstrating a high level of ownership, accountability, and productivity
7. Creating quality content and assisting with other miscellaneous tasks. Certificate ,  Letter of recommendation","php development intern software engineering software engineering Selected intern's day-to-day responsibilities include: 

1. Donning multiple roles in assisting the team to achieve its objectives
2. Conducting research, working on data analysis, and writing researc",unknown,internship,no experience required,"₹ 3,000-5,000 /month",https://internshala.com/internship/detail/php-development-internship-in-multiple-locations-at-bagmo-private-limited1710935120,internshala
255,research intern,Entrepreneurship And Rural Development Centre,research,"figma, html, javascript, webflow, css","Join Go Alt Technologies Pvt. Ltd (Social Script) as a Web Development intern and gain hands-on experience in creating cutting-edge digital solutions! Put your skills in HTML, JavaScript, Webflow, and Figma to use and help us revolutionize the way people connect online.

Responsibilities:
1. Convert Figma designs  into fully functional Webflow websites.
2. Learn and apply the Client-First approach to web development, ensuring projects are scalable, maintainable, and client-friendly.
3. Explore and utilize Webflow's capabilities to create engaging websites with interactions, animations, and CSS layouts.

Requirements:
1. Basic understanding of web design and development principles such as HTML and CSS.  Knowledge on JavaScript is an advantage.
2. Eagerness to learn Webflow, Figma, and the Client-First approach to web development.
3. Strong communication skills and the ability to work in a team environment.
4. Creative thinking and problem-solving skills.

Don't miss out on this incredible opportunity to jumpstart your career in web development with a forward-thinking tech company! Apply now and let's create something amazing together.. CSS , Figma , HTML , JavaScript , Webflow","research intern research figma, html, javascript, webflow, css Join Go Alt Technologies Pvt. Ltd (Social Script) as a Web Development intern and gain hands-on experience in creating cutting-edge digital solutions! Put your skills in HTML, JavaScript, Webflow, and",unknown,internship,no experience required,"₹ 12,000-15,000 /month",https://internshala.com/internship/detail/research-internship-in-chandigarh-at-entrepreneurship-and-rural-development-centre1710934715,internshala
256,web development intern,Go Alt Technologies Pvt. Ltd (Social Script),software engineering,"next.js, react, mongodb, .net, ui & ux design","Are you a passionate and creative individual looking to gain hands-on experience in web development while contributing to an exciting online architectural marketplace? As a Web Development Intern at SSturnece, you will have the opportunity to work with a dynamic team of professionals dedicated to revolutionizing the way architectural products and services are bought and sold.

Selected intern's day-to-day responsibilities include:

1. Front-End Development: Collaborate with our design and user experience teams to create visually appealing and user-friendly web pages. Implement responsive design principles to ensure the platform looks great on all devices.
2. Back-End Development: Assist in the development of a robust and scalable backend system that powers our marketplace. Work with databases and servers to ensure efficient data management.
3. Feature Implementation: Contribute to the development of new features and improvements to enhance the user experience. This may include search functionality, user profiles, product listings, and more.

If you are a motivated and enthusiastic individual looking to kickstart your career in web development and be a part of an innovative architectural marketplace, we encourage you to apply for this internship opportunity. Join us in creating a cutting-edge platform that connects architects, designers, and clients like never before. Your contributions can make a real impact in reshaping the architectural industry.. .NET , MongoDB , Next.js , React , UI & UX Design","web development intern software engineering next.js, react, mongodb, .net, ui & ux design Are you a passionate and creative individual looking to gain hands-on experience in web development while contributing to an exciting online architectural marketplace? As a Web Development Intern at S",unknown,internship,no experience required,"₹ 3,000 /month",https://internshala.com/internship/detail/web-development-internship-in-bangalore-at-go-alt-technologies-pvt-ltd-social-script1710926269,internshala
258,mis intern,DeHaat,business analytics,"data science, ms-powerpoint, python, machine learning, deep learning","Selected intern's day-to-day responsibilities include:

1. Crafting and refining curriculum content that spans Artificial Intelligence, Machine Learning, Data Science, IoT, and Python programming, catering to a diverse global youth audience.
2.  Developing real-world technology use cases that bring concepts to life and resonate with learners.
3.  Collaborating on the creation, enhancement, and maintenance of course materials, including PowerPoint presentations, instructor notes, learning activities, and games for both teachers and students.
4.  Skillfully documenting Python example code, providing students with practical code snippets that enhance their learning experience.. Data Science , Deep Learning , Machine Learning , MS-PowerPoint , Python","mis intern business analytics data science, ms-powerpoint, python, machine learning, deep learning Selected intern's day-to-day responsibilities include:

1. Crafting and refining curriculum content that spans Artificial Intelligence, Machine Learning, Data Science, IoT, and Python programming, cat",unknown,internship,no experience required,"₹ 15,000 /month",https://internshala.com/internship/detail/mis-internship-in-gurgaon-at-dehaat1710923695,internshala
259,curriculum developer (ai/ml) intern (remote),Sustainable Living Lab (SL2),artificial intelligence,"html, python, mongodb, node.js, java","Selected intern's day-to-day responsibilities include:

1. Collaborate and understand project requirements and objectives.
2. Design and develop backend systems and APIs to support front-end applications.
3. Write clean, efficient, and maintainable code in languages such as Python, Java, or Node.js.
4. Implement database schemas and optimise database queries for performance and scalability.
5. Work with version control systems (e.g., Git) to manage and track changes to codebase.
6. Participate in code reviews, debugging, and troubleshooting to ensure quality and reliability.
7. Stay updated on emerging technologies and best practices in backend development.. HTML , Java , MongoDB , Node.js , Python","curriculum developer (ai/ml) intern (remote) artificial intelligence html, python, mongodb, node.js, java Selected intern's day-to-day responsibilities include:

1. Collaborate and understand project requirements and objectives.
2. Design and develop backend systems and APIs to support front-end applicati",unknown,internship,no experience required,"₹ 5,000-6,000 /month",https://internshala.com/internship/detail/work-from-home-curriculum-developer-ai-ml-internship-at-sustainable-living-lab-sl21710922913,internshala
260,backend development intern,Reflex Realty LLP,web development,"python, natural language processing (nlp), machine learning","Selected intern's day-to-day responsibilities include: 

1. Using OCR, NLP, and ML tools, identify tabular data in provided images
2. Then extract this data, clean it, and save it in the prescribed data shape
3. Cleaning and preprocessing of images
4. Verifying the output values against our financial database, to measure accuracy. Machine Learning , Natural Language Processing (NLP) , Python","backend development intern web development python, natural language processing (nlp), machine learning Selected intern's day-to-day responsibilities include: 

1. Using OCR, NLP, and ML tools, identify tabular data in provided images
2. Then extract this data, clean it, and save it in the prescribed da",unknown,internship,no experience required,"₹ 5,000-10,000 /month",https://internshala.com/internship/detail/backend-development-internship-in-mumbai-at-reflex-realty-llp1710917805,internshala
262,flutter development intern (remote),Brihat Infotech Private Limited,mobile development,"html&css, wordpress","Selected intern's day-to-day responsibilities include: 

1. Developing and customizing plugins and themes
2. Managing website content using the WordPress admin interface
3. Testing websites for compatibility, responsiveness, and functionality
4. Working with team members, communicating with clients, and continuously learning about WordPress development best practices. HTML&CSS , WordPress","flutter development intern (remote) mobile development html&css, wordpress Selected intern's day-to-day responsibilities include: 

1. Developing and customizing plugins and themes
2. Managing website content using the WordPress admin interface
3. Testing websites for compat",unknown,internship,no experience required,"₹ 2,000 /month",https://internshala.com/internship/detail/work-from-home-flutter-development-internship-at-brihat-infotech-private-limited1710912196,internshala
263,wordpress development intern,Infidio,web development,"arduino, c programming","Selected intern's day-to-day responsibilities include: 

1. Learn subjects such as robotics, coding, electronics, and 3D printing and share the knowledge to school children 
2. Coordinate with parents on a call regarding the classes 
3. Develop a STEM curriculum with the team. Arduino , C Programming","wordpress development intern web development arduino, c programming Selected intern's day-to-day responsibilities include: 

1. Learn subjects such as robotics, coding, electronics, and 3D printing and share the knowledge to school children 
2. Coordinate with parents",unknown,internship,no experience required,"₹ 7,000 /month",https://internshala.com/internship/detail/wordpress-development-internship-in-delhi-at-infidio1710909931,internshala
264,stem engineer intern,STEMx,research,"jquery, html&css, javascript, mysql","Are you passionate about web development and looking to kickstart your career in a dynamic and innovative company? Qriocity Ventures Private Limited is seeking a talented WordPress Developer intern to join our team! 

As a WordPress Developer intern, you will have the opportunity to work on exciting projects and gain valuable hands-on experience in a fast-paced environment. 

Selected intern's day-to-day responsibilities include:

1. Collaborating with our design and development teams to create custom WordPress websites that are visually stunning and user-friendly.
2. Customizing themes and plugins to meet the specific needs of our clients and ensure optimal functionality.
3. Troubleshooting and debugging any issues that arise during the development process to ensure a seamless user experience.
4. Implementing SEO best practices to improve the visibility and ranking of our websites on search engines.
5. Keeping up-to-date with the latest trends and technologies in web development to continuously improve our websites.
6. Providing support and maintenance for existing WordPress websites to ensure they are running smoothly and efficiently.
7. Assisting with various other tasks and projects as needed to support the overall success of the company. 

If you are a motivated and creative individual with a passion for WordPress development, we want to hear from you! Join us at Qriocity Ventures and take the first step towards a rewarding career in web development. Apply now!. HTML&CSS , JavaScript , jQuery , MySQL","stem engineer intern research jquery, html&css, javascript, mysql Are you passionate about web development and looking to kickstart your career in a dynamic and innovative company? Qriocity Ventures Private Limited is seeking a talented WordPress Developer intern to",unknown,internship,no experience required,"₹ 10,000-15,000 /month",https://internshala.com/internship/detail/stem-engineer-internship-in-bangalore-at-stemx1710908881,internshala
265,wordpress developer intern (remote),Qriocity Ventures Private Limited,software engineering,"next.js, reactjs, python, mongodb, node.js, mysql, stripe payment api, java, amazon web services (aws)","Crabroom PayInt LLC seeks a Full Stack Web Developer for a Hybrid(in-office/remote) internship in Hyderabad. Join our highly productive team that boasts high-performing web developers with a 90% academic track record.

Selected intern's day-to-day responsibilities include:

1. Maintaining, enhancements, and new development
2. Documenting features, specs & infrastructure
3. Developing applications using Python/Java/NodeJS/Python/React/Next.JS+Stripe API+MySQL+AWS+MongoDB+Artificial Intelligence
4. Coordinating with a team lead
5. Addressing client requirements

Requirements:

1. Experience with 1-2 web projects
2. Knowledge of web development and software design
3. Proficiency in front-end tech (HTML, JS, CSS, JS frameworks), MySQL databases, and payment gateway/API integration
4. Office-based work commitment few months a year
5. Comfortable with US shifts and willing to travel to US as required.
6. Hyderabad-based when working from office
7. Willing to work full-time long-term after the internship
8. English communication skills
9. Ideal candidate with fintech security knowledge and website design/coding skills


Eligibility:

1. Candidates who are willing to travel to US.
2. Candidates with a degree in Computer Science and Management, such as a Bachelor's in Computer Science and a Master's in Business Management.
3. Individuals who have transitioned from a software development role to an IT management position.
4. Candidates who have demonstrated outstanding academic achievements or have received recognition from their current organization.. Amazon Web Services (AWS) , Java , MongoDB , MySQL , Next.js , Node.js , Python , ReactJS , Stripe Payment API","wordpress developer intern (remote) software engineering next.js, reactjs, python, mongodb, node.js, mysql, stripe payment api, java, amazon web services (aws) Crabroom PayInt LLC seeks a Full Stack Web Developer for a Hybrid(in-office/remote) internship in Hyderabad. Join our highly productive team that boasts high-performing web developers with a 90% acade",unknown,internship,no experience required,"₹ 25,000-35,000 /month",https://internshala.com/internship/detail/work-from-home-wordpress-developer-internship-at-qriocity-ventures-private-limited1710908697,internshala
266,full stack development intern,Crabroom LLC,web development,"html, javascript, mean/mern stack, mongodb, mysql, css","We are seeking a talented full-stack development intern to join our team at Oddmind Innovations! If you are passionate about MEAN/MERN stack development and have experience with JavaScript, HTML, CSS, MySQL, Node.js, MongoDB, and ReactJS, we want to hear from you.

Selected intern's day-to-day responsibilities include:

1. Assist in the design and development of innovative web applications using the latest technologies
2. Collaborate with team members to brainstorm and implement new features and functionality
3. Troubleshoot and debug issues to ensure the smooth performance of web applications
4. Conduct code reviews and offer constructive feedback to improve code quality
5. Stay up-to-date with industry trends and best practices to enhance our development processes
6. Work on both front-end and back-end development tasks to create seamless user experiences
7. Take ownership of projects and deliver high-quality solutions within set timelines
8. Design, develop, and maintain backend code for our assessment, matchmaking, and student community management projects
9. Work with front-end developers to integrate backend code with front-end interfaces
10. Write clean, efficient, and maintainable code
11. Participate in code reviews and contribute to the development of best practices and coding standards
12. Troubleshoot and debug issues with existing systems and infrastructure
13. Document code and processes

If you are eager to gain hands-on experience in a fast-paced and dynamic environment, apply now for this exciting opportunity to grow your skills and make a real impact at Oddmind Innovations!. CSS , HTML , JavaScript , MEAN/MERN Stack , MongoDB , MySQL","full stack development intern web development html, javascript, mean/mern stack, mongodb, mysql, css We are seeking a talented full-stack development intern to join our team at Oddmind Innovations! If you are passionate about MEAN/MERN stack development and have experience with JavaScript, HTML, CSS,",unknown,internship,no experience required,"₹ 7,500 /month",https://internshala.com/internship/detail/full-stack-development-internship-in-hyderabad-at-crabroom-llc1710907444,internshala
267,full stack development intern (part time/remote),Oddmind Innovations,web development,"user interface (ui) development, flutter, figma, rest api, android, dart, firebase, ui & ux design","Are you a talented and passionate Flutter developer looking to gain hands-on experience in a dynamic and fast-paced environment? Look no further! EpiGle is seeking an enthusiastic and dedicated Flutter Development intern to join our team. With your expertise in Flutter, Dart, Android, Firebase, and REST API, you'll have the opportunity to work on exciting and innovative projects that will make a significant impact in the healthcare industry. 

Key responsibilities: 
1. Develop and maintain high-quality Flutter applications for both Android and iOS platforms.
2. Collaborate with a cross-functional team to design, develop, and implement new features and enhancements.
3. Integrate Firebase services, such as Firestore and Cloud Messaging, to support real-time updates and push notifications.
4. Utilize REST API to consume data from external sources and ensure seamless data integration.
5. Conduct thorough testing and debugging to identify and fix any performance issues or bugs.
6. Stay up-to-date with the latest industry trends and best practices in Flutter development.
7. Assist in the documentation and version control of project codebase to ensure smooth knowledge transfer and code maintainability.

If you're ready to take on exciting challenges, work alongside a talented team, and gain valuable industry experience, apply now for our Flutter Development intern position at EpiGle. Let's shape the future of healthcare together!. Android , Dart , Figma , Firebase , Flutter , REST API , UI & UX Design , User Interface (UI) Development","full stack development intern (part time/remote) web development user interface (ui) development, flutter, figma, rest api, android, dart, firebase, ui & ux design Are you a talented and passionate Flutter developer looking to gain hands-on experience in a dynamic and fast-paced environment? Look no further! EpiGle is seeking an enthusiastic and dedicated Flutte",unknown,internship,no experience required,"₹ 3,600 /month +  Incentives",https://internshala.com/internship/detail/work-from-home-part-time-full-stack-development-internship-at-oddmind-innovations1710849838,internshala
268,flutter development intern (part time),EpiGle,mobile development,python,"Selected intern's day-to-day responsibilities include:

1. Work on data sourcing and use web scrapers like BeautifulSoup, Selenium, etc.
2. Implement the latest AI techniques to augment large-scale data scraping
3. Deeply understand and implement data-mesh architecture, especially in relation to Elastic Search and Vector Search
4. Ensure data standards and work with tools like Elastic search and vector database.
5. Manage data normalization and standards validation
6. Automate and parametrize the scrapers
7. Monitor data sanity and ensure data availability and reliability
8. Understand business drivers and derive insights through data
9. Collaborate with stakeholders to establish current and ongoing data support and reporting needs


Skills and Qualifications:

1. Graduate/Post Graduate degree in Computer Science or Engineering
2. 1-3 years of Hands-on experience with AWS.
3. Exceptional skills in data-mesh architecture, especially Elastic Search and Vector Search
4. Passion and interest in ETL jobs
5. Good English speaking and communication skills
6. Ability to work with a global remote culture
7. Initiative and entrepreneurship skills
8. Experience with microservices architecture and writing REST APIs
9. Knowledge of Kubernetes, Docker, and Airflow
10. Prior experience with Python, Django, and Gunicorn
11. Independent work ethic with an ability to thrive in a fast-paced environment. Python","flutter development intern (part time) mobile development python Selected intern's day-to-day responsibilities include:

1. Work on data sourcing and use web scrapers like BeautifulSoup, Selenium, etc.
2. Implement the latest AI techniques to augment large-scale da",unknown,internship,no experience required,"₹ 15,000 /month",https://internshala.com/internship/detail/part-time-flutter-development-internship-in-multiple-locations-at-epigle1710842003,internshala
269,data engineering intern (remote),Taiyō,data engineering,"j2ee, hibernate (java), jsp, mysql, spring mvc, java","Selected intern's day-to-day responsibilities include: 

1. Work to propose innovative solutions, tools, frameworks, automation, and processes to be used by the team
2. Assist with analyzing user requirements, envisioning system features and functionality
3. Work to contribute in all phases of the development life cycle
4. Collaborate and participate with the web and app frontend development team
5. Develop and maintenance of application backend services and the database design and configuration
6. Act accountable for the continuous integration and deployment of applications including monitoring and incident reporting
7. Work to utilize in-depth knowledge to analyze complex problems and make informed decisions
8. Assist with ensuring essential security procedures are followed in every stage of software development
9. Support continuous improvement by investigating alternatives and technologies and presenting these for architectural review. Hibernate (Java) , J2EE , Java , JSP , MySQL , Spring MVC","data engineering intern (remote) data engineering j2ee, hibernate (java), jsp, mysql, spring mvc, java Selected intern's day-to-day responsibilities include: 

1. Work to propose innovative solutions, tools, frameworks, automation, and processes to be used by the team
2. Assist with analyzing user requ",unknown,internship,no experience required,"₹ 10,000-12,000 /month",https://internshala.com/internship/detail/work-from-home-data-engineering-internship-at-taiy1710848557,internshala
270,java development intern,Monkhub,software engineering,"rust, javascript","Selected intern's day-to-day responsibilities include:

1. Building OpenAI/GPT library using Rust and Javascript (using Webassembly WASM)
2. Using advanced Node.js packaging & testing tools like Jest, Mocha, Webpack, Gulp, etc. (you have to be extremely comfortable with Advanced Javascript build tools)
3. Customizing the build and deployment libraries of Rust and Webassembly
4. Working with WASM/Rust bridge like WASI. JavaScript , Rust","java development intern software engineering rust, javascript Selected intern's day-to-day responsibilities include:

1. Building OpenAI/GPT library using Rust and Javascript (using Webassembly WASM)
2. Using advanced Node.js packaging & testing tools like Jest,",unknown,internship,no experience required,"₹ 5,000-10,000 /month",https://internshala.com/internship/detail/java-development-internship-in-delhi-at-monkhub1710847554,internshala
271,rust and webassembly intern (part time/remote),RedCarpetUp,software engineering,"wordpress, search engine optimization (seo), html, javascript, bootstrap, search engine marketing (sem), web application security, css","Selected intern's day-to-day responsibilities include developing eCommerce website with payment integration & shipment integration product listing etc. of our organic food website.. Bootstrap , CSS , HTML , JavaScript , Search Engine Marketing (SEM) , Search Engine Optimization (SEO) , Web Application Security , WordPress","rust and webassembly intern (part time/remote) software engineering wordpress, search engine optimization (seo), html, javascript, bootstrap, search engine marketing (sem), web application security, css Selected intern's day-to-day responsibilities include developing eCommerce website with payment integration & shipment integration product listing etc. of our organic food website.. Bootstrap , CSS , ",unknown,internship,no experience required,"₹ 8,000-14,000 /month",https://internshala.com/internship/detail/work-from-home-part-time-rust-and-webassembly-internship-at-redcarpetup1710846067,internshala
272,wordpress plus woocommerce website management intern,SINGEM LIFESKILLS INDIA PVT LTD,web development,"linux, rest api, python, django, github","Selected intern's day-to-day responsibilities include:  

1. Understand the product requirements and implement them as per specifications 
2. Develop efficient, reusable, and reliable Python-based web service features
3. Build RESTful APIs and work with front-end developers for integration
4. Improve the functionality of existing systems and optimize the performance
5. Research new tools/technologies/processes and adopt them in work

Skills & Requirements:

1. Experience building web applications in Python-based web frameworks such as Django, and Flask
2. REST API experience preferred
3. Have great problem-solving skills and a knack for writing clean Python code
4. Deep understanding of OOPS  and software engineering principles  
5. Strong familiarity with databases: relational DBs, NoSQL DBs, and big data
6. Understanding of fundamentals behind a secure and scalable application
7. Familiarity with Cloud such as AWS  and microservices is an advantage
8. B.Tech or M.Tech in computer science or related field  (70% more aggregate). Django , GitHub , Linux , Python , REST API","wordpress plus woocommerce website management intern web development linux, rest api, python, django, github Selected intern's day-to-day responsibilities include:  

1. Understand the product requirements and implement them as per specifications 
2. Develop efficient, reusable, and reliable Python-based web",unknown,internship,no experience required,"₹ 15,000-25,000 /month",https://internshala.com/internship/detail/wordpress-plus-woocommerce-website-management-internship-in-kolkata-at-singem-lifeskills-india-pvt-ltd1710845126,internshala
273,web development intern,Goyam Organic Private Limited,software engineering,"html, react, javascript, reactjs, bootstrap, mongodb, amazon web server (aws), node.js, mysql, css","Are you a talented Web Development intern with experience in React, Node.js, HTML, CSS, and Bootstrap? Join our team at Mintix AS and take your skills to the next level! As a Web Development intern, you will work on exciting projects, collaborate with a dynamic team, and gain valuable hands-on experience in the tech industry. 

Selected intern's day-to-day responsibilities include:  

1. Develop and maintain web applications using React and Node.js
2. Implement responsive designs using HTML, CSS, and Bootstrap
3. Collaborate with designers and backend developers to create seamless user experiences
4. Conduct testing and debugging to ensure optimal performance and functionality
5. Stay up-to-date on the latest web development trends and technologies
6. Assist in deploying applications to production environments
7. Contribute innovative ideas and solutions to enhance our products and services. 

If you are eager to learn, passionate about web development, and ready to make an impact, apply now and join us at Mintix AS!. Amazon Web Server (AWS) , Bootstrap , CSS , HTML , JavaScript , MongoDB , MySQL , Node.js , React , ReactJS","web development intern software engineering html, react, javascript, reactjs, bootstrap, mongodb, amazon web server (aws), node.js, mysql, css Are you a talented Web Development intern with experience in React, Node.js, HTML, CSS, and Bootstrap? Join our team at Mintix AS and take your skills to the next level! As a Web Development intern, y",unknown,internship,no experience required,"₹ 10,000 /month",https://internshala.com/internship/detail/web-development-internship-in-mumbai-at-goyam-organic-private-limited1710844842,internshala
274,backend & ml development intern,COSGrid Systems Private Limited,software engineering,"html, wordpress, css","Selected intern's day-to-day responsibilities include: 

1. Working on the theme, plugin & demo installation
2. Setting up the menu bar, customizing the header, footer, and other basic changes
3. Designing the layout of the webpages using page builders. CSS , HTML , WordPress","backend & ml development intern software engineering html, wordpress, css Selected intern's day-to-day responsibilities include: 

1. Working on the theme, plugin & demo installation
2. Setting up the menu bar, customizing the header, footer, and other basic changes
3. Desi",unknown,internship,no experience required,"₹ 2,000 /month +  Incentives",https://internshala.com/internship/detail/backend-ml-development-internship-in-chennai-at-cosgrid-systems-private-limited1710844708,internshala
275,web development intern,Mintix AS,software engineering,"google analytics, wordpress, search engine optimization (seo), html, email marketing, search engine marketing (sem), algorithms, digital marketing, content marketing","Selected intern's day-to-day responsibilities include: 

1. Manage the website that is published using WixApp
2. Design, recommend, and pitch modifications to new and current features
3. Help in troubleshooting issues on web-based systems
4. Work on establishing and guiding the website's architecture
5. Update and edit website content, posts, and pages
6. Manage all technical aspects of the CMS
7. Work on checking SEO. Algorithms , Content Marketing , Digital Marketing , Email Marketing , Google Analytics , HTML , Search Engine Marketing (SEM) , Search Engine Optimization (SEO) , WordPress","web development intern software engineering google analytics, wordpress, search engine optimization (seo), html, email marketing, search engine marketing (sem), algorithms, digital marketing, content marketing Selected intern's day-to-day responsibilities include: 

1. Manage the website that is published using WixApp
2. Design, recommend, and pitch modifications to new and current features
3. Help in troub",unknown,internship,no experience required,"₹ 2,000 /month",https://internshala.com/internship/detail/web-development-internship-in-kanpur-at-mintix-as1710844455,internshala
276,wordpress development intern,Jump Online IT Solutions,web development,ui & ux design,"Selected intern's day-to-day responsibilities include:

1. Develop visually compelling and user-centric interfaces using the Wix platform
2. Collaborate seamlessly with cross-functional teams to comprehend and address project requirements and objectives comprehensively
3. Stay abreast of the latest industry trends and adhere to best practices in UI/UX design
4. Forge close collaboration with developers to guarantee precise implementation of design specifications. UI & UX Design","wordpress development intern web development ui & ux design Selected intern's day-to-day responsibilities include:

1. Develop visually compelling and user-centric interfaces using the Wix platform
2. Collaborate seamlessly with cross-functional teams to compr",unknown,internship,no experience required,"₹ 7,000 /month",https://internshala.com/internship/detail/wordpress-development-internship-in-indore-at-jump-online-it-solutions1710836774,internshala
278,ui/ux design (wix) intern (remote),Spaces,ui ux design,"model view controller(mvc), asp.net, .net, ms sql server","Selected intern's day-to-day responsibilities include:

1. Analyze, design, implement and integrate functional requirements in the solutions
2. Develop new functionality on our existing software products
3. Work on maintaining and supporting multiple projects and deadlines
4. Communicate clearly with clients
5. Work within a team to determine needs and apply/customize existing technology to meet those needs
6. Work on proper reporting and documentation. .NET , ASP.NET , Model View Controller(MVC) , MS SQL Server","ui/ux design (wix) intern (remote) ui ux design model view controller(mvc), asp.net, .net, ms sql server Selected intern's day-to-day responsibilities include:

1. Analyze, design, implement and integrate functional requirements in the solutions
2. Develop new functionality on our existing software produ",unknown,internship,no experience required,"₹ 10,000-20,000 /month",https://internshala.com/internship/detail/work-from-home-ui-ux-design-wix-internship-at-spaces1710838672,internshala
279,prompt engineering mentoring intern,Future Skills,artificial intelligence,"nosql, data structures, python, mysql, c++ programming, java, problem solving","Selected intern's day-to-day responsibilities include: 

1. Adapt to diverse projects: contribute to database design, programming, web development, and machine learning
2. Apply strong problem-solving skills: collaborate with cross-functional teams for complex challenges
3. Demonstrate expertise in Python and Java,c  and c++: contribute across various project aspects
4. Embrace a domain-agnostic mindset: thrive on diverse problem-solving for project success
5. Create clear project documentation: collaborate effectively with cross-functional teams
6. Strong problem-solving and analytical skills. C++ Programming , Data Structures , Java , MySQL , NoSQL , Problem Solving , Python","prompt engineering mentoring intern artificial intelligence nosql, data structures, python, mysql, c++ programming, java, problem solving Selected intern's day-to-day responsibilities include: 

1. Adapt to diverse projects: contribute to database design, programming, web development, and machine learning
2. Apply strong problem-solving",unknown,internship,no experience required,"₹ 10,000 /month",https://internshala.com/internship/details/prompt-engineering-mentoring-internship-in-hyderabad-at-future-skills1710835605,internshala
280,mvc developer intern,IYCWorld SoftInfrastructure Private Limited,software engineering,"html&css, javascript, php, wordpress","Selected intern's day-to-day responsibilities include:

1. Assist in developing, customizing, and maintaining WordPress websites according to client requirements
2. Collaborate with the digital marketing team to understand project goals, objectives, and design specifications
3. Ensure WordPress websites are visually appealing, user-friendly, and optimized for performance and search engines
4. Install and configure WordPress plugins and themes to enhance website functionality and design
5. Troubleshoot and resolve any technical issues that arise during website development or maintenance
6. Conduct quality assurance tests to identify and fix bugs, errors, or compatibility issues
7. Optimize website loading speed and performance by implementing best practices and techniques
8. Update website content, images, and other multimedia elements as needed
9. Stay up-to-date with the latest WordPress trends, tools, and technologies
10. Collaborate with team members to brainstorm creative solutions and contribute innovative ideas
11. Adhere to project timelines and meet deadlines for assigned tasks and projects

Requirements:

1. WordPress is a must-skill, at least need to be familiar with themes, plugins & WordPress dashboard
2. Looking for people who can use WordPress as a tool to build websites 
3. Applicants from Bengaluru will be our  first  priority
4. We will not entertain any students currently enrolled in a course
5. This is a full-time work from office internship based in Bangalore. We work from Mon-Sat 9:30-6:30pm. Second & Fourth Saturdays are an off...Only apply if you are available full time.. HTML&CSS , JavaScript , PHP , WordPress","mvc developer intern software engineering html&css, javascript, php, wordpress Selected intern's day-to-day responsibilities include:

1. Assist in developing, customizing, and maintaining WordPress websites according to client requirements
2. Collaborate with the digital market",unknown,internship,no experience required,"₹ 10,000 /month",https://internshala.com/internship/details/mvc-developer-internship-in-delhi-at-iycworld-softinfrastructure-private-limited1710835188,internshala
281,technical analytics intern,Requin Solutions Private Limited,data analytics,"product management, english proficiency (spoken), email marketing, data analytics, english proficiency (written), research and analytics, digital marketing","Selected intern's day-to-day responsibilities include: 

1. Working closely with the product head to develop campaigns for direct sales and customer engagement
2. Regularly monitoring the campaigns to identify and update the campaigns as required to improve the efficacy of the campaigns
3. Working closely with the creative content team to get the campaigns ready
4. Analyzing and prepare customer segmentation to run the campaigns 
5. Developing and delivering reports, analysis, and insight to management. Data Analytics , Digital Marketing , Email Marketing , English Proficiency (Spoken) , English Proficiency (Written) , Product Management , Research and Analytics","technical analytics intern data analytics product management, english proficiency (spoken), email marketing, data analytics, english proficiency (written), research and analytics, digital marketing Selected intern's day-to-day responsibilities include: 

1. Working closely with the product head to develop campaigns for direct sales and customer engagement
2. Regularly monitoring the campaigns to",unknown,internship,no experience required,"₹ 16,000 /month",https://internshala.com/internship/details/technical-analytics-internship-in-jaipur-at-requin-solutions-private-limited1710835050,internshala
282,wordpress development intern,FileSure India Private Limited,web development,"computer networking, business analysis","Selected intern's day-to-day responsibilities include: 

1. Drafting business requirements documents for various needs of business 
2. Analyzing problems and defining 
Troubleshooting requirements 
3. Identifying and designing automation needs based on  current business and expansion
4. Maintaining and updating system requirements documentation.
5. Taking care of vendor evaluation with a summary 
6. Ensuring software products with the smooth functioning of system and data security 
7. Performing system fieldwork, gathering data, and developing reports 
8. Identify process improvements and system enhancements to support business needs 
9. Analyze and document current business processes with problems faced
10. Analyze a company's business processes and procedures to determine the best way to overcome difficulties faced. Business Analysis , Computer Networking","wordpress development intern web development computer networking, business analysis Selected intern's day-to-day responsibilities include: 

1. Drafting business requirements documents for various needs of business 
2. Analyzing problems and defining 
Troubleshooting requirements 
3.",unknown,internship,no experience required,"₹ 7,000-8,000 /month",https://internshala.com/internship/details/wordpress-development-internship-in-bangalore-at-filesure-india-private-limited1710834716,internshala
283,product analytics intern,ABP EVentures Private Limited,data analytics,data science,"Selected intern's day-to-day responsibilities include: 

1. Design and develop innovative AI algorithms and models
2. Analyze large datasets to identify patterns and insights for applications
3. Train and fine-tune machine learning models for specific tasks

This role involves 3hrs of teaching and 4hrs of industrial work. Data Science","product analytics intern data analytics data science Selected intern's day-to-day responsibilities include: 

1. Design and develop innovative AI algorithms and models
2. Analyze large datasets to identify patterns and insights for applications
3. Train",unknown,internship,no experience required,"₹ 18,000 /month",https://internshala.com/internship/detail/product-analytics-internship-in-kolkata-at-abp-eventures-private-limited1710830858,internshala
284,information technology intern,Mahavir Home Stores,general,data science,"Selected intern's day-to-day responsibilities include: 

1. Analyze recruitment data to uncover patterns and insights for optimizing talent acquisition strategies
2. Stay updated with the latest advancements in data science and recruitment technology
3. Provide strategic recommendations for improving recruitment processes and diversity initiatives

This role involves 3hrs of teaching and 4hrs of Recruitment Data Science (using Data Science methodologies to improve recruitment function). Data Science","information technology intern general data science Selected intern's day-to-day responsibilities include: 

1. Analyze recruitment data to uncover patterns and insights for optimizing talent acquisition strategies
2. Stay updated with the latest advan",unknown,internship,no experience required,"₹ 18,000 /month",https://internshala.com/internship/detail/information-technology-internship-in-mumbai-at-mahavir-home-stores1710829888,internshala
285,ai science intern,Future Skills,artificial intelligence,rust,"Selected intern's day-to-day responsibilities include:

1. Building OpenAI/GPT library using Rust and JavaScript WebAssembly (WASM)
2. Customizing the build and deployment libraries of Rust and WebAssembly
3. Working with WASM/Rust bridge like WASI. Rust","ai science intern artificial intelligence rust Selected intern's day-to-day responsibilities include:

1. Building OpenAI/GPT library using Rust and JavaScript WebAssembly (WASM)
2. Customizing the build and deployment libraries of Rust and WebAss",unknown,internship,no experience required,"₹ 7,500-10,000 /month",https://internshala.com/internship/detail/ai-science-internship-in-hyderabad-at-future-skills1710829224,internshala
286,recruitment data science intern,Future Skills,data science,"c#, unity engine, unity 3d, javascript, blender 3d, unreal engine","As a VR game development intern at SimoneFx Reality Labs Private Limited, you will have the opportunity to work on cutting-edge virtual reality projects and gain hands-on experience with industry-leading technologies. We are looking for someone who is proficient in Unity 3D, Unreal Engine, C#, Blender 3D, JavaScript, and Unity Engine.

Selected intern's day-to-day responsibilities include:

1. Collaborate with our talented VR development team to design and develop immersive VR games using Unity3D or Unreal Engine
2. Assist in creating interactive environments, game mechanics, and user interfaces tailored for VR platforms
3. Implement VR-specific features such as hand tracking, locomotion systems, and spatial audio to enhance player immersion
4. Conduct testing and optimization to ensure smooth performance and compatibility across various VR devices
5. Stay updated with the latest VR technologies, tools, and best practices in game development
6. Write clean, efficient, and maintainable code in C# and JavaScript to enhance game performance
7. Test and debug games to ensure they meet quality standards
8. Contribute innovative ideas and solutions to help shape the future of virtual reality

If you are passionate about VR game development and eager to learn and grow in a fast-paced environment, then this internship opportunity is perfect for you. Join us at SimoneFx Reality Labs Private Limited and be a part of creating immersive VR gaming experiences.. Blender 3D , C# , JavaScript , Unity 3D , Unity Engine , Unreal Engine","recruitment data science intern data science c#, unity engine, unity 3d, javascript, blender 3d, unreal engine As a VR game development intern at SimoneFx Reality Labs Private Limited, you will have the opportunity to work on cutting-edge virtual reality projects and gain hands-on experience with industry-lead",unknown,internship,no experience required,"₹ 8,000-10,000 /month",https://internshala.com/internship/detail/recruitment-data-science-internship-in-hyderabad-at-future-skills1710829201,internshala
288,unity 3d game development intern,SimoneFx Reality Labs Private Limited,game development,"php, wordpress, search engine optimization (seo), html, javascript, css","Are you a talented WordPress developer looking to gain real-world experience in a fast-paced, dynamic environment? Voxelstudio One Private Limited is seeking a motivated WordPress Development intern to join our team! 

Selected intern's day-to-day responsibilities include:

1. Collaborate with our team to design and develop custom WordPress websites that are both visually stunning and user-friendly
2. Implement best practices in Search Engine Optimization (SEO) to drive organic traffic and improve website rankings
3. Utilize HTML, CSS, PHP, and JavaScript to customize themes and plugins to meet client requirements
4. Troubleshoot and debug issues to ensure optimal performance and functionality of websites
5. Stay up-to-date on the latest trends and technologies in WordPress development to enhance our offerings
6. Assist in testing and quality assurance processes to deliver high-quality websites to clients
7. Communicate effectively with team members and clients to ensure project requirements are met and deadlines are achieved

If you are passionate about web development and eager to expand your skills, apply now to join our innovative team at Voxelstudio One Private Limited!. CSS , HTML , JavaScript , PHP , Search Engine Optimization (SEO) , WordPress","unity 3d game development intern game development php, wordpress, search engine optimization (seo), html, javascript, css Are you a talented WordPress developer looking to gain real-world experience in a fast-paced, dynamic environment? Voxelstudio One Private Limited is seeking a motivated WordPress Development intern t",unknown,internship,no experience required,"₹ 8,000-20,000 /month",https://internshala.com/internship/detail/unity-3d-game-development-internship-in-navi-mumbai-at-simonefx-reality-labs-private-limited1710827374,internshala
289,website design intern,D Thrive,web development,"html&css, javascript, php, wordpress","Selected intern's day-to-day responsibilities include:

1. Assist in developing, customizing, and maintaining WordPress websites according to client requirements
2. Collaborate with the digital marketing team to understand project goals, objectives, and design specifications
3. Ensure WordPress websites are visually appealing, user-friendly, and optimized for performance and search engines
4. Install and configure WordPress plugins and themes to enhance website functionality and design
5. Troubleshoot and resolve any technical issues that arise during website development or maintenance
6. Conduct quality assurance tests to identify and fix bugs, errors, or compatibility issues
7. Optimize website loading speed and performance by implementing best practices and techniques
8. Update website content, images, and other multimedia elements as needed
9. Stay up-to-date with the latest WordPress trends, tools, and technologies
10. Collaborate with team members to brainstorm creative solutions and contribute innovative ideas
11. Adhere to project timelines and meet deadlines for assigned tasks and projects

Requirements:

1. WordPress is a must-skill, at least need to be familiar with themes, plugins & WordPress dashboard
2. Looking for people who can use WordPress as a tool to build websites 
3. Applicants from South Mumbai will be our  first  priority
4. We will not entertain any students currently enrolled in a course. HTML&CSS , JavaScript , PHP , WordPress","website design intern web development html&css, javascript, php, wordpress Selected intern's day-to-day responsibilities include:

1. Assist in developing, customizing, and maintaining WordPress websites according to client requirements
2. Collaborate with the digital market",unknown,internship,no experience required,"₹ 5,000-10,000 /month",https://internshala.com/internship/detail/website-design-internship-in-amritsar-at-d-thrive1710826066,internshala
290,wordpress website development intern,Voxelstudio One Private Limited,web development,"node.js, javascript, express.js, mysql","Selected intern's day-to-day responsibilities include: 

1. Develop applications, using Node JS, Express JS and JavaScript, SQL (MySQL/PostgreSQL)
2. Integrate multiple data sources into one system to have familiarity with Object Relational Mapping libraries
3. Handle asynchronous processes, scalable application design, and object-oriented design and design patterns 
4. Develop sophisticated products that add value to the client and result in new projects and revenue streams

Preference will be given to those candidates who have done some real-time projects on Node JS or have any prior internship experience in the same.. Express.js , JavaScript , MySQL , Node.js","wordpress website development intern web development node.js, javascript, express.js, mysql Selected intern's day-to-day responsibilities include: 

1. Develop applications, using Node JS, Express JS and JavaScript, SQL (MySQL/PostgreSQL)
2. Integrate multiple data sources into one system to",unknown,internship,no experience required,"₹ 15,000 /month",https://internshala.com/internship/detail/wordpress-website-development-internship-in-multiple-locations-at-voxelstudio-one-private-limited1710824583,internshala
291,wordpress development intern,FileSure India Private Limited,web development,web development,"Selected intern's day-to-day responsibilities include: 

1. Develop and optimize WIX websites for mobile and laptop views, ensuring high-quality standards and optimal performance
2. Conduct comprehensive audits, identify areas for website improvement, and implement design enhancements based on audit findings
3. Work closely with content writers and UI/UX designers, attending project meetings, and actively participating in discussions
4. Create detailed plans for website projects, outline tasks and timelines, and execute plans with iterative feedback from clients
5. Develop and implement monthly maintenance strategies for client websites, ensuring ongoing high-quality standards
6. Demonstrate expertise in utilizing the WIX platform for seamless development and stay updated on its latest features
7. Effectively use tools such as Google Docs, Sheets, Forms, Canva, Notion, and Discord, integrating them for streamlined collaboration and communication
8. Optimize website loading times for a seamless user experience, implementing measures to enhance overall speed and performance
9. Align with the overarching goals of the Ozibook team, focusing on crafting visually appealing websites that meet client expectations. Certificate ,  Letter of recommendation ,  Flexible work hours","wordpress development intern web development web development Selected intern's day-to-day responsibilities include: 

1. Develop and optimize WIX websites for mobile and laptop views, ensuring high-quality standards and optimal performance
2. Conduct comprehens",unknown,internship,no experience required,"₹ 1,000 /month",https://internshala.com/internship/detail/wordpress-development-internship-in-mumbai-at-filesure-india-private-limited1710824203,internshala
292,node.js development intern,Impact Analytics,web development,"html, wordpress, css","Selected intern's day-to-day responsibilities include: 

1. Creating and managing a website on WordPress
2. Uploading and customizing the WordPress theme on the website
3. Adding plugins and Google Analytics. CSS , HTML , WordPress","node.js development intern web development html, wordpress, css Selected intern's day-to-day responsibilities include: 

1. Creating and managing a website on WordPress
2. Uploading and customizing the WordPress theme on the website
3. Adding plugins and Google An",unknown,internship,no experience required,"₹ 1,000 /month",https://internshala.com/internship/detail/nodejs-development-internship-in-bangalore-at-impact-analytics1710823791,internshala
294,website designing intern (part time/remote),GEMA Education Technology Private Limited,web development,html,"Are you a tech-savvy individual with a passion for web development? Swyftin is looking for a talented WordPress development intern to join our team! As a key member of our development team, you will have the opportunity to work on exciting projects and gain hands-on experience in a fast-paced environment.

Selected intern's day-to-day responsibilities include:

1. Assist in the creation and maintenance of WordPress websites for our clients
2. Collaborate with our design and marketing teams to implement website features and updates
3. Troubleshoot and resolve issues related to website functionality and performance
4. Optimize website performance through HTML coding and other development techniques
5. Stay up-to-date on the latest trends and technologies in web development
6. Provide support and training to internal teams on WordPress best practices
7. Contribute to the overall success of the company by delivering high-quality work and meeting project deadlines

If you are a self-motivated individual with a strong understanding of HTML and a desire to learn and grow in the field of WordPress development, then we want to hear from you! Apply now to kickstart your career with Swyftin.. HTML","website designing intern (part time/remote) web development html Are you a tech-savvy individual with a passion for web development? Swyftin is looking for a talented WordPress development intern to join our team! As a key member of our development team, you will h",unknown,internship,no experience required,"₹ 5,000 /month",https://internshala.com/internship/detail/work-from-home-part-time-website-designing-internship-at-gema-education-technology-private-limited1710780343,internshala
295,web development intern,Bathxpertz,software engineering,"php, codeigniter, wordpress, html, javascript, jquery, model view controller(mvc), laravel, css","Selected intern's day-to-day responsibilities include:

1. Working on client's and organization's website
2. Working on PHP (WordPress) and MySQL to design, develop and debug a web application
3. Working on the integration of user-facing elements and working on front-end and back-end development
4. Working with front-end technologies, including CSS3, JavaScript, and HTML5
5. Building efficient, testable, and reusable PHP modules
6. Solving complex performance problems and architectural challenges
7. Integrating back-end services with PHP/JavaScript-based front-end needs applications
8. Working with the team to manage, optimize and customize multiple web applications. CodeIgniter , CSS , HTML , JavaScript , jQuery , LARAVEL , Model View Controller(MVC) , PHP , WordPress","web development intern software engineering php, codeigniter, wordpress, html, javascript, jquery, model view controller(mvc), laravel, css Selected intern's day-to-day responsibilities include:

1. Working on client's and organization's website
2. Working on PHP (WordPress) and MySQL to design, develop and debug a web application
3. Work",unknown,internship,no experience required,"₹ 5,000 /month",https://internshala.com/internship/detail/web-development-internship-in-delhi-at-bathxpertz1710770157,internshala
296,wordpress development intern (part time/remote),Swyftin,web development,"mysql, java, spring mvc","Selected intern's day-to-day responsibilities include:

1. Understanding project requirements.
2. Participating in development tasks.
3. Providing regular progress reports.. Java , MySQL , Spring MVC","wordpress development intern (part time/remote) web development mysql, java, spring mvc Selected intern's day-to-day responsibilities include:

1. Understanding project requirements.
2. Participating in development tasks.
3. Providing regular progress reports.. Java , MySQL , Spring MVC",unknown,internship,no experience required,"₹ 9,000 /month",https://internshala.com/internship/detail/work-from-home-part-time-wordpress-development-internship-at-swyftin1710768263,internshala
297,web development intern,WEBIZONA,software engineering,"rust, golang, python, node.js, effective communication, c++ programming, java","Selected intern's day-to-day responsibilities include: 

1. Live sessions: Conduct daily live coding sessions for students, guiding them through problem-solving strategies. Clearly explain problem statements, breaking them down into manageable steps. Provide constructive feedback and encouragement during live sessions
2. Coding questions authoring and review: Assist in creating and maintaining high-quality content for student learning

Skills and requirements:

1. Candidates pursuing or completed B.Tech, M.Tech or M.Sc with a Computer Science background preferred
2. Strong language proficiency (Any 3): Python, C/C++, Java, NodeJS, Golang, Rust
3. Ability to select and prepare engaging problem statements from various coding platforms (e.g., LeetCode)
4. Strong coding skills with a solid understanding of data structures and algorithms
5. Excellent communication and interpersonal skills, with the ability to explain complex concepts clearly and concisely. C++ Programming , Effective Communication , Golang , Java , Node.js , Python , Rust","web development intern software engineering rust, golang, python, node.js, effective communication, c++ programming, java Selected intern's day-to-day responsibilities include: 

1. Live sessions: Conduct daily live coding sessions for students, guiding them through problem-solving strategies. Clearly explain problem sta",unknown,internship,no experience required,"₹ 20,000 /month",https://internshala.com/internship/detail/web-development-internship-in-delhi-at-webizona1710758753,internshala
298,java development intern (remote),Make Your House App,software engineering,"php, codeigniter, wordpress, html, javascript, ajax, jquery, mysql, laravel","Are you a talented PHP Development intern looking to gain hands-on experience with cutting-edge technologies? Look no further than QANinjas! We are seeking a motivated individual with expertise in PHP, HTML, Laravel, jQuery, AJAX, CodeIgniter, JavaScript, MySQL, and WordPress to join our dynamic team. As a PHP Development intern at QANinjas, you will have the opportunity to work on exciting projects, collaborate with experienced developers, and enhance your skills in a fast-paced environment. 

Key Responsibilities:
1. Assist in developing and maintaining PHP-based web applications.
2. Implement new features and functionality on existing websites using Laravel, CodeIgniter, and WordPress.
3. Collaborate with the team to optimize website performance and user experience.
4. Troubleshoot and debug code to ensure seamless functionality.
5. Utilize jQuery, AJAX, and JavaScript to enhance interactivity and responsiveness.
6. Work with MySQL databases to store and retrieve data efficiently.
7. Stay updated on industry trends and best practices to continuously improve your skills. 

If you are passionate about PHP development and eager to learn from experienced professionals, apply now to join QANinjas and take your career to the next level!. AJAX , CodeIgniter , HTML , JavaScript , jQuery , LARAVEL , MySQL , PHP , WordPress","java development intern (remote) software engineering php, codeigniter, wordpress, html, javascript, ajax, jquery, mysql, laravel Are you a talented PHP Development intern looking to gain hands-on experience with cutting-edge technologies? Look no further than QANinjas! We are seeking a motivated individual with expertise in PHP",unknown,internship,no experience required,"₹ 8,000-10,000 /month",https://internshala.com/internship/detail/work-from-home-java-development-internship-at-make-your-house-app1710765387,internshala
299,technical content engineer (coding) intern,Kalvium,content writing,"html, javascript, c++ programming, java, sql, css","Selected intern's day-to-day responsibilities include: 

1.     Create multiple panels for admins, users, and super admin
2.     Manage a team of 10 web development interns
3.     Plan the product roadmap with features and applications
4.     Create a strong backend structure & front end for all the panels combined. C++ Programming , CSS , HTML , Java , JavaScript , SQL","technical content engineer (coding) intern content writing html, javascript, c++ programming, java, sql, css Selected intern's day-to-day responsibilities include: 

1.     Create multiple panels for admins, users, and super admin
2.     Manage a team of 10 web development interns
3.     Plan the product roa",unknown,internship,no experience required,"₹ 20,000 /month",https://internshala.com/internship/detail/technical-content-engineering-coding-internship-in-coimbatore-at-kalvium1710762357,internshala
300,php development intern (remote),QANinjas,software engineering,"google cloud computing, node.js, cloud firestore, rest api","Are you a passionate Node.js developer looking to kickstart your career in a dynamic and innovative environment? Look no further! Join our team at Myrik.in as a Node.js Development intern, where you will have the opportunity to work on cutting-edge projects and hone your skills in Node.js, REST API, Cloud Firestore, and Google Cloud Computing. 

Selected intern's day-to-day responsibilities include:

1. Collaborate with the development team to design and implement scalable and efficient Node.js applications.
2. Utilize REST API to integrate various systems and platforms to create seamless user experiences.
3. Work on Cloud Firestore to store and manage data effectively for our applications.
4. Deploy and manage applications on the Google Cloud Computing platform for optimal performance and reliability.
5. Debug and troubleshoot issues to ensure the smooth functioning of the applications.
6. Stay updated on industry best practices and emerging technologies to contribute fresh ideas to the team.
7. Participate in code reviews and provide constructive feedback to enhance the overall quality of our products. 

Don't miss out on this exciting opportunity to grow your skills and make a real impact in a fast-paced tech environment. Apply now and take your first step towards a successful career in Node.js development!. Cloud Firestore , Google Cloud Computing , Node.js , REST API","php development intern (remote) software engineering google cloud computing, node.js, cloud firestore, rest api Are you a passionate Node.js developer looking to kickstart your career in a dynamic and innovative environment? Look no further! Join our team at Myrik.in as a Node.js Development intern, where you w",unknown,internship,no experience required,"₹ 30,000 /month",https://internshala.com/internship/detail/work-from-home-php-development-internship-at-qaninjas1710760581,internshala
301,web development intern (part time),Buddha Education Association Incorporation,software engineering,"php, wordpress","We're looking for a talented Web Development intern to join our team at Mash Digital! If you have a strong understanding of WordPress and PHP, then we want to hear from you. This is a great opportunity to gain valuable experience in the industry and work on exciting projects.

(Freshers can also apply but must have some understanding of WordPress and design)

Key Responsibilities:
1. Assist in developing and maintaining websites using WordPress
2. Collaborate with the team to brainstorm and implement new features
3. Troubleshoot and debug issues as they arise
4. Optimize website performance for speed and SEO
5. Update content and make design changes as needed
6. Stay up-to-date on the latest web development trends and technologies
7. Contribute innovative ideas to enhance the user experience

If you're a motivated self-starter with a passion for web development, apply now to kickstart your career with us!. PHP , WordPress","web development intern (part time) software engineering php, wordpress We're looking for a talented Web Development intern to join our team at Mash Digital! If you have a strong understanding of WordPress and PHP, then we want to hear from you. This is a great opportunit",unknown,internship,no experience required,"₹ 6,000-15,000 /month",https://internshala.com/internship/detail/part-time-web-development-internship-in-multiple-locations-at-buddha-education-association-incorporation1710760548,internshala
302,node.js development intern (remote),Myrik.in,web development,"php, html, javascript, canva, mysql, css","Selected intern's day-to-day responsibilities include:

1. Working on creating interactive websites
2. Working on staying plugged into emerging technologies/industry trends and applying them to operations/activities
3. Working on other miscellaneous tasks (e.g. Word, PowerPoint, Basic Video Editing etc.)

Requirements:

1. Willingness to learn new technologies
2. Knowledge of HTML, CSS, and JavaScript (basic requirement)

Note:

1. We believe one can always learn, so don't get disheartened by seeing all the desired skills, you can still be selected if you are willing to learn
2. Graduates in any discipline with relevant knowledge/experience in website development are welcome to apply
3. Freshers are welcome to apply.
4. Based on your performance, a full-time job may be offered to you. Canva , CSS , HTML , JavaScript , MySQL , PHP","node.js development intern (remote) web development php, html, javascript, canva, mysql, css Selected intern's day-to-day responsibilities include:

1. Working on creating interactive websites
2. Working on staying plugged into emerging technologies/industry trends and applying them to operat",unknown,internship,no experience required,"₹ 2,000 /month",https://internshala.com/internship/detail/work-from-home-nodejs-development-internship-at-myrikin1710760291,internshala
304,web development intern,OmniSoft Consulting,software engineering,"user interface (ui) development, rest api, data structures, python, django, apis","We are seeking a talented Django developer intern to join our team at Ayurveda House Private Limited! If you have a passion for web development and a strong knowledge of Django, Data Structures, APIs, user interface (UI) development, Python, and REST API, then this is the perfect opportunity for you.

Selected intern's day-to-day responsibilities include:

1. Collaborate with our development team to design and implement new features for our Ayurveda platform
2. Work on optimizing and maintaining our existing Django-based web applications
3. Utilize your expertise in Data Structures to ensure efficient data storage and retrieval
4. Develop and integrate APIs to enhance the functionality of our platform
5. Design and implement user-friendly interfaces for an exceptional user experience
6. Utilize Python to write clean, maintainable, and efficient code
7. Implement REST APIs to facilitate seamless communication between our web application

If you are a motivated individual looking to gain hands-on experience in Django development within a dynamic and innovative company, then we want to hear from you! Join us at Ayurveda House and take the first step towards a rewarding career in web development. Apply now!. APIs , Data Structures , Django , Python , REST API , User Interface (UI) Development","web development intern software engineering user interface (ui) development, rest api, data structures, python, django, apis We are seeking a talented Django developer intern to join our team at Ayurveda House Private Limited! If you have a passion for web development and a strong knowledge of Django, Data Structures, APIs,",unknown,internship,no experience required,"₹ 20,000-25,000 /month",https://internshala.com/internship/detail/web-development-internship-in-dehradun-at-omnisoft-consulting1710750696,internshala
305,ai/ml engineer intern,Isourse,artificial intelligence,"php, wordpress, html, javascript, css","Selected intern's day-to-day responsibilities include: 

1. Working on building the design on WordPress using builders like Elementor (mandatory), Divi, etc.
2. Working on a given landing page design: converting UI/UX layouts to HTML and developing them on WordPress
3. Using coding knowledge (HTML, CSS, JavaScript, PHP) to make custom changes to the website code
4. Working on WordPress custom post type
5. Generating and editing WordPress themes and plug-ins from scratch 
6. Developing custom themes and plugins
7. Designing & building website front-end and back-end
8. Troubleshooting and optimizing the loading speed of WordPress sites
9. Submitting accurate work within the given deadline
10. Working independently with little or no daily supervision

Additional Information:

1. Interns will have to go through a 3- to 7-day probationary period.
2. Any intern who delivers maximum output will get a PPO opportunity.. CSS , HTML , JavaScript , PHP , WordPress","ai/ml engineer intern artificial intelligence php, wordpress, html, javascript, css Selected intern's day-to-day responsibilities include: 

1. Working on building the design on WordPress using builders like Elementor (mandatory), Divi, etc.
2. Working on a given landing page design:",unknown,internship,no experience required,"₹ 2,000-4,500 /month",https://internshala.com/internship/detail/ai-ml-engineer-internship-in-delhi-at-isourse1710757555,internshala
306,django developer intern,Ayurveda House Private Limited,software engineering,"php, codeigniter, wordpress, html, javascript, mysql","Selected intern's day-to-day responsibilities include: 

1. Understand requirements from senior team members or clients
2. Work on HTML, CSS, and PHP development using MVC architecture like CodeIgniter
3. Work on testing the application. CodeIgniter , HTML , JavaScript , MySQL , PHP , WordPress","django developer intern software engineering php, codeigniter, wordpress, html, javascript, mysql Selected intern's day-to-day responsibilities include: 

1. Understand requirements from senior team members or clients
2. Work on HTML, CSS, and PHP development using MVC architecture like CodeIgnite",unknown,internship,no experience required,"₹ 3,000 /month",https://internshala.com/internship/detail/django-developer-internship-in-delhi-at-ayurveda-house-private-limited1710756673,internshala
307,wordpress development intern (remote),Blog Haveli,web development,"microsoft azure, english proficiency (spoken), power bi, django, python, data analytics, advanced excel, english proficiency (written), effective communication, amazon web services (aws)","Selected intern's day-to-day responsibilities include:

1. Develop solutions for clients
2. Develop expertise on Smartsheet and other platforms we work on
3. Work with BlueTide team
4. Build integration with Smartsheet
5. Train clients on how to use the dashboard
6. Certify on Smartsheet. Advanced Excel , Amazon Web Services (AWS) , Data Analytics , Django , Effective Communication , English Proficiency (Spoken) , English Proficiency (Written) , Microsoft Azure , Power BI , Python","wordpress development intern (remote) web development microsoft azure, english proficiency (spoken), power bi, django, python, data analytics, advanced excel, english proficiency (written), effective communication, amazon web services (aws) Selected intern's day-to-day responsibilities include:

1. Develop solutions for clients
2. Develop expertise on Smartsheet and other platforms we work on
3. Work with BlueTide team
4. Build integrati",unknown,internship,no experience required,"₹ 15,000 /month",https://internshala.com/internship/detail/work-from-home-wordpress-development-internship-at-blog-haveli1710756126,internshala
308,php development intern,K2S2 Digistrat Solutions Private Limited,software engineering,"flutter, github, android, postman, dart, firebase, ios","Selected intern's day-to-day responsibilities include: 

1. Creating multi-platform apps using Google's Flutter development framework for both iOS and Android
2. Writing code that is reusable, testable, and efficient
3. Integrating data storage solutions
4. Developing the user interface of the application
5. Implementing security and data protection
6. Solving all existing bugs. Android , Dart , Firebase , Flutter , GitHub , iOS , Postman","php development intern software engineering flutter, github, android, postman, dart, firebase, ios Selected intern's day-to-day responsibilities include: 

1. Creating multi-platform apps using Google's Flutter development framework for both iOS and Android
2. Writing code that is reusable, testabl",unknown,internship,no experience required,"₹ 5,000-10,000 /month",https://internshala.com/internship/detail/php-development-internship-in-mumbai-at-k2s2-digistrat-solutions-private-limited1710755406,internshala
309,power bi development intern,BlueTide Solutions Private Limited,data analytics,"php, html, javascript, bootstrap, ajax, jquery, mysql, css","Selected intern's day-to-day responsibilities include developing, testing & maintaining the website of the company.. AJAX , Bootstrap , CSS , HTML , JavaScript , jQuery , MySQL , PHP","power bi development intern data analytics php, html, javascript, bootstrap, ajax, jquery, mysql, css Selected intern's day-to-day responsibilities include developing, testing & maintaining the website of the company.. AJAX , Bootstrap , CSS , HTML , JavaScript , jQuery , MySQL , PHP",unknown,internship,no experience required,"₹ 10,000 /month",https://internshala.com/internship/detail/power-bi-development-internship-in-multiple-locations-at-bluetide-solutions-private-limited1710753974,internshala
310,flutter development intern,NexGen Innovators IT Services Private Limited,mobile development,"dart, flutter, firebase, rest api","Selected intern's day-to-day responsibilities include:

1. Design and develop high-quality, scalable, and maintainable mobile applications using the Flutter framework
2. Collaborate with cross-functional teams (UI/UX designers, product managers, QA testers) to define, design, and ship new features
3. Ensure the performance, quality, and responsiveness of applications
4. Identify and correct bottlenecks and fix bugs
5. Maintain code quality, organization, and automatization
6. Stay updated with the latest Flutter developments, best practices, and technologies. Dart , Firebase , Flutter , REST API","flutter development intern mobile development dart, flutter, firebase, rest api Selected intern's day-to-day responsibilities include:

1. Design and develop high-quality, scalable, and maintainable mobile applications using the Flutter framework
2. Collaborate with cross-functio",unknown,internship,no experience required,"₹ 30,000 /month",https://internshala.com/internship/detail/flutter-development-internship-in-delhi-at-nexgen-innovators-it-services-private-limited1710753700,internshala
311,php development intern,Webfeed,software engineering,"javascript, flutter, firebase","Selected intern's day-to-day responsibilities include:

1. Collaborating with the development team to design, develop, and maintain web applications using Flutter
2. Implementing front-end features using JavaScript to enhance user experience and interface design
3. Integrating Firebase services to create real-time database solutions for our web applications
4. Conducting code reviews and providing feedback to ensure high-quality code standards are met
5. Assisting in the testing and debugging of web applications to identify and resolve any issues
6. Researching and staying up-to-date on the latest trends and best practices in web development
7. Contributing innovative ideas and solutions to help drive the success of our projects

If you are eager to expand your skills, work in a collaborative environment, and make a meaningful impact, apply now to join our team at BCC LEGAL SERVICES PRIVATE LIMITED!. Firebase , Flutter , JavaScript","php development intern software engineering javascript, flutter, firebase Selected intern's day-to-day responsibilities include:

1. Collaborating with the development team to design, develop, and maintain web applications using Flutter
2. Implementing front-end features us",unknown,internship,no experience required,"₹ 6,000-25,000 /month",https://internshala.com/internship/detail/php-development-internship-in-kolkata-at-webfeed1710752127,internshala
312,flutter development intern (remote),Myrik.in,mobile development,mobile development,"Are you passionate about website design and looking to gain valuable experience in the field? Join Kshitiksha Foundation as a Website Designing intern and unleash your creativity! 

Selected intern's day-to-day responsibilities include:

1. Collaborate with our team to conceptualize and design visually stunning websites that align with our brand identity
2. Assist in creating wireframes, mockups, and prototypes to present to clients for feedback and approval
3. Optimize website performance for speed and responsiveness across different devices and browsers
4. Stay updated on the latest design trends and techniques to ensure our websites are cutting-edge
5. Work closely with developers to implement design elements and ensure a seamless user experience
6. Conduct quality assurance testing to identify and fix any bugs or issues before launching websites
7. Contribute innovative ideas and solutions to enhance the overall user experience and drive results for our organization

If you are a creative and detail-oriented individual with a passion for design, apply now to kickstart your career in website design with Kshitiksha Foundation!. Certificate ,  Letter of recommendation ,  Flexible work hours","flutter development intern (remote) mobile development mobile development Are you passionate about website design and looking to gain valuable experience in the field? Join Kshitiksha Foundation as a Website Designing intern and unleash your creativity! 

Selected intern's ",unknown,internship,no experience required,"₹ 2,500 /month",https://internshala.com/internship/detail/work-from-home-flutter-development-internship-at-myrikin1710750730,internshala
313,web development intern (remote),BCC LEGAL SERVICES PRIVATE LIMITED,software engineering,next.js,"Selected intern's day-to-day responsibilities include handling the end-to-end shipping of the new features on the Next.js website.

Why should you join Go India Stocks?

1. If you are someone who wants to bring disruption to the Indian equity market and, in the process, learn from and work with people who have 30+ years of high-quality equity research experience, then Go India Stocks is the right place for you.
2. You would be a core part of an energetic tech team that comprises people from IITs who are working passionately to democratize access to institutional-level equity research.. Next.js","web development intern (remote) software engineering next.js Selected intern's day-to-day responsibilities include handling the end-to-end shipping of the new features on the Next.js website.

Why should you join Go India Stocks?

1. If you are someone who want",unknown,internship,no experience required,"₹ 15,000 /month",https://internshala.com/internship/detail/work-from-home-web-development-internship-at-bcc-legal-services-private-limited1710750578,internshala
314,website designing intern (part time/remote),Kshitiksha Foundation,web development,next.js,"We are excited to announce an internship opportunity for a Next.JS Developer at Ayurveda House Private Limited! As a Next.JS Developer intern, you will have the chance to work on cutting-edge projects and contribute to the growth of our company. 

Selected intern's day-to-day responsibilities include:

1. Develop and maintain Next.JS applications for our online platforms
2. Collaborate with the design and backend teams to implement user-friendly interfaces
3. Optimize applications for maximum speed and scalability
4. Troubleshoot and debug issues to ensure smooth functionality
5. Stay up-to-date with the latest trends and technologies in Next.JS development
6. Work on continuous improvement of the overall user experience
7. Assist in the planning and execution of new features and enhancements to our platforms

If you are a Next.JS enthusiast with a passion for creating innovative solutions, we want to hear from you! Join us at Ayurveda House Private Limited and take your development skills to the next level. Apply now and be part of a dynamic team dedicated to promoting holistic wellness through technology.. Next.js","website designing intern (part time/remote) web development next.js We are excited to announce an internship opportunity for a Next.JS Developer at Ayurveda House Private Limited! As a Next.JS Developer intern, you will have the chance to work on cutting-edge projects",unknown,internship,no experience required,"₹ 15,000-20,000 /month",https://internshala.com/internship/detail/work-from-home-part-time-website-designing-internship-at-kshitiksha-foundation1710750270,internshala
315,next.js front end development intern (remote),Go India Stocks,web development,"html, telugu proficiency (spoken), django, python, .net, java, css","We are seeking a talented Python/java/dotnet Development intern to join our dynamic team at Corpitsoft. If you have a passion for coding and are proficient in Python, Django, .NET, Java, HTML, and CSS, then this opportunity is perfect for you!

Selected intern's day-to-day responsibilities include:

1. Collaborate with the development team to design, develop, and implement Python-based applications
2. Participate in code reviews and provide feedback on code quality and best practices
3. Assist in troubleshooting and resolving technical issues in existing applications
4. Contribute to the development of new features and enhancements
5. Work closely with project managers to meet project deadlines and deliverables
6. Stay up-to-date with the latest technology trends and best practices in Python development
7. Take initiative in learning and developing new skills to enhance your overall proficiency in Python development

After completion of the internship, we will provide the placements with our clients.

Join us at Corpitsoft and gain valuable hands-on experience in a fast-paced and innovative environment!. .NET , CSS , Django , HTML , Java , Python , Telugu Proficiency (Spoken)","next.js front end development intern (remote) web development html, telugu proficiency (spoken), django, python, .net, java, css We are seeking a talented Python/java/dotnet Development intern to join our dynamic team at Corpitsoft. If you have a passion for coding and are proficient in Python, Django, .NET, Java, HTML, and CSS",unknown,internship,no experience required,"₹ 5,000 /month",https://internshala.com/internship/detail/work-from-home-nextjs-front-end-development-internship-at-go-india-stocks1710748889,internshala
316,next.js development intern,Ayurveda House Private Limited,web development,"data science, microsoft azure, python, amazon web services (aws)","Selected intern's day-to-day responsibilities include:

1. Assist in designing and implementing cloud-based solutions using Microsoft Azure and AWS
2. Collaborate with cross-functional teams to gather requirements and define project objectives
3. Deploy, configure, and manage cloud infrastructure and services
4. Monitor system performance and security, implementing necessary optimizations and enhancements
5. Troubleshoot and resolve technical issues related to cloud infrastructure and services
6. Stay up-to-date with the latest trends and best practices in cloud computing

Requirements:

1. Bachelor's degree in Computer Science, Engineering, or related field
2. Strong understanding of cloud computing principles and architectures
3. Familiarity with Microsoft Azure and/or AWS services, such as computing, Storage, Networking, and Security
4. Proficiency in at least one programming/scripting language (e.g., Python, PowerShell, Bash)
5. Excellent problem-solving skills and attention to detail
6. Strong communication and teamwork skills
7. Ability to quickly learn new technologies and adapt to changing requirements
8. Relevant certifications (e.g., Microsoft Certified: Azure Administrator Associate, AWS Certified Solutions Architect Associate)
9. Experience with containerization technologies (e.g., Docker, Kubernetes)
10. Knowledge of infrastructure-as-code tools (e.g., Terraform, Ansible)
11. Understanding of DevOps principles and practices. Amazon Web Services (AWS) , Data Science , Microsoft Azure , Python","next.js development intern web development data science, microsoft azure, python, amazon web services (aws) Selected intern's day-to-day responsibilities include:

1. Assist in designing and implementing cloud-based solutions using Microsoft Azure and AWS
2. Collaborate with cross-functional teams to gather",unknown,internship,no experience required,"₹ 10,000-15,000 /month",https://internshala.com/internship/detail/nextjs-development-internship-in-delhi-at-ayurveda-house-private-limited1710747603,internshala
317,python development intern,Corpitsoft,software engineering,"php, html, javascript, reactjs, bootstrap, jquery, node.js, mysql, react native, css","Selected intern's day-to-day responsibilities include: 

1. Working effectively within an agile & deadline-driven production process to complete development with rapid and iterative cycles
2. Participating in gathering requirements and functional specification activities and providing feedback on implementation feasibility as well as navigable prototypes/mock-ups
3. Working on troubleshooting, testing, and maintaining the core product software, MySQL databases, and the Apache server(s)
4. Developing structured MySQL queries considering performance constraints
5. Working on integrating with other cloud-and-mobile applications via APIs. Bootstrap , CSS , HTML , JavaScript , jQuery , MySQL , Node.js , PHP , ReactJS , React Native","python development intern software engineering php, html, javascript, reactjs, bootstrap, jquery, node.js, mysql, react native, css Selected intern's day-to-day responsibilities include: 

1. Working effectively within an agile & deadline-driven production process to complete development with rapid and iterative cycles
2. Particip",unknown,internship,no experience required,"₹ 15,000-25,000 /month",https://internshala.com/internship/detail/work-from-home-python-development-internship-at-corpitsoft1710745293,internshala
318,junior cloud engineering (microsoft azure/aws) intern (remote),Softsensor.ai,devops cloud,mean/mern stack,"Selected intern's day-to-day responsibilities include: 

1. Engaging with our community of students.
2. Helping the students with web development doubts as a senior. MEAN/MERN Stack","junior cloud engineering (microsoft azure/aws) intern (remote) devops cloud mean/mern stack Selected intern's day-to-day responsibilities include: 

1. Engaging with our community of students.
2. Helping the students with web development doubts as a senior. MEAN/MERN Stack",unknown,internship,no experience required,"₹ 3,000 /month",https://internshala.com/internship/detail/work-from-home-junior-cloud-engineering-microsoft-azure-aws-internship-at-softsensorai1710745132,internshala
320,web dev community management intern (remote),Tutedude,software engineering,"html&css, react, devops, data structures, javascript, reactjs, mean/mern stack, mongodb, angularjs, node.js, express.js, amazon web services (aws)","Selected intern's day-to-day responsibilities include: 

1. Mentor junior developers in the MEAN/MERN stack and data structures
2. Provide technical guidance on web development projects
3. Design and develop applications using the MEAN/MERN stack and data structures
4. Perform unit testing and debugging of applications
5. Develop web services architectures and APIs
6. Support and maintain applications in production
7. Creating technical content for our social media platforms on a daily basis

Required:

1. Have a passion for teaching and developing
2. Experienced with the MEAN/MERN stack and data structures
3. DevTown is looking for an enthusiastic and engaged intern who is proficient in the design, development, and deployment of web applications, with experience in the MEAN/MERN stack and data structures. Amazon Web Services (AWS) , AngularJS , Data Structures , DevOps , Express.js , HTML&CSS , JavaScript , MEAN/MERN Stack , MongoDB , Node.js , React , ReactJS","web dev community management intern (remote) software engineering html&css, react, devops, data structures, javascript, reactjs, mean/mern stack, mongodb, angularjs, node.js, express.js, amazon web services (aws) Selected intern's day-to-day responsibilities include: 

1. Mentor junior developers in the MEAN/MERN stack and data structures
2. Provide technical guidance on web development projects
3. Design and ",unknown,internship,no experience required,"₹ 40,000 /month +  Incentives",https://internshala.com/internship/detail/work-from-home-web-dev-community-management-internship-at-tutedude1710741895,internshala
321,climate data analytics intern,Energy Alternatives India,data analytics,"data structures, python, deep learning, machine learning","Selected intern's day-to-day responsibilities include:

1. Develop and implement machine learning algorithms to solve complex business problems
2. Utilize Python programming language to build and optimize machine learning models
3. Apply deep learning techniques to enhance the performance of our AI systems
4. Work with data structures to efficiently handle and manipulate large datasets
5. Collaborate with cross-functional teams to gather and analyze data for model training
6. Assist in the development of innovative solutions using machine learning technologies
7. Stay updated on the latest trends in machine learning and contribute fresh ideas to our projects

Requirements:

1. Currently enrolled in a college program pursuing a degree in computer science, engineering, mathematics, or a related field
2. Proficiency in programming languages such as Python, R, or Java
3. Strong understanding of fundamental ML concepts, including supervised/unsupervised learning, regression, classification, and clustering
4. Familiarity with ML libraries/frameworks such as scikit-learn, TensorFlow, or PyTorch
5. Solid grasp of data manipulation and analysis techniques, including data cleaning, transformation, and visualization
6. Excellent problem-solving skills and ability to work collaboratively in a team environment
7. Eagerness to learn and a proactive attitude toward exploring new ML methodologies and technologies. Data Structures , Deep Learning , Machine Learning , Python","climate data analytics intern data analytics data structures, python, deep learning, machine learning Selected intern's day-to-day responsibilities include:

1. Develop and implement machine learning algorithms to solve complex business problems
2. Utilize Python programming language to build and opti",unknown,internship,no experience required,"₹ 15,000 /month",https://internshala.com/internship/detail/climate-data-analytics-internship-in-chennai-at-energy-alternatives-india1710741641,internshala
322,full stack web development and mentoring intern (remote),DevTown,software engineering,"rest api, html, python, django, machine learning, css","Selected intern's day-to-day responsibilities include:

1. Collaborating with senior Django developers to understand project requirements and contribute to the development of web applications
2. Designing and implementing database models, views, templates, and forms using Django's MVC architecture
3. Writing clean, efficient, and maintainable code following best practices and coding standards
4. Integrating third-party APIs and libraries to enhance application functionality and user experience
5. Participating in code reviews, testing, debugging, and troubleshooting to ensure the quality and reliability of web applications
6. Documenting technical specifications, implementation details, and user guides for developed features

Requirements:

1. Currently enrolled in a college program pursuing a degree in Computer Science, Software Engineering, or a related field
2. Proficiency in Python programming language and understanding of object-oriented programming concepts
3. Familiarity with web development fundamentals, including HTML, CSS, JavaScript, and AJAX
4. Basic knowledge of relational databases and SQL
5. Eagerness to learn and adapt to new technologies and frameworks
6. Strong problem-solving skills and attention to detail
7. Ability to work collaboratively in a team environment and communicate effectively. CSS , Django , HTML , Machine Learning , Python , REST API","full stack web development and mentoring intern (remote) software engineering rest api, html, python, django, machine learning, css Selected intern's day-to-day responsibilities include:

1. Collaborating with senior Django developers to understand project requirements and contribute to the development of web applications
2. Desig",unknown,internship,no experience required,"₹ 15,000 /month",https://internshala.com/internship/detail/work-from-home-full-stack-web-development-and-mentoring-internship-at-devtown1710739877,internshala
323,machine learning intern (part time/remote),Aeonaxy Technologies Private Limited,machine learning,"data science, data analytics, ms-excel, sql, advanced excel","Selected intern's day-to-day responsibilities include gathering, interpreting, and using complex data to develop actionable steps that will improve processes and optimize results.. Advanced Excel , Data Analytics , Data Science , MS-Excel , SQL","machine learning intern (part time/remote) machine learning data science, data analytics, ms-excel, sql, advanced excel Selected intern's day-to-day responsibilities include gathering, interpreting, and using complex data to develop actionable steps that will improve processes and optimize results.. Advanced Excel , Da",unknown,internship,no experience required,"₹ 3,000 /month",https://internshala.com/internship/detail/work-from-home-part-time-machine-learning-internship-at-aeonaxy-technologies-private-limited1710739557,internshala
324,python development intern (part time/remote),Aeonaxy Technologies Private Limited,software engineering,"digitalocean, c programming, python, machine learning, android, java","Selected intern's day-to-day responsibilities include: 

1. Create 'How-To' tutorials for YouTube channel
2. Write blogs on create 'How-To' tutorials
3. Work on video editing and making videos on 'How-To' tutorial

Example: Create a video on 'How to Install MySQL software in Windows/Ubuntu'.. Android , C Programming , DigitalOcean , Java , Machine Learning , Python","python development intern (part time/remote) software engineering digitalocean, c programming, python, machine learning, android, java Selected intern's day-to-day responsibilities include: 

1. Create 'How-To' tutorials for YouTube channel
2. Write blogs on create 'How-To' tutorials
3. Work on video editing and making videos on 'How",unknown,internship,no experience required,"₹ 10,000 /month +  Incentives",https://internshala.com/internship/detail/work-from-home-part-time-python-development-internship-at-aeonaxy-technologies-private-limited1710739408,internshala
325,data analytics intern,Sparsh Magic LLP,data analytics,"reactjs, python, hibernate (java), angularjs, node.js, spring mvc, amazon web services (aws)","Selected intern's day-to-day responsibilities include:

1. Develop user interfaces and user experiences using front-end technologies, such as HTML, CSS, JavaScript, and popular libraries and frameworks like React and Angular
2. Ensure responsive design for a seamless experience on various devices and screen sizes
3. Design, develop, and maintain server-side applications, APIs, and databases using programming languages like Python and Java
4. Manage and optimize database systems including SQL or NoSQL databases, to ensure data integrity and performance
5. Deploy and manage web applications on various server environments including cloud platforms such as AWS, Azure, or Google Cloud, as well as on-premises servers
6. Implement security best practices to protect web applications from vulnerabilities and threats, such as cross-site scripting (XSS), SQL injection, and data breaches
7. Secure data storage and transmission through encryption and authentication mechanisms
8. Collaborate with other team members, such as UI/UX designers, back-end developers, and QA engineers, to ensure the seamless integration of front-end and back-end components
9. Write unit tests and conduct end-to-end testing to identify and fix issues and bugs
10. Debug and optimize application performance for a better user experience

Qualifications:

1. Hold a Bachelor's degree in Computer Science, Software Engineering, or a related field
2. Demonstrate proficiency in front-end and back-end technologies including HTML, CSS, JavaScript, and popular frameworks, as well as server-side scripting and database management
3. Possess knowledge of web security practices
4. Exhibit strong problem-solving and communication skills
5. Have the ability to work in a team and collaborate effectively. Amazon Web Services (AWS) , AngularJS , Hibernate (Java) , Node.js , Python , ReactJS , Spring MVC","data analytics intern data analytics reactjs, python, hibernate (java), angularjs, node.js, spring mvc, amazon web services (aws) Selected intern's day-to-day responsibilities include:

1. Develop user interfaces and user experiences using front-end technologies, such as HTML, CSS, JavaScript, and popular libraries and framework",unknown,internship,no experience required,"₹ 15,000 /month",https://internshala.com/internship/detail/data-analytics-internship-in-indore-at-sparsh-magic-llp1710736533,internshala
328,big data intern,Go Digital Technology Consulting,data engineering,"mean/mern stack, node.js, mysql, reactjs","Selected intern's day-to-day responsibilities include: 

1. Develop, test, and deploy high-quality, maintainable, and reusable web applications using the MERN stack
2. Design and implement clean, efficient, and well-documented code
3. Troubleshoot and debug complex technical problems
4. Stay up-to-date on the latest web development trends and technologies

Qualifications

1. Proficiency in JavaScript (ES6+), HTML5, CSS3
2. In-depth knowledge of the MERN Stack
3. Experience with building RESTful APIs
4. Experience with version control systems (e.g., Git). MEAN/MERN Stack , MySQL , Node.js , ReactJS","big data intern data engineering mean/mern stack, node.js, mysql, reactjs Selected intern's day-to-day responsibilities include: 

1. Develop, test, and deploy high-quality, maintainable, and reusable web applications using the MERN stack
2. Design and implement clean, effi",unknown,internship,no experience required,"₹ 15,000 /month",https://internshala.com/internship/detail/big-data-internship-in-mumbai-at-go-digital-technology-consulting1710734495,internshala
329,data science (mentor and development) intern (part time/remote),DevTown,data analytics,"data science, python, machine learning","Selected intern's day-to-day responsibilities include: 

1. Research and stay up-to-date with the latest advancements in AI technology
2. Write two informative and engaging articles on AI-related topics every day
3. Collaborate with the content team to brainstorm and develop content ideas
4. Proofread and edit your articles to ensure accuracy, clarity, and adherence to style guidelines. Data Science , Machine Learning , Python","data science (mentor and development) intern (part time/remote) data analytics data science, python, machine learning Selected intern's day-to-day responsibilities include: 

1. Research and stay up-to-date with the latest advancements in AI technology
2. Write two informative and engaging articles on AI-related topi",unknown,internship,no experience required,"₹ 8,000-10,000 /month",https://internshala.com/internship/detail/work-from-home-part-time-data-science-mentor-and-development-internship-at-devtown1710679067,internshala
330,full stack development (mern stack) intern (remote),FlexiEle Consulting Services Private Limited,web development,"dart, flutter, firebase","Selected intern's day-to-day responsibilities include:

1. Develop and maintain Flutter applications for iOS and Android platforms
2. Collaborate with designers and backend developers to implement engaging user interfaces
3. Create and execute unit and integration tests to ensure high-quality code
4. Optimize app performance and troubleshoot issues to deliver seamless user experiences
5. Stay up-to-date with the latest Flutter and Dart trends, technologies, and best practices
6. Participate in code reviews to ensure codebase integrity and enhance team collaboration. Dart , Firebase , Flutter","full stack development (mern stack) intern (remote) web development dart, flutter, firebase Selected intern's day-to-day responsibilities include:

1. Develop and maintain Flutter applications for iOS and Android platforms
2. Collaborate with designers and backend developers to implement eng",unknown,internship,no experience required,"₹ 6,000-12,000 /month",https://internshala.com/internship/detail/work-from-home-full-stack-development-mern-stack-internship-at-flexiele-consulting-services-private-limited1710667472,internshala
331,content writing (artificial intelligence) intern (remote),FavTutor,content writing,"php, wordpress, html, javascript, bootstrap, mysql, css","Selected intern's day-to-day responsibilities include: 

1. Write clean, maintainable, and performance PHP code and work with our product team to create great products for our customers
2. Engage in the entire product lifecycle including the design, development, deployment, and maintenance of new and existing features
3. Write code in a timely and scalable way all while ensuring strong optimization
4. Impact the code-base of our products in a meaningful way
5. Work on troubleshooting application and code issues
6. Update and alter the application features to enhance performance. Bootstrap , CSS , HTML , JavaScript , MySQL , PHP , WordPress","content writing (artificial intelligence) intern (remote) content writing php, wordpress, html, javascript, bootstrap, mysql, css Selected intern's day-to-day responsibilities include: 

1. Write clean, maintainable, and performance PHP code and work with our product team to create great products for our customers
2. Engage in t",unknown,internship,no experience required,"₹ 15,000 /month",https://internshala.com/internship/detail/work-from-home-content-writing-artificial-intelligence-internship-at-favtutor1710649825,internshala
332,flutter development intern (remote),Celebrare,mobile development,"html, javascript, reactjs, mongodb, node.js, css","Selected intern's day-to-day responsibilities include:

1. Work closely with our experienced developers to design, develop, and test web applications using cutting-edge technologies
2. Collaborate with the design team to implement user-friendly interfaces and enhance user experience
3. Assist in troubleshooting and resolving technical issues to ensure seamless functionality of our applications
4. Research emerging technologies and propose innovative solutions to improve our development processes
5. Participate in team meetings and brainstorming sessions to contribute fresh ideas and insights
6. Stay up-to-date on industry trends and best practices to continuously enhance your skills and knowledge
7. Take ownership of assigned projects and deliver high-quality results within set deadline

Required qualifications:

1. Proficiency in front-end technologies such as HTML, CSS, and JavaScript
2. Experience with front-end frameworks/libraries such as React, Angular, or Vue.js
3. Familiarity with back-end technologies such as Node.js, Express.js, or Django
4. Basic knowledge of databases and SQL
5. Strong problem-solving skills and attention to detail
6. Ability to work independently and in a team environment
7. Currently enrolled in a relevant undergraduate or graduate program. CSS , HTML , JavaScript , MongoDB , Node.js , ReactJS","flutter development intern (remote) mobile development html, javascript, reactjs, mongodb, node.js, css Selected intern's day-to-day responsibilities include:

1. Work closely with our experienced developers to design, develop, and test web applications using cutting-edge technologies
2. Collaborate wit",unknown,internship,no experience required,"₹ 15,000 /month",https://internshala.com/internship/detail/work-from-home-flutter-development-internship-at-celebrare1710647045,internshala
333,web development intern (part time/remote),Aeonaxy Technologies Private Limited,software engineering,software engineering,"Selected intern's day-to-day responsibilities include:

1. Implement and manage Microsoft Defender for Cloud regulatory compliance controls for Azure services and workloads
2. Develop security policies and procedures in alignment with industry standards and regulatory requirements
3. Conduct regular security assessments, vulnerability scans, and penetration testing to identify and mitigate risks
4. Monitor and respond to security incidents, including analyzing security logs and conducting forensic investigations
5. Collaborate with cross-functional teams to integrate security best practices into Azure infrastructure design and deployment
6. Stay updated with the latest security threats, trends, and technologies to proactively address emerging risks
7. Provide technical guidance and support to internal teams on security-related matters
8. Participate in audits and compliance assessments to ensure adherence to regulatory frameworks
9. Document security configurations, incidents, and remediation actions for reporting and auditing purposes. Certificate ,  Letter of recommendation ,  Flexible work hours","web development intern (part time/remote) software engineering software engineering Selected intern's day-to-day responsibilities include:

1. Implement and manage Microsoft Defender for Cloud regulatory compliance controls for Azure services and workloads
2. Develop security policie",unknown,internship,no experience required,"₹ 7,000-10,000 /month",https://internshala.com/internship/detail/work-from-home-part-time-web-development-internship-at-aeonaxy-technologies-private-limited1710591864,internshala
334,full stack development intern (part time/remote),Aeonaxy Technologies Private Limited,web development,web development,"Selected intern's day-to-day responsibilities include:

1. Develop ASP.NET Core web applications that consume RESTful APIs
2. Design, implement, and maintain efficient, reusable, and reliable code
3. Collaborate with cross-functional teams to define, design, and ship new features
4. Integrate data storage solutions using databases like SQL Server or MongoDB
5. Ensure the application's performance, responsiveness, and security
6. Debug and troubleshoot issues to ensure optimal application functionality
7. Stay updated with emerging technologies and industry trends

Eligibility Criteria:

1. Bachelor's degree in computer science, engineering, or related field
2. Proven experience as a .NET Core Developer or similar role
3. Proficiency in ASP.NET Core, C#, and MVC framework
4. Strong understanding of web development technologies like HTML5, CSS3, and JavaScript
5. Experience with RESTful APIs and consuming third-party services
6. Familiarity with databases and ORM frameworks like Entity Framework Core
7. Knowledge of software design principles, SOLID principles, and design patterns
8. Excellent problem-solving and communication skills
9. Ability to work independently and collaboratively in a team environment. Certificate ,  Letter of recommendation ,  Flexible work hours","full stack development intern (part time/remote) web development web development Selected intern's day-to-day responsibilities include:

1. Develop ASP.NET Core web applications that consume RESTful APIs
2. Design, implement, and maintain efficient, reusable, and reliable code
3. ",unknown,internship,no experience required,"₹ 7,000-10,000 /month",https://internshala.com/internship/detail/work-from-home-part-time-full-stack-development-internship-at-aeonaxy-technologies-private-limited1710591825,internshala
335,azure security engineer intern (part time/remote),HaZZten,devops cloud,webflow,"Selected intern's day-to-day responsibilities include:

1. Work on building the design on Webflow
2. Collaborate with the Webflow team to understand project requirements and objectives
3. Assist in translating design mockups into interactive websites using Webflow
4. Implement responsive web design techniques to ensure optimal user experience across different devices and screen sizes

Note: You will be provided with the design, you just need to build it. A webflow account will be provided.. Webflow","azure security engineer intern (part time/remote) devops cloud webflow Selected intern's day-to-day responsibilities include:

1. Work on building the design on Webflow
2. Collaborate with the Webflow team to understand project requirements and objectives
3. Assist in tr",unknown,internship,no experience required,"₹ 12,000-20,000 /month",https://internshala.com/internship/detail/work-from-home-part-time-azure-security-engineer-internship-at-hazzten1710589054,internshala
336,asp.net core web developer intern (part time/remote),HaZZten,software engineering,software engineering,"Selected intern's day-to-day responsibilities include:

1. Design, deploy, and manage containerized applications using Azure Kubernetes Service (AKS)
2. Develop CI/CD pipelines for seamless deployment and automation of containerized applications
3. Collaborate with development teams to optimize application performance and scalability on AKS
4. Monitor AKS clusters, troubleshoot issues, and implement necessary fixes for continuous operation
5. Ensure security best practices are implemented in AKS environments, including network policies and access controls
6. Work closely with DevOps teams to streamline processes and improve deployment efficiency
7. Stay updated with industry trends and advancements in container orchestration and cloud technologies
8. Provide technical guidance and support to team members on AKS-related tasks and projects. Certificate ,  Letter of recommendation ,  Flexible work hours","asp.net core web developer intern (part time/remote) software engineering software engineering Selected intern's day-to-day responsibilities include:

1. Design, deploy, and manage containerized applications using Azure Kubernetes Service (AKS)
2. Develop CI/CD pipelines for seamless deployment",unknown,internship,no experience required,"₹ 7,000-10,000 /month",https://internshala.com/internship/detail/work-from-home-part-time-aspnet-core-web-developer-internship-at-hazzten1710588494,internshala
337,wordpress developer intern,Creatiwise,software engineering,software engineering,"Key responsibilities:

1. Deploy and configure Azure Monitor solutions for monitoring applications, infrastructure, and networks
2. Design and implement monitoring strategies based on business requirements and best practices
3. Collaborate with cross-functional teams to gather monitoring requirements and ensure effective monitoring coverage
4. Create and customize monitoring dashboards, alerts, and reports to provide actionable insights to stakeholders
5. Troubleshoot and resolve monitoring-related issues to ensure optimal performance and availability of systems
6. Conduct regular performance analysis and optimization of monitoring configurations
7. Stay updated with Azure Monitor features and recommend improvements to enhance monitoring capabilities
8. Provide guidance and support to teams on leveraging Azure Monitor for proactive monitoring and incident response
9. Document monitoring processes, configurations, and best practices for knowledge sharing and training purposes. Certificate ,  Letter of recommendation ,  Flexible work hours","wordpress developer intern software engineering software engineering Key responsibilities:

1. Deploy and configure Azure Monitor solutions for monitoring applications, infrastructure, and networks
2. Design and implement monitoring strategies based on business require",unknown,internship,no experience required,"₹ 7,000-10,000 /month",https://internshala.com/internship/detail/wordpress-developer-internship-in-mumbai-at-creatiwise1710588321,internshala
338,azure kubernetes service (aks) engineer intern (part time/remote),HaZZten,devops cloud,"php, rest api, html, javascript, reactjs, django, python, mongodb, angularjs, node.js, mysql, apis, css","We are seeking a motivated Full Stack Developer Intern to join our dynamic team.  As a Full Stack Developer Intern, you will work closely with our engineering team to design, build, and refine features for our products, contributing to both front-end and back-end development.

D. Selected intern's day-to-day responsibilities include:

1. Collaborate with the development team to understand project requirements and contribute to the entire application lifecycle, focusing on coding and debugging.
2. Write clean, maintainable, and efficient code for both front-end and back-end development.
3. Assist in designing and implementing user interface solutions for web and mobile applications.
4. Help integrate data from various back-end services and databases.
5. Participate in code reviews to maintain high-quality code standards and practices.
6. Contribute to the optimization of the application for maximum speed and scalability.
7. Assist in identifying, troubleshooting, and debugging issues that arise in the development process.
8. Stay up-to-date with emerging trends and technologies in web development.

E. Qualifications:

1. Currently, pursuing or recently graduated with a degree in Computer Science, Software Engineering, or a related field.
2. Basic understanding of front-end technologies, including HTML5, CSS3, JavaScript, and responsive design principles.
3. Exposure to back-end programming languages such as Python, Ruby, Java, PHP, . Net, or similar.
4. Familiarity with database technologies such as MySQL, MongoDB, or similar.
5. A foundational understanding of web application development frameworks and third-party libraries.
6. Ability to work in a collaborative environment and communicate effectively with team members.. AngularJS , APIs , CSS , Django , HTML , JavaScript , MongoDB , MySQL , Node.js , PHP , Python , ReactJS , REST API","azure kubernetes service (aks) engineer intern (part time/remote) devops cloud php, rest api, html, javascript, reactjs, django, python, mongodb, angularjs, node.js, mysql, apis, css We are seeking a motivated Full Stack Developer Intern to join our dynamic team.  As a Full Stack Developer Intern, you will work closely with our engineering team to design, build, and refine feature",unknown,internship,no experience required,"₹ 8,000-10,000 /month",https://internshala.com/internship/detail/work-from-home-part-time-azure-kubernetes-service-aks-engineer-internship-at-hazzten1710588227,internshala
339,azure monitor deployment and configuration specialist intern (part time/remote),HaZZten,devops cloud,"html&css, english proficiency (spoken), javascript, python, english proficiency (written), java","Are you a talented frontend developer looking to gain real-world experience in a dynamic and innovative tech company? Look no further! Techeir/Konseptrix Analytics Private Limited is seeking a frontend developer intern with expertise in English proficiency (written & spoken), Java, JavaScript, Python, and HTML&CSS to join our team. As an intern, you will have the opportunity to work on exciting projects, collaborate with experienced developers, and enhance your skills in a supportive environment. 

Selected intern's day-to-day responsibilities include:

1. Develop and maintain responsive web applications using HTML, CSS, and JavaScript
2. Collaborate with the design team to implement user-friendly interfaces and improve user experience
3. Write clean, efficient, and well-documented code in Java, Python, and other programming languages
4. Conduct thorough testing and debugging to ensure the functionality and performance of web applications
5. Stay up-to-date with the latest frontend development trends and technologies to continuously improve our products
6. Assist in troubleshooting technical issues and providing timely solutions
7. Communicate effectively with team members to ensure project deadlines and goals are met

If you are passionate about frontend development and eager to learn and grow in a fast-paced environment, this internship opportunity is perfect for you! Apply now and take the first step towards a successful career in tech!. English Proficiency (Spoken) , English Proficiency (Written) , HTML&CSS , Java , JavaScript , Python","azure monitor deployment and configuration specialist intern (part time/remote) devops cloud html&css, english proficiency (spoken), javascript, python, english proficiency (written), java Are you a talented frontend developer looking to gain real-world experience in a dynamic and innovative tech company? Look no further! Techeir/Konseptrix Analytics Private Limited is seeking a fronten",unknown,internship,no experience required,"₹ 3,500 /month +  Incentives",https://internshala.com/internship/detail/work-from-home-part-time-azure-monitor-deployment-and-configuration-specialist-internship-at-hazzten1710586229,internshala
340,full stack development intern,Indika AI Private Limited,web development,javascript,"Selected intern's day-to-day responsibilities include: 

1. Code the back-end requirements of software projects designed by DeepThought's product development teams
2. Take up software testing of the executed projects and then push them for production
3. Develop prototypes using Node.js

This is a hybrid role and it involves 3hrs of  teaching and 4hrs of backend development, since the company is into EdTech space. JavaScript","full stack development intern web development javascript Selected intern's day-to-day responsibilities include: 

1. Code the back-end requirements of software projects designed by DeepThought's product development teams
2. Take up software testing of the e",unknown,internship,no experience required,"₹ 18,000 /month",https://internshala.com/internship/detail/full-stack-development-internship-in-delhi-at-indika-ai-private-limited1710577743,internshala
341,frontend development intern (part time/remote),Techeir/Konseptrix Analytics Private Limited,web development,"django, machine learning, computer vision, image processing, deep learning","We are seeking a highly motivated and skilled Computer Vision Intern to join our dynamic team. This position is ideal for someone with a deep interest in advanced computer vision technologies, including structure from motion, vision language models, and zero-shot detection models. 

Selected intern's day-to-day responsibilities include:

1. Participate in the development and optimization of algorithms for structure from motion, vision language models, and zero-shot detection
2. Collaborate with the team to integrate advanced computer vision techniques into our projects
3. Conduct research to stay ahead of the curve in computer vision technologies and methodologies
4. Work on real-world datasets to train, validate, and test computer vision models
5. Document and present research findings and developments within the team

Qualifications:

1. Currently in Final year or recently graduated from a Master's or PhD program in Computer Science, Electrical Engineering, or a related field with a focus on computer vision, machine learning, or AI
2. Strong foundation in computer vision principles and hands-on experience with structure from motion, vision language models, and zero-shot detection models
3. Proficient in programming languages such as Python and frameworks/libraries like TensorFlow, PyTorch, and OpenCV
4. Demonstrated ability to work with large datasets and deep learning models
5. Creative problem-solving skills and a passion for innovation in AI
6. Excellent communication and teamwork skills. Computer Vision , Deep Learning , Django , Image Processing , Machine Learning","frontend development intern (part time/remote) web development django, machine learning, computer vision, image processing, deep learning We are seeking a highly motivated and skilled Computer Vision Intern to join our dynamic team. This position is ideal for someone with a deep interest in advanced computer vision technologies, includi",unknown,internship,no experience required,"₹ 8,000-10,000 /month",https://internshala.com/internship/detail/work-from-home-part-time-frontend-development-internship-at-techeir-konseptrix-analytics-private-limited1710577631,internshala
342,backend development intern,DeepThought Edutech Ventures Private Limited,web development,"html, data structures, javascript, algorithms, css","Selected intern's day-to-day responsibilities include:

1. Collaborate with senior developers to design and implement new features for our web applications
2. Write clean, efficient, and maintainable code for front-end and back-end development
3. Conduct thorough testing and debugging of applications to ensure high performance and usability
4. Assist in optimizing websites for speed and scalability to enhance user experience
5. Work on staying up-to-date with the latest industry trends and technologies to contribute innovative ideas
6. Work closely with cross-functional teams to meet project deadlines and deliver exceptional results
7. Participate in code reviews and provide feedback to improve code quality and efficiency

Requirements:

1. Proficiency in JavaScript programming language
2. Familiarity with front-end frameworks such as React, Angular, or Vue.js
3. Basic understanding of HTML5 and CSS3
4. Strong problem-solving skills and attention to detail
5. Ability to work independently and in a team environment
6. Currently enrolled in a relevant undergraduate or graduate program. Algorithms , CSS , Data Structures , HTML , JavaScript","backend development intern web development html, data structures, javascript, algorithms, css Selected intern's day-to-day responsibilities include:

1. Collaborate with senior developers to design and implement new features for our web applications
2. Write clean, efficient, and maintainable ",unknown,internship,no experience required,"₹ 15,000 /month",https://internshala.com/internship/detail/backend-development-internship-in-hyderabad-at-deepthought-edutech-ventures-private-limited1710574801,internshala
343,computer vision intern,Indika AI Private Limited,machine learning,"html&css, php, wordpress, react, node.js","Selected intern's day-to-day responsibilities include:

1. Collaborate with the development team to design and implement custom WordPress themes and plugins
2. Work on troubleshooting and debugging issues to ensure optimal performance and user experience on WordPress sites
3. Work on staying up-to-date on the latest trends and technologies in web development to enhance our projects
4. Assist in maintaining and updating existing WordPress sites while following best practices for security and performance
5. Participate in team meetings and provide valuable insights and solutions for various projects
6. Support the team in testing and optimizing websites for cross-browser compatibility and mobile responsiveness
7. Continuously improve your skills and knowledge through hands-on experience and mentorship from seasoned professionals in the industry

Requirements:

1. Proficiency in WordPress development, including theme and plugin development
2. Strong understanding of HTML, CSS, JavaScript, and PHP
3. Familiarity with responsive design principles
4. Basic knowledge of web standards and accessibility best practices
5. Ability to work independently and in a team environment
6. Currently enrolled in a relevant undergraduate or graduate program. HTML&CSS , Node.js , PHP , React , WordPress","computer vision intern machine learning html&css, php, wordpress, react, node.js Selected intern's day-to-day responsibilities include:

1. Collaborate with the development team to design and implement custom WordPress themes and plugins
2. Work on troubleshooting and debugging is",unknown,internship,no experience required,"₹ 15,000 /month",https://internshala.com/internship/detail/computer-vision-internship-in-delhi-at-indika-ai-private-limited1710570297,internshala
344,javascript development intern (part time/remote),Aeonaxy Technologies Private Limited,web development,"php, wordpress, html, mysql, css","Selected intern's day-to-day responsibilities include: 

1. Collaborate with the development team to understand project requirements and objectives
2. Develop and maintain PHP-based web applications, including both front-end and back-end components
3. Write clean, efficient, and well-documented code following best practices
4. Troubleshoot and debug issues to ensure optimal performance and reliability
5. Participate in code reviews and provide feedback to improve code quality

Requirements:

1. Proficiency in PHP programming language
2. Strong understanding of object-oriented programming concepts
3. Familiarity with HTML, CSS, and JavaScript
4. Basic knowledge of SQL and relational databases (e.g., MySQL)
5. Ability to work independently and in a team environment
6. Currently enrolled in a relevant undergraduate or graduate program. CSS , HTML , MySQL , PHP , WordPress","javascript development intern (part time/remote) web development php, wordpress, html, mysql, css Selected intern's day-to-day responsibilities include: 

1. Collaborate with the development team to understand project requirements and objectives
2. Develop and maintain PHP-based web applications, ",unknown,internship,no experience required,"₹ 15,000 /month",https://internshala.com/internship/detail/work-from-home-part-time-javascript-development-internship-at-aeonaxy-technologies-private-limited1710565863,internshala
345,wordpress development intern (part time/remote),Aeonaxy Technologies Private Limited,web development,"postgresql, javascript, mongodb, node.js, express.js","Selected intern's day-to-day responsibilities include: 

1. Collaborate with the development team to design, develop, and maintain backend services and APIs
2. Write clean, efficient, and well-documented code
3. Work on troubleshooting and debugging issues to ensure optimal performance and reliability
4. Participate in code reviews and provide constructive feedback

Requirements:

1. Proficiency in JavaScript and Node.js
2. Understanding of asynchronous programming and event-driven architecture
3. Basic knowledge of relational and NoSQL databases
4. Familiarity with RESTful APIs and microservices architecture
5. Strong problem-solving skills and attention to detail
6. Excellent communication and teamwork abilities
7. Currently enrolled in a relevant undergraduate or graduate program. Express.js , JavaScript , MongoDB , Node.js , PostgreSQL","wordpress development intern (part time/remote) web development postgresql, javascript, mongodb, node.js, express.js Selected intern's day-to-day responsibilities include: 

1. Collaborate with the development team to design, develop, and maintain backend services and APIs
2. Write clean, efficient, and well-documen",unknown,internship,no experience required,"₹ 15,000 /month",https://internshala.com/internship/detail/work-from-home-part-time-wordpress-development-internship-at-aeonaxy-technologies-private-limited1710565580,internshala
346,php development intern (part time/remote),Aeonaxy Technologies Private Limited,software engineering,"robotics, c programming, python, arduino, embedded systems","As a robotics intern at OLL, you will have the opportunity to work on cutting-edge projects that will push the boundaries of technology. You will have the chance to showcase your skills in C programming, Python, robotics, embedded systems, and Arduino while gaining hands-on experience in a dynamic and fast-paced environment.

Selected intern's day-to-day responsibilities include:

1. Assisting in the design and development of robotic systems using C programming and Python
2. Collaborating with the engineering team to integrate embedded systems into robotic platforms
3. Programming and testing Arduino-based projects to enhance robotics functionalities
4. Troubleshooting and debugging code to ensure optimal performance of robotic systems
5. Participating in brainstorming sessions to generate innovative ideas for robotics projects
6. Conducting research on the latest trends in robotics technology to stay ahead of the curve
7. Documenting project progress and presenting findings to the team for feedback and improvements

If you are passionate about robotics and eager to learn and grow in a dynamic environment, this internship opportunity at OLL is perfect for you. Join us and be a part of the future of technology!. Arduino , C Programming , Embedded Systems , Python , Robotics","php development intern (part time/remote) software engineering robotics, c programming, python, arduino, embedded systems As a robotics intern at OLL, you will have the opportunity to work on cutting-edge projects that will push the boundaries of technology. You will have the chance to showcase your skills in C programmi",unknown,internship,no experience required,"₹ 12,000 /week",https://internshala.com/internship/detail/work-from-home-part-time-php-development-internship-at-aeonaxy-technologies-private-limited1710565510,internshala
347,node.js backend development intern (part time/remote),Aeonaxy Technologies Private Limited,web development,"data science, ms-excel, english proficiency (spoken), power bi, python, tableau, ms sql server, data analytics, english proficiency (written), effective communication, sql","Selected intern's day-to-day responsibilities include:

1. Work on SQL to the core and practice real-life challenges on an SQL server
2. Work on assignments given which will be used to test the skills
3. Communicate with the lead to analyze data provided to them and build queries to get proper outputs. Data Analytics , Data Science , Effective Communication , English Proficiency (Spoken) , English Proficiency (Written) , MS-Excel , MS SQL Server , Power BI , Python , SQL , Tableau","node.js backend development intern (part time/remote) web development data science, ms-excel, english proficiency (spoken), power bi, python, tableau, ms sql server, data analytics, english proficiency (written), effective communication, sql Selected intern's day-to-day responsibilities include:

1. Work on SQL to the core and practice real-life challenges on an SQL server
2. Work on assignments given which will be used to test the skills",unknown,internship,no experience required,"₹ 10,000 /month",https://internshala.com/internship/detail/work-from-home-part-time-nodejs-backend-development-internship-at-aeonaxy-technologies-private-limited1710565344,internshala
348,robotics intern (part time),WhizJuniors,robotics automation,data analytics,"Selected intern's day-to-day responsibilities include: 

1.  Create clear and informative visualizations to communicate findings
2. Translate complex data trends into actionable business insights
3. Prepare reports and dashboards to present data-driven insights to stakeholders

This role involves 3hrs of teaching (to engineering students) and 4hrs of Data Analytics. Data Analytics","robotics intern (part time) robotics automation data analytics Selected intern's day-to-day responsibilities include: 

1.  Create clear and informative visualizations to communicate findings
2. Translate complex data trends into actionable business insights
3. P",unknown,internship,no experience required,"₹ 18,000 /month",https://internshala.com/internship/detail/part-time-robotics-internship-in-multiple-locations-at-whizjuniors1710563322,internshala
349,data analytics intern,Techmicra,data analytics,data science,"Selected intern's day-to-day responsibilities include: 

1. Analyze student learning data and identify behavioral bottlenecks
2. Find patterns of excellence amongst students which can drive L&D efforts
3. Develop reports which can be leveraged for imparting data-driven education

This job involves 3hrs of teaching (to engineering students) and 4hrs of Behavioral Data Science research. Data Science","data analytics intern data analytics data science Selected intern's day-to-day responsibilities include: 

1. Analyze student learning data and identify behavioral bottlenecks
2. Find patterns of excellence amongst students which can drive L&D effort",unknown,internship,no experience required,"₹ 18,000 /month",https://internshala.com/internship/detail/data-analytics-internship-in-ahmedabad-at-techmicra1710561303,internshala
350,data analytics mentoring intern,Future Skills,data analytics,"html, javascript, css","Selected intern's day-to-day responsibilities include: 

1. Deliver hands-on training in web development frameworks
2. Develop course materials and design instructional plans for programming languages such as HTML, CSS, and JavaScript
3. Assess the growth of learners and provide feedback

Required:

1. Candidates with a passion for teaching, who are willing to relocate to Hyderabad, who are well-versed in JavaScript development, and who have projects to showcase
2. We are looking for someone who is open to relocating to Hyderabad

Note: The selected candidate would be working out of Hyderabad. The selected candidate would be provided accommodation, food. CSS , HTML , JavaScript","data analytics mentoring intern data analytics html, javascript, css Selected intern's day-to-day responsibilities include: 

1. Deliver hands-on training in web development frameworks
2. Develop course materials and design instructional plans for programming languages",unknown,internship,no experience required,"₹ 18,000 /month",https://internshala.com/internship/detail/data-analytics-mentoring-internship-in-hyderabad-at-future-skills1710556604,internshala
351,behavioral data science mentoring intern (remote),Future Skills,data science,"html, javascript, css","Selected intern's day-to-day responsibilities include:

1. Mentor front-end projects of engineering students
2. Solve the bugs of projects of engineering students
3. Develop industrial projects and explain them to students

Who can apply: People who are willing to relocate to Hyderabad
Note: The candidate would have to spend 3hrs of teaching and 4hrs of web development every day. CSS , HTML , JavaScript","behavioral data science mentoring intern (remote) data science html, javascript, css Selected intern's day-to-day responsibilities include:

1. Mentor front-end projects of engineering students
2. Solve the bugs of projects of engineering students
3. Develop industrial projects and ex",unknown,internship,no experience required,"₹ 18,000 /month",https://internshala.com/internship/detail/work-from-home-behavioral-data-science-mentoring-internship-at-future-skills1710556569,internshala
352,web development mentoring intern,Future Skills,software engineering,javascript,"Selected intern's day-to-day responsibilities include:

1. Help engineering students with backend developments
2. Fix the bugs of students while they engage in backend projects
3. Develop industrial projects and explain them to students

Who can apply: People who are willing to relocate to Hyderabad
Note: The candidate would have to spend 3hrs of teaching and 4hrs of web development every day. JavaScript","web development mentoring intern software engineering javascript Selected intern's day-to-day responsibilities include:

1. Help engineering students with backend developments
2. Fix the bugs of students while they engage in backend projects
3. Develop industrial p",unknown,internship,no experience required,"₹ 18,000 /month",https://internshala.com/internship/detail/web-development-mentoring-internship-in-hyderabad-at-future-skills1710556528,internshala
353,frontend development mentoring intern,Future Skills,web development,javascript,"Selected intern's day-to-day responsibilities include: 

1. Develop the back end of DeepThought's applications using Node.js
2. Learn JavaScript to get an understanding of the framework being used in the code
3. Coordinate with the project manager to ensure smooth execution

Should be willing to teach students 3hrs a day. JavaScript","frontend development mentoring intern web development javascript Selected intern's day-to-day responsibilities include: 

1. Develop the back end of DeepThought's applications using Node.js
2. Learn JavaScript to get an understanding of the framework being used in ",unknown,internship,no experience required,"₹ 18,000 /month",https://internshala.com/internship/detail/frontend-development-mentoring-internship-in-hyderabad-at-future-skills1710556493,internshala
354,backend development mentoring intern,Future Skills,content writing,"html&css, javascript","Selected intern's day-to-day responsibilities include: 

1. Create visually appealing and user-friendly web interfaces by implementing designs using HTML, CSS, and JavaScript
2. Ensure that web applications and sites work well on various devices and screen sizes by implementing responsive design principles
3.  Collaborate with UX designers to improve the overall user experience by enhancing the accessibility, navigation, and interactivity of web pages

Note: This role involves 3hrs of teaching and 4hrs of frontend development. HTML&CSS , JavaScript","backend development mentoring intern content writing html&css, javascript Selected intern's day-to-day responsibilities include: 

1. Create visually appealing and user-friendly web interfaces by implementing designs using HTML, CSS, and JavaScript
2. Ensure that web applic",unknown,internship,no experience required,"₹ 18,000 /month",https://internshala.com/internship/detail/backend-development-mentoring-internship-in-hyderabad-at-future-skills1710556475,internshala
355,data analysis intern,DeepThought Edutech Ventures Private Limited,data analytics,"cloud firestore, flutter, rest api, android, dart, firebase, ios","Selected intern's day-to-day responsibilities include: 

1. Must have solid understanding of Flutter, Dart, Flutter UI and animations.
2. Must have experience working with native technologies like Android, iOS
3. Experienced in working with remote data via REST and JSON
4. Should have strong understanding of design patterns over and above MVP, MVVM, and MVC. Android , Cloud Firestore , Dart , Firebase , Flutter , iOS , REST API","data analysis intern data analytics cloud firestore, flutter, rest api, android, dart, firebase, ios Selected intern's day-to-day responsibilities include: 

1. Must have solid understanding of Flutter, Dart, Flutter UI and animations.
2. Must have experience working with native technologies like And",unknown,internship,no experience required,"₹ 10,000 /month",https://internshala.com/internship/detail/data-analysis-internship-in-hyderabad-at-deepthought-edutech-ventures-private-limited1710555818,internshala
356,web development intern,DeepThought Edutech Ventures Private Limited,software engineering,"php, rest api, bootstrap, ajax, jquery, mysql","Selected intern's day-to-day responsibilities include:

1. Design & develop applications and solutions (best in use for rural people)
2. Develop simple products using advanced technologies
3. Explore the possibilities of using existing technologies in a better way
4. Debug the applications

Required:

1. Knowledge of PHP, web services, and APIs is mandatory for this project

Note: Candidates only with core skills in PHP are requested to apply.. AJAX , Bootstrap , jQuery , MySQL , PHP , REST API","web development intern software engineering php, rest api, bootstrap, ajax, jquery, mysql Selected intern's day-to-day responsibilities include:

1. Design & develop applications and solutions (best in use for rural people)
2. Develop simple products using advanced technologies
3. Explore ",unknown,internship,no experience required,"₹ 5,000 /month",https://internshala.com/internship/detail/web-development-internship-in-hyderabad-at-deepthought-edutech-ventures-private-limited1710555785,internshala
358,business analytics intern,DeepThought Edutech Ventures Private Limited,business analytics,"data science, data structures, python","Selected intern's day-to-day responsibilities include:

1. Evaluating various platforms for bot making and selecting the most appropriate one
2. Creating sample bots based on the use case provided
3. Looking at AI use cases in the business and implementing the same along with the tech team. Data Science , Data Structures , Python","business analytics intern business analytics data science, data structures, python Selected intern's day-to-day responsibilities include:

1. Evaluating various platforms for bot making and selecting the most appropriate one
2. Creating sample bots based on the use case provided
3. ",unknown,internship,no experience required,"₹ 15,000 /month",https://internshala.com/internship/detail/business-analytics-internship-in-hyderabad-at-deepthought-edutech-ventures-private-limited1710555177,internshala
359,flutter development intern,Tulasi M,mobile development,"hyperledger, ethereum, javascript, reactjs, python, blockchain, node.js, c++ programming, java","Selected intern's day-to-day responsibilities include: 

1. Define the need for blockchain and its functions in the organization
2. Design, develop, and test blockchain systems
3. Develop application functionality using various coding languages
4. Write efficient and modular code
5. Set security measures against various types of cybercrimes
6. Utilize cryptography techniques to protect against hackers and other cyber attacks
7. Maintain client and server-side applications
8. Secure the blockchain network with new technologies
9. Enlighten fellow team members on blockchain technology
10. Prepare documentation on the blockchain development processes
11. Attend meetings, brainstorming sessions, and daily stand-ups to enhance knowledge of new technologies
12. Adhere to all rules and regulations of data protection for digital payments
13. Stay updated with the latest crypto technologies for data protection. Blockchain , C++ Programming , Ethereum , Hyperledger , Java , JavaScript , Node.js , Python , ReactJS","flutter development intern mobile development hyperledger, ethereum, javascript, reactjs, python, blockchain, node.js, c++ programming, java Selected intern's day-to-day responsibilities include: 

1. Define the need for blockchain and its functions in the organization
2. Design, develop, and test blockchain systems
3. Develop application ",unknown,internship,no experience required,"₹ 18,000 /month",https://internshala.com/internship/detail/flutter-development-internship-in-hyderabad-at-tulasi-m1710532257,internshala
360,web development intern (remote),CCBUL,software engineering,"json, reactjs, webflow, node.js, c++ programming, java, sql","Selected intern's day-to-day responsibilities include: 

1.     Create multiple panels for admins, users, and super admin
2.     Manage a team of 10 web development interns
3.     Plan the product roadmap with features and applications
4.     Create a strong backend structure & front end for all the panels combined. C++ Programming , Java , JSON , Node.js , ReactJS , SQL , Webflow","web development intern (remote) software engineering json, reactjs, webflow, node.js, c++ programming, java, sql Selected intern's day-to-day responsibilities include: 

1.     Create multiple panels for admins, users, and super admin
2.     Manage a team of 10 web development interns
3.     Plan the product roa",unknown,internship,no experience required,"₹ 10,000 /month",https://internshala.com/internship/detail/work-from-home-web-development-internship-at-ccbul1710513954,internshala
361,machine learning intern (part time/remote),Buddha Education Association Incorporation,machine learning,"redux, reactjs, mean/mern stack, mongodb, typescript, git, express.js","Selected intern's day-to-day responsibilities include: 

1. Collaborate with cross-functional teams to define, design and ship new features
2. Develop robust and user-friendly web applications using cutting-edge technologies
3. Write clean, efficient, and reusable code to ensure maintainability and scalability
4. Identify and troubleshoot bugs and issues, ensuring smooth operation of applications
5. Communicate effectively with team members to ensure timely delivery

Requirements:

1. Bachelor's degree in computer science, engineering, or a related field
2. Strong proficiency in front-end web technologies such as React and Redux
3. Proficient in back-end web technologies such as Node.js, Express, and MongoDB
4. Knowledge of RESTful API design and development
5. Strong problem-solving skills and attention to detail
6. Excellent communication and collaboration skills

Why Dobby?
1. Enjoy the flexibility and convenience of a remote work arrangement
2. Our standard work hours are from Monday to Friday, 10 am to 6 pm
3. Competitive salary package along with attractive incentives 
4. Comprehensive training and development opportunities
5. Positive and supportive work environment. Express.js , Git , MEAN/MERN Stack , MongoDB , ReactJS , Redux , TypeScript","machine learning intern (part time/remote) machine learning redux, reactjs, mean/mern stack, mongodb, typescript, git, express.js Selected intern's day-to-day responsibilities include: 

1. Collaborate with cross-functional teams to define, design and ship new features
2. Develop robust and user-friendly web applications using c",unknown,internship,no experience required,"₹ 10,000-15,000 /month",https://internshala.com/internship/detail/work-from-home-part-time-machine-learning-internship-at-buddha-education-association-incorporation1710511651,internshala
362,artificial intelligence (ai) intern (remote),Buddha Education Association Incorporation,artificial intelligence,"html, javascript, reactjs, node.js, css","Selected intern's day-to-day responsibilities include:

1. Collaborate with the development team to design and implement web applications using the latest technologies
2. Assist in the creation of user-friendly interfaces and engaging user experiences
3. Debug and fix any issues related to frontend and backend development
4. Optimize and improve website performance through efficient coding practices
5. Conduct thorough testing and ensure cross-browser compatibility for seamless experiences
6. Stay up-to-date with industry trends and suggest innovative ideas to enhance our products
7. Support the team in various tasks, such as documentation and website maintenance

If you have a hunger for learning, a creative mindset, and a drive to contribute to a dynamic team, MentorBoxx is eager to provide you with an exciting internship experience. Join us in shaping the future of online education! Apply now!. CSS , HTML , JavaScript , Node.js , ReactJS","artificial intelligence (ai) intern (remote) artificial intelligence html, javascript, reactjs, node.js, css Selected intern's day-to-day responsibilities include:

1. Collaborate with the development team to design and implement web applications using the latest technologies
2. Assist in the creation of use",unknown,internship,no experience required,"₹ 20,000 /month",https://internshala.com/internship/detail/work-from-home-artificial-intelligence-ai-internship-at-buddha-education-association-incorporation1710511635,internshala
363,blockchain development intern (remote),Buddha Education Association Incorporation,blockchain,"data analytics, python, natural language processing (nlp), machine learning","Selected intern's day-to-day responsibilities include:

1. Collaborate with the team to develop and implement machine learning algorithms and models
2. Assist in collecting, cleaning, and analyzing large datasets to derive actionable insights
3. Develop and maintain data preprocessing pipelines for efficient data handling
4. Contribute to the design and development of NLP models for text classification and sentiment analysis
5. Research cutting-edge ML techniques and stay updated with the latest advancements in the field
6. Assist in building and improving ML models for personalized recommendations and content filtering
7. Help with the deployment and monitoring of ML models in production environments

Join us and make a significant impact in revolutionizing the way people access knowledge and grow personally through our innovative platform. Apply now and take the first step towards an exciting career in Machine Learning with MentorBoxx!. Data Analytics , Machine Learning , Natural Language Processing (NLP) , Python","blockchain development intern (remote) blockchain data analytics, python, natural language processing (nlp), machine learning Selected intern's day-to-day responsibilities include:

1. Collaborate with the team to develop and implement machine learning algorithms and models
2. Assist in collecting, cleaning, and analyzing la",unknown,internship,no experience required,"₹ 25,000 /month",https://internshala.com/internship/detail/work-from-home-blockchain-development-internship-at-buddha-education-association-incorporation1710511518,internshala
364,web development intern (part time/remote),Buddha Education Association Incorporation,software engineering,"image processing, opencv, python","About Augrade: We're creating a spatial computing platform to automate 3D model creation, editing, validation, & visualization via Gen AI & AR.

Selected intern's day-to-day responsibilities include:

1. Take ownership of organizing and annotating data for training AI models 
2. Work with AI research engineers to provide high-quality data annotations 
3. Review AI models' outputs and evaluate their quality based on finance domain knowledge 
4. Understand the topics of finance documents and provide insights to AI model development
5. Communicate the annotation project progress and timeline to project stakeholders 
6. Work with AI research engineers to monitor AI model quality and verify quality issues
7. Provide feedback to optimize the annotation process and tools 
8. Mentor junior members of the team. Image Processing , OpenCV , Python","web development intern (part time/remote) software engineering image processing, opencv, python About Augrade: We're creating a spatial computing platform to automate 3D model creation, editing, validation, & visualization via Gen AI & AR.

Selected intern's day-to-day responsibilities include:
",unknown,internship,no experience required,"₹ 5,000-10,000 /month",https://internshala.com/internship/detail/work-from-home-part-time-web-development-internship-at-buddha-education-association-incorporation1710511486,internshala
367,machine learning intern (part time/remote),MentorBoxx,machine learning,html&css,"Selected intern's day-to-day responsibilities include:

1. Collaborating with our development team to design and build responsive, high-performing web applications.
2. Implementing visual elements that users see and interact with in web applications.
3. Assisting in the development of user interface components and implementing well-known workflows.
4. Contributing to the improvement of application performance and user experience.
5. Engaging in code reviews and adhering to best coding practices.. HTML&CSS","machine learning intern (part time/remote) machine learning html&css Selected intern's day-to-day responsibilities include:

1. Collaborating with our development team to design and build responsive, high-performing web applications.
2. Implementing visual elements tha",unknown,internship,no experience required,"₹ 1,000 /month",https://internshala.com/internship/detail/work-from-home-part-time-machine-learning-internship-at-mentorboxx1710507552,internshala
368,data analytics and labelling intern (part time/remote),Augrade Private Limited,data analytics,"data structures, python","Job Description:

We are seeking a motivated and technically skilled individual to join our team as a Backend Applications Development Intern. This is an excellent opportunity for someone passionate about technology and eager to gain hands-on experience in backend development.

Selected intern's day-to-day responsibilities include:

1. Collaborate with our development team to design, develop, and maintain backend services.
2. Write clean, efficient, and well-documented code in Python.
3. Assist in the integration of user-facing elements with server-side logic.
4. Contribute to the optimization of our applications for maximum speed and scalability.
5. Participate in code reviews and adhere to best practices in software development.
6. Assist in troubleshooting, diagnosing, and fixing issues in our applications.
7. Engage in learning activities to enhance skills and knowledge in backend development.. Data Structures , Python","data analytics and labelling intern (part time/remote) data analytics data structures, python Job Description:

We are seeking a motivated and technically skilled individual to join our team as a Backend Applications Development Intern. This is an excellent opportunity for someone passionate a",unknown,internship,no experience required,"₹ 1,000 /month",https://internshala.com/internship/detail/work-from-home-part-time-data-analytics-and-labelling-internship-at-augrade-private-limited1710506014,internshala
369,business analytics intern,XE Looks Private Limited,business analytics,business analytics,"Selected intern's day-to-day responsibilities include:

1. Assist in creating and optimizing REST APIs and GraphQL endpoints for application integration
2. Collaborate on the development and maintenance of APIs and services to support automation solutions
3. Contribute to the creation and deployment of bots and iBots for automated tasks
4. Participate in the development of automats and artifacts to streamline processes
5. Assist in testing, debugging, and deploying automation solutions. Certificate ,  Letter of recommendation ,  Flexible work hours ,  5 days a week","business analytics intern business analytics business analytics Selected intern's day-to-day responsibilities include:

1. Assist in creating and optimizing REST APIs and GraphQL endpoints for application integration
2. Collaborate on the development and maintenan",unknown,internship,no experience required,"₹ 1,000 /month",https://internshala.com/internship/detail/business-analytics-internship-in-delhi-at-xe-looks-private-limited1710505551,internshala
370,data annotation intern,Quidich Innovation Labs Private Limited,data analytics,"animation, video editing, content marketing, email marketing","Selected intern's day-to-day responsibilities include:

1. Assisting in creating and maintaining brand assets, ensuring a consistent and appealing brand image
2. Collaborating on marketing campaigns and promotions to increase visibility for our products and services
3. Identifying and building strategic partnerships to expand our reach and customer base
4. Contributing to the management and optimization of our websites and listings on various marketplaces
5. Assisting in developing sales and distribution strategies to boost product and service adoption. Animation , Content Marketing , Email Marketing , Video Editing","data annotation intern data analytics animation, video editing, content marketing, email marketing Selected intern's day-to-day responsibilities include:

1. Assisting in creating and maintaining brand assets, ensuring a consistent and appealing brand image
2. Collaborating on marketing campaigns a",unknown,internship,no experience required,"₹ 1,000 /month",https://internshala.com/internship/detail/data-annotation-internship-in-mumbai-at-quidich-innovation-labs-private-limited1710504308,internshala
371,frontend applications development intern (part time/remote),"Expertel SA - Proceedit (Barcelona, España)",web development,web development,"Selected intern's day-to-day responsibilities include:

1. Assisting in creating process flowcharts and models to understand and optimize business processes
2. Collaborating on the analysis and configuration of automation solutions to meet client requirements
3. Contributing to the deployment of solutions and assist in debugging and troubleshooting
4. Participating in piloting projects and documenting processes, changes, and improvements
5. Helping identify areas for continuous improvement and assist in implementing enhancements. Certificate ,  Letter of recommendation ,  Flexible work hours ,  5 days a week","frontend applications development intern (part time/remote) web development web development Selected intern's day-to-day responsibilities include:

1. Assisting in creating process flowcharts and models to understand and optimize business processes
2. Collaborating on the analysis and config",unknown,internship,no experience required,"₹ 1,000 /month",https://internshala.com/internship/detail/work-from-home-part-time-frontend-applications-development-internship-at-expertel-sa-proceedit1710504189,internshala
372,backend applications development intern (part time/remote),"Expertel SA - Proceedit (Barcelona, España)",web development,"computer networking, prototyping","Selected intern's day-to-day responsibilities include:

1. Contributing to the collection and analysis of open and big data sources
2. Assisting in structuring data and defining ontologies to extract meaningful insights
3. Collaborating with our data scientists to perform statistical analysis and derive actionable insights
4. Working on projects involving data search, semantic analysis, and building intelligent search systems
5. Helping manage and optimize databases to ensure data is accessible and secure. Computer Networking , PROTOTYPING","backend applications development intern (part time/remote) web development computer networking, prototyping Selected intern's day-to-day responsibilities include:

1. Contributing to the collection and analysis of open and big data sources
2. Assisting in structuring data and defining ontologies to extract ",unknown,internship,no experience required,"₹ 1,000 /month",https://internshala.com/internship/detail/work-from-home-part-time-backend-applications-development-internship-at-expertel-sa-proceedit1710503976,internshala
373,robotic process automation intern (part time/remote),"Expertel SA - Proceedit (Barcelona, España)",robotics automation,"data science, flutter, postgresql, rest api, python, machine learning, deep learning, natural language processing (nlp)","As a Full-Stack Development Intern at Prceedit, you will be an integral part of our Applications Unit, gaining hands-on experience in various aspects of application development. 

Selected intern's day-to-day responsibilities include:

1. Collaborating with our experienced developers to analyze requirements and write code that meets project objectives
2. Participating in the creation of prototypes and work on user experience/user interface (UX/UI) design to ensure a seamless and user-friendly application
3. Contributing to the development of reusable components that streamline the application development process
4. Assisting in building cutting-edge front-end applications using the latest technologies and best practices
5. Engaging in testing, debugging, and deployment procedures to ensure the quality and reliability of our applications. Data Science , Deep Learning , Flutter , Machine Learning , Natural Language Processing (NLP) , PostgreSQL , Python , REST API","robotic process automation intern (part time/remote) robotics automation data science, flutter, postgresql, rest api, python, machine learning, deep learning, natural language processing (nlp) As a Full-Stack Development Intern at Prceedit, you will be an integral part of our Applications Unit, gaining hands-on experience in various aspects of application development. 

Selected intern's da",unknown,internship,no experience required,"₹ 1,000 /month",https://internshala.com/internship/detail/work-from-home-part-time-robotic-process-automation-internship-at-expertel-sa-proceedit1710503909,internshala
374,design & branding contents intern (part time/remote),"Expertel SA - Proceedit (Barcelona, España)",ui ux design,"rest api, html, javascript, reactjs, bootstrap, angularjs, node.js, css","As a Front End Developer at ASOWin, you will play a crucial role in designing, implementing, and maintaining the user interface of our web applications. You will collaborate closely with our cross-functional team of designers, back end developers, and product managers to deliver high-quality, intuitive, and responsive user experiences.


Selected intern's day-to-day responsibilities include: 

1. Develop and implement user interface components using modern front-end frameworks such as React, Angular, or Vue.js
2. Collaborate with UX/UI designers to translate wireframes and mockups into functional web pages
3. Optimize application performance for maximum speed and scalability.
4. Ensure the technical feasibility of UI/UX designs and implement responsive design principles
5. Write clean, efficient, and well-documented code following best practices and coding standards
6. Conduct thorough testing to identify and fix bugs, ensuring cross-browser compatibility and accessibility
7. Stay up-to-date with the latest front-end development trends, tools, and technologies, and actively contribute to continuous improvement initiatives. AngularJS , Bootstrap , CSS , HTML , JavaScript , Node.js , ReactJS , REST API","design & branding contents intern (part time/remote) ui ux design rest api, html, javascript, reactjs, bootstrap, angularjs, node.js, css As a Front End Developer at ASOWin, you will play a crucial role in designing, implementing, and maintaining the user interface of our web applications. You will collaborate closely with our cross-fun",unknown,internship,no experience required,"₹ 6,000 /month",https://internshala.com/internship/detail/work-from-home-part-time-design-branding-contents-internship-at-expertel-sa-proceedit1710503803,internshala
375,business process automation intern (part time/remote),"Expertel SA - Proceedit (Barcelona, España)",business analytics,"next.js, flutter, django, kotlin, machine learning, android, fastapi","This is an internship opportunity where we are hiring for multiple roles. For web, backend, mobile etc. We are working on multiple projects cutting across wearable, mobile, web and AI. 

Selected intern's day-to-day responsibilities include:

1. Collaborating with senior developers to design and implement efficient apps
2. Assisting in the development and maintenance of machine learning models, ensuring their optimization and scalability
3. Participating in code reviews and contribute to the improvement of code quality and standards
4. Supporting the team in troubleshooting and debugging issues, ensuring smooth operation of apps
5. Writing self-documenting high-quality code
6. Being proactive in taking responsibility for completing the assigned tasks and communicating the changes

Please Note: Candidates who are in region of Coimbatore are expected to be in office. Remote for other state students are also available.. Android , Django , FastAPI , Flutter , Kotlin , Machine Learning , Next.js","business process automation intern (part time/remote) business analytics next.js, flutter, django, kotlin, machine learning, android, fastapi This is an internship opportunity where we are hiring for multiple roles. For web, backend, mobile etc. We are working on multiple projects cutting across wearable, mobile, web and AI. 

Selected inte",unknown,internship,no experience required,"₹ 20,000 /month",https://internshala.com/internship/detail/work-from-home-part-time-business-process-automation-internship-at-expertel-sa-proceedit1710503792,internshala
376,"big data, iot & analytics intern (part time/remote)","Expertel SA - Proceedit (Barcelona, España)",data engineering,"internet of things (iot), project management, machine learning, business analysis, effective communication, data analysis, problem solving","Selected intern's day-to-day responsibilities include:

1. Analyzing business requirements from different clients with engineering and business knowledge
2. Reading, researching, and documenting the business use case and its opportunities along with technical feasibility
3. Conducting excellent SWOT analysis of every opportunity
4. Ensuring internal coordination with the team for solution and delivery
5. Working closely with the leadership team to analyze, evaluate, and strategize every opportunity
6. Evaluating a GTM strategy roadmap

Note: This opportunity is for people who want to restart their careers.. Business Analysis , Data Analysis , Effective Communication , Internet of Things (IoT) , Machine Learning , Problem Solving , Project Management","big data, iot & analytics intern (part time/remote) data engineering internet of things (iot), project management, machine learning, business analysis, effective communication, data analysis, problem solving Selected intern's day-to-day responsibilities include:

1. Analyzing business requirements from different clients with engineering and business knowledge
2. Reading, researching, and documenting the b",unknown,internship,no experience required,"₹ 10,000 /month",https://internshala.com/internship/detail/work-from-home-part-time-big-data-iot-analytics-internship-at-expertel-sa-proceedit1710503776,internshala
377,app full-stack development intern (part time/remote),"Expertel SA - Proceedit (Barcelona, España)",mobile development,"microsoft azure, docker, kubernetes, devops, python","Are you a skilled Azure DevOps engineer with expertise in Python, Microsoft Azure, Terraform, DevOps, Docker, Kubernetes, and Bash? Aaptatt is looking for a dynamic individual to join our team and help drive our innovative projects to the next level. 

Selected intern's day-to-day responsibilities include: 

1. Designing, implementing, and maintaining CI/CD pipelines in Azure DevOps
2. Automating cloud infrastructure provisioning using Terraform
3. Collaborating with development teams to optimize software delivery processes
4. Containerizing applications with Docker and managing Kubernetes clusters
5. Writing scripts in Bash to automate routine tasks and streamline operations
6. Monitoring and optimizing system performance and reliability in Microsoft Azure
7. Providing technical support and troubleshooting for Azure cloud environments

If you are passionate about leveraging cutting-edge technologies to drive business success, then we want to hear from you. Join us at Aaptatt and be a part of a dynamic team that is shaping the future of technology. Apply now and take your career to new heights!. DevOps , Docker , Kubernetes , Microsoft Azure , Python","app full-stack development intern (part time/remote) mobile development microsoft azure, docker, kubernetes, devops, python Are you a skilled Azure DevOps engineer with expertise in Python, Microsoft Azure, Terraform, DevOps, Docker, Kubernetes, and Bash? Aaptatt is looking for a dynamic individual to join our team and hel",unknown,internship,no experience required,"₹ 7,500 /month",https://internshala.com/internship/detail/work-from-home-part-time-app-full-stack-development-internship-at-expertel-sa-proceedit1710503697,internshala
378,front end development intern,ASOWin,web development,"flask, rest api, html, django, python, machine learning, css","Selected intern's day-to-day responsibilities include: 

1. Working on projects using python
2. Working on programming languages
3. Must have created projects and showcase them. CSS , Django , Flask , HTML , Machine Learning , Python , REST API","front end development intern web development flask, rest api, html, django, python, machine learning, css Selected intern's day-to-day responsibilities include: 

1. Working on projects using python
2. Working on programming languages
3. Must have created projects and showcase them. CSS , Django , Flask ,",unknown,internship,no experience required,"₹ 7,500 /month",https://internshala.com/internship/detail/front-end-development-internship-in-multiple-locations-at-asowin1710503679,internshala
379,software development intern,Agriday,software engineering,"j2ee, hibernate (java), jsp, mysql, spring mvc, java","Selected intern's day-to-day responsibilities include: 

1. Brainstorm and solve real time problems in Java
2. Deploy complete Java application on AWS
3. Write Rest API calls and integrating different services. Hibernate (Java) , J2EE , Java , JSP , MySQL , Spring MVC","software development intern software engineering j2ee, hibernate (java), jsp, mysql, spring mvc, java Selected intern's day-to-day responsibilities include: 

1. Brainstorm and solve real time problems in Java
2. Deploy complete Java application on AWS
3. Write Rest API calls and integrating different",unknown,internship,no experience required,"₹ 7,500 /month",https://internshala.com/internship/detail/software-development-internship-in-coimbatore-at-agriday1710503664,internshala
380,business analyst intern (remote),Resolute AI Software Private Limited,business analytics,advanced excel,"Are you a detail-oriented individual with a passion for patent research and an advanced knowledge of Excel? We're looking for a patent research intern to join our team at Patentskart! 

As a patent research intern, you will have the opportunity to dive into the world of patents and intellectual property while honing your skills in data analysis and research. You will work closely with our team of patent experts to identify and analyze key patents in various industries, providing valuable insights and recommendations to our clients.

Selected intern's day-to-day responsibilities include:

1. Conduct in-depth patent searches using various databases and tools
2. Analyze and organize patent data using Advanced Excel techniques
3. Communicate findings effectively through written reports and presentations

If you're a proactive self-starter with a strong analytical mindset and a desire to learn and grow in the field of patent research, we want to hear from you! Apply now to join our dynamic team at PatentSkart and take your career to the next level.. Advanced Excel","business analyst intern (remote) business analytics advanced excel Are you a detail-oriented individual with a passion for patent research and an advanced knowledge of Excel? We're looking for a patent research intern to join our team at Patentskart! 

As a patent re",unknown,internship,no experience required,"₹ 5,000 /month",https://internshala.com/internship/detail/work-from-home-business-analyst-internship-at-resolute-ai-software-private-limited1710502378,internshala
381,azure devops engineer intern (remote),Aaptatt,devops cloud,devops cloud,"Selected intern's day-to-day responsibilities include: 

1. Working on college/university assignments
2. Submitting tasks within the time
3. Submitting quality assignments work
4. Doing task of CS/IT/,Stats/Data analysis  related assignments. Certificate ,  Letter of recommendation","azure devops engineer intern (remote) devops cloud devops cloud Selected intern's day-to-day responsibilities include: 

1. Working on college/university assignments
2. Submitting tasks within the time
3. Submitting quality assignments work
4. Doing task of CS/IT/",unknown,internship,no experience required,"₹ 7,000-8,500 /month",https://internshala.com/internship/detail/work-from-home-azure-devops-engineer-internship-at-aaptatt1710498948,internshala
382,python development intern (remote),Aaptatt,software engineering,"html, javascript, css","Selected intern's day-to-day responsibilities include: 

Assist in developing and maintaining web applications using PHP, HTML, CSS, and JavaScript.
Collaborate with the development team to design and implement new features and functionalities.
Write clean, efficient, and well-documented code.
Perform debugging and troubleshooting to ensure the smooth functioning of web applications.
Assist in optimizing applications for maximum speed and scalability.
Stay up-to-date with the latest trends and technologies in web development.
Participate in team meetings and brainstorming sessions to contribute ideas and insights.
Work on tasks assigned by senior developers or project managers within deadlines.. CSS , HTML , JavaScript","python development intern (remote) software engineering html, javascript, css Selected intern's day-to-day responsibilities include: 

Assist in developing and maintaining web applications using PHP, HTML, CSS, and JavaScript.
Collaborate with the development team to design and",unknown,internship,no experience required,"₹ 15,000 /month",https://internshala.com/internship/detail/work-from-home-python-development-internship-at-aaptatt1710497371,internshala
383,java development intern (remote),Aaptatt,software engineering,"cloud firestore, flutter, rest api, android, dart, firebase, ios","Selected intern's day-to-day responsibilities include: 

1. Assisting with development

2. Testing and debugging

3. Learning and Researching: Staying up-to-date with the latest trends and advancements in Flutter development, as well as researching best practices and innovative solutions to enhance the project's functionalities

4. Collaboration and Communication: Actively participating in team meetings, brainstorming sessions, and discussions to share ideas

5. Documentation and Reporting: Documenting the development process, and writing clear and concise code documentation

6. UI/UX Development: Assisting with the design and development of user interfaces (UI) and user experiences (UX), ensuring that the application's design is intuitive, user-friendly, and visually appealing

7.  Version Control and Integration: Utilizing version control systems like Git to manage code changes and collaborating with the team to integrate new features and updates seamlessly into the existing codebase

8. Performance Optimization: Identifying areas for performance improvement within the application and implementing optimizations to enhance the overall speed, responsiveness, and efficiency of the SaaS Flutter project

9. Troubleshooting and Support: Providing support to users or clients by troubleshooting issues, responding to inquiries, and addressing any technical concerns related to the SaaS application

10. Adherence to Coding Standards: Adhering to established coding standards, guidelines, and best practices to ensure consistency, maintainability, and scalability of the codebase. Android , Cloud Firestore , Dart , Firebase , Flutter , iOS , REST API","java development intern (remote) software engineering cloud firestore, flutter, rest api, android, dart, firebase, ios Selected intern's day-to-day responsibilities include: 

1. Assisting with development

2. Testing and debugging

3. Learning and Researching: Staying up-to-date with the latest trends and advancement",unknown,internship,no experience required,"₹ 10,000 /month",https://internshala.com/internship/detail/work-from-home-java-development-internship-at-aaptatt1710497288,internshala
384,patent research intern,Patentskart,research,"python, machine learning, computer vision, algorithms, fastapi, natural language processing (nlp)","Selected intern's day-to-day responsibilities include: 

1. Developing custom AI/ML models using TensorFlow and other ML frameworks
2. Building front-end/back-end integration by analyzing the custom machine learning models. Algorithms , Computer Vision , FastAPI , Machine Learning , Natural Language Processing (NLP) , Python","patent research intern research python, machine learning, computer vision, algorithms, fastapi, natural language processing (nlp) Selected intern's day-to-day responsibilities include: 

1. Developing custom AI/ML models using TensorFlow and other ML frameworks
2. Building front-end/back-end integration by analyzing the custom m",unknown,internship,no experience required,"₹ 10,000-12,000 /month",https://internshala.com/internship/detail/patent-research-internship-in-chandigarh-at-patentskart1710496704,internshala
385,computer science /it assignments/data analysis intern (part time/remote),MyMegaminds,data analytics,data analytics,"Responsibilities:

Data Analysis:

Work with large datasets to extract meaningful insights and trends.
Conduct exploratory data analysis to identify patterns and anomalies.
Machine Learning:

Assist in the development and implementation of machine learning models.
Collaborate with the data science team to fine-tune algorithms and models.
Data Cleaning and Preprocessing:

Clean and preprocess raw data to ensure accuracy and reliability.
Address missing or inconsistent data points through appropriate techniques.
Visualization:

Create compelling data visualizations to effectively communicate findings.
Utilize tools such as [mention specific tools] to generate graphical representations.
Collaboration:

Collaborate with cross-functional teams to understand project requirements.
Communicate findings and insights to non-technical stakeholders.
Research:

Stay updated on the latest advancements in data science and machine learning.
Contribute to the identification and implementation of innovative solutions.. Certificate ,  Flexible work hours ,  5 days a week","computer science /it assignments/data analysis intern (part time/remote) data analytics data analytics Responsibilities:

Data Analysis:

Work with large datasets to extract meaningful insights and trends.
Conduct exploratory data analysis to identify patterns and anomalies.
Machine Learning:

Assist i",unknown,internship,no experience required,"₹ 2,000 /month",https://internshala.com/internship/detail/work-from-home-part-time-computer-science-it-assignments-data-analysis-internship-at-mymegaminds1710495352,internshala
387,flutter development intern,Incube,mobile development,"php, wordpress, html, mysql, laravel","Selected intern's day-to-day responsibilities include: 

1. Work with our product team and head on improving product
2. Developing and maintaining server-side logic using PHP and Laravel
3. Optimizing performance and scalability through efficient backend code
4. Integrating third-party services and APIs seamlessly
5. Keeping updated with the latest trends in backend development for continuous improvement
6. Have an interest in customizing WordPress codes. HTML , LARAVEL , MySQL , PHP , WordPress","flutter development intern mobile development php, wordpress, html, mysql, laravel Selected intern's day-to-day responsibilities include: 

1. Work with our product team and head on improving product
2. Developing and maintaining server-side logic using PHP and Laravel
3. Optimizing",unknown,internship,no experience required,"₹ 5,000 /month",https://internshala.com/internship/detail/flutter-development-internship-in-gurgaon-at-incube1710492565,internshala
388,data science and machine learning engineer - full stack development intern,Settyl,software engineering,"data science, elasticsearch, flask, rest api, django, python, machine learning, mongodb, power bi, sql, fastapi","Selected intern's day-to-day responsibilities include:

1. Working on MLOPS for data science applications
2. Working on Fast API for data science applications
3. Working on Flask API for data science applications
4. Working on Django API for data science applications
5. Working on REST API for data science applications
6. Working on Python full-stack developments using AI, ML, Deep Learning, Computer Vision, deep learning, and related tech stacks
7. Working on Databases such as Elasticsearch, Neo4j, MongoDB, NoSQL, and PostgreSQL for data science applications
8. Working on data pipeline, ETL, ELT, and data platforms for data science applications
9. Working on Kafka, SnowFlake, and big data tech
10. Working on AWS, Azure, GCP, and related cloud solutions. Data Science , Django , Elasticsearch , FastAPI , Flask , Machine Learning , MongoDB , Power BI , Python , REST API , SQL","data science and machine learning engineer - full stack development intern software engineering data science, elasticsearch, flask, rest api, django, python, machine learning, mongodb, power bi, sql, fastapi Selected intern's day-to-day responsibilities include:

1. Working on MLOPS for data science applications
2. Working on Fast API for data science applications
3. Working on Flask API for data science ",unknown,internship,no experience required,"₹ 10,000-12,000 /month",https://internshala.com/internship/detail/data-science-and-machine-learning-engineer-full-stack-development-internship-in-multiple-locations-at-settyl1710488552,internshala
389,data science intern (part time/remote),Emoolar Technology Private Limited,data analytics,"financial literacy, data analytics, financial modeling, data analysis, sql, advanced excel","NatWest Group is looking for a talented Business analyst intern with an immense knowledge in Capital markets, Finance & Investment banking to join our team! With your strong foundation in MS-Excel, SQL, Python, MS-Office, and Tableau, you'll have the opportunity to make an impact at NatWest Group.

Selected intern's day-to-day responsibilities include:

1. Must have knowledge of Capital markets, finance & investment banking
2. Collaborate with cross-functional teams to gather and interpret business requirements
3. Develop and maintain analytical models to identify trends, patterns, and opportunities for improvement
4. Conduct data cleansing and validation to ensure accuracy and integrity of information
5. Create visually appealing and interactive dashboards using Tableau for effective data visualization
6. Extract, transform, and load data using SQL to support reporting and analysis needs
7. Utilize Python for data manipulation, statistical analysis, and predictive modeling
8. Present findings and recommendations to stakeholders, contributing to strategic decision-making processes

Join our dynamic team and gain valuable hands-on experience in business analytics, contributing to the success of NatWest Group while expanding your professional skill set.. Advanced Excel , Data Analysis , Data Analytics , Financial literacy , Financial Modeling , SQL","data science intern (part time/remote) data analytics financial literacy, data analytics, financial modeling, data analysis, sql, advanced excel NatWest Group is looking for a talented Business analyst intern with an immense knowledge in Capital markets, Finance & Investment banking to join our team! With your strong foundation in MS-Excel, SQ",unknown,internship,no experience required,"₹ 45,000 /month",https://internshala.com/internship/detail/work-from-home-part-time-data-science-internship-at-emoolar-technology-private-limited1710486708,internshala
391,backend development intern (remote),Snetiara,web development,"data analytics, python, machine learning","Selected intern's day-to-day responsibilities include: 

1. Developing an observability solution using AI/ML
2. Coding in Python for building ML models
3. Building an understanding of the financial domain to solve business issues. Data Analytics , Machine Learning , Python","backend development intern (remote) web development data analytics, python, machine learning Selected intern's day-to-day responsibilities include: 

1. Developing an observability solution using AI/ML
2. Coding in Python for building ML models
3. Building an understanding of the financial do",unknown,internship,no experience required,"₹ 45,000 /month",https://internshala.com/internship/detail/work-from-home-backend-development-internship-at-snetiara1710479682,internshala
392,full stack data engineering intern (remote),Blackcoffer,data engineering,"html&css, react, javascript, bootstrap, ui & ux design","Selected intern's day-to-day responsibilities include: 

1. Collaborate with the design and development teams to translate UI/UX designs into responsive web interfaces.
2. Develop and maintain front-end codebases using HTML, CSS, JavaScript, and React.
3. Optimize web applications for maximum speed and scalability.
4. Conduct code reviews and implement best practices to ensure code quality and maintainability.
5. Stay updated on emerging frontend technologies and industry trends.
6. Work closely with backend developers to integrate frontend components with server-side logic.
7. Participate in the full software development lifecycle, from requirements gathering to deployment and maintenance.

Required Qualifications:

1. Proficiency in HTML, CSS, and JavaScript.
2. Experience with frontend frameworks/libraries such as React.
3. Strong understanding of responsive web design principles.
4. Familiarity with version control systems such as Git.
5. Excellent problem-solving and debugging skills.
6. Ability to work effectively in a collaborative team environment.
7. Bachelor's degree in Computer Science, Engineering, or a related field, or equivalent work experience.. Bootstrap , HTML&CSS , JavaScript , React , UI & UX Design","full stack data engineering intern (remote) data engineering html&css, react, javascript, bootstrap, ui & ux design Selected intern's day-to-day responsibilities include: 

1. Collaborate with the design and development teams to translate UI/UX designs into responsive web interfaces.
2. Develop and maintain front-e",unknown,internship,no experience required,"₹ 15,000 /month",https://internshala.com/internship/detail/work-from-home-full-stack-data-engineering-internship-at-blackcoffer1710479624,internshala
393,business analytics intern,NatWest Group,business analytics,"php, wordpress, html, javascript, bootstrap, mysql","We are excited to announce an opportunity for a dynamic Web Development intern to join our team. If you have a strong foundation in HTML, JavaScript, WordPress, MySQL, Bootstrap, and PHP, we want to hear from you! As an intern, you will have the chance to work on real projects, learn from experienced developers, and contribute to the growth of our company.

Selected intern's day-to-day responsibilities include:

1. Assist in the development and maintenance of websites and web applications.
2. Collaborate with the team to brainstorm and implement new features and functionalities.
3. Troubleshoot and debug issues to ensure optimal performance and user experience.
4. Update and modify existing websites to enhance visual appeal and usability.
5. Work on database management and optimization using MySQL.
6. Utilize Bootstrap to create responsive and mobile-friendly designs.
7. Write clean, efficient, and well-documented code to meet project requirements.

If you are passionate about web development and eager to expand your skills, apply now to be a part of our innovative team!. Bootstrap , HTML , JavaScript , MySQL , PHP , WordPress","business analytics intern business analytics php, wordpress, html, javascript, bootstrap, mysql We are excited to announce an opportunity for a dynamic Web Development intern to join our team. If you have a strong foundation in HTML, JavaScript, WordPress, MySQL, Bootstrap, and PHP, we want to h",unknown,internship,no experience required,"₹ 7,000 /month +  Incentives",https://internshala.com/internship/detail/business-analytics-internship-in-gurgaon-at-natwest-group1710479537,internshala
394,artificial intelligence (ai) intern (remote),Seequenze Technologies,artificial intelligence,"tailwind css, html&css, javascript, reactjs","Selected intern's day-to-day responsibilities include:

1. Undergo training sessions focused on Tailwind CSS, ReactJS, and other relevant technologies
2. Work remotely as part of a distributed team, collaborating closely with mentors and peers to develop responsive web applications
3. Create and maintain responsive components, as per details provided by design team
4. Demonstrate your skills and potential during the internship period to secure a full-time employment offer based on performance

Required Qualifications:

1. Proficiency in HTML, CSS, and JavaScript
2. Familiarity with Tailwind CSS and ReactJS
3. Strong problem-solving skills and attention to detail
4. Ability to work effectively in a remote team environment
5. Excellent communication and time management skills
6. Currently pursuing a degree in Computer Science, Engineering, or a related field. HTML&CSS , JavaScript , ReactJS , Tailwind CSS","artificial intelligence (ai) intern (remote) artificial intelligence tailwind css, html&css, javascript, reactjs Selected intern's day-to-day responsibilities include:

1. Undergo training sessions focused on Tailwind CSS, ReactJS, and other relevant technologies
2. Work remotely as part of a distributed team, c",unknown,internship,no experience required,"₹ 15,000 /month",https://internshala.com/internship/detail/work-from-home-artificial-intelligence-ai-internship-at-seequenze-technologies1710479369,internshala
395,artificial intelligence & machine learning intern,NatWest Group,artificial intelligence,"php, flutter, wordpress, javascript, reactjs, android, angularjs, mongodb, laravel, css","We are looking for Bangalore-based candidates who can work from the office.

Selected intern's day-to-day responsibilities include: 

1. Work with PHP and MySQL to design
2. Develop and debug web applications
3. Integrate back-end services with PHP/JavaScript based front end needs
4. Work with the team to manage, optimize, and customize multiple web applications.
5. Create and maintain technical documentation

Skills required:

1. WordPress development knowledge
2. Flutter knowledge. Android , AngularJS , CSS , Flutter , JavaScript , LARAVEL , MongoDB , PHP , ReactJS , WordPress","artificial intelligence & machine learning intern artificial intelligence php, flutter, wordpress, javascript, reactjs, android, angularjs, mongodb, laravel, css We are looking for Bangalore-based candidates who can work from the office.

Selected intern's day-to-day responsibilities include: 

1. Work with PHP and MySQL to design
2. Develop and debug web appl",unknown,internship,no experience required,"₹ 8,000 /month",https://internshala.com/internship/detail/artificial-intelligence-machine-learning-internship-in-gurgaon-at-natwest-group1710478983,internshala
397,web development intern,Navkar Jewels,software engineering,wordpress,"Selected intern's day-to-day responsibilities include:

1. Working on client interaction, client satisfaction
2. Working on technical liaison
3. Working on website health checks, website maintenance, and website edits
4. Working on Google business profile management
5. Working on analytics oversight & support with web tools
6. Maintaining quality assurance
7. Collaborating with the team and working on documentation and reporting. WordPress","web development intern software engineering wordpress Selected intern's day-to-day responsibilities include:

1. Working on client interaction, client satisfaction
2. Working on technical liaison
3. Working on website health checks, website maintenance, ",unknown,internship,no experience required,"₹ 20,000 /month",https://internshala.com/internship/detail/web-development-internship-in-multiple-locations-at-navkar-jewels1710413914,internshala
398,tailwind css & reactjs development intern (part time/remote),Aeonaxy Technologies Private Limited,web development,"redux, rest api, javascript, reactjs, bootstrap, firebase, css","Selected intern's day-to-day responsibilities include:

1. Developing web applications using ReactJS and Firebase with state management knowledge
2. Working on using GitHub for version control
3. Deploying apps in Firebase (GCP)
4. Working with the team and accomplishing assigned tasks
5. Creating and maintaining technical documentation. Bootstrap , CSS , Firebase , JavaScript , ReactJS , Redux , REST API","tailwind css & reactjs development intern (part time/remote) web development redux, rest api, javascript, reactjs, bootstrap, firebase, css Selected intern's day-to-day responsibilities include:

1. Developing web applications using ReactJS and Firebase with state management knowledge
2. Working on using GitHub for version control
3. Depl",unknown,internship,no experience required,"₹ 3,000-8,000 /month",https://internshala.com/internship/detail/work-from-home-part-time-tailwind-css-reactjs-development-internship-at-aeonaxy-technologies-private-limited1710403618,internshala
399,full stack development intern,Techmonkshub Technology Solutions,web development,"next.js, reactjs, rest api","Are you a talented Reactjs development intern looking to gain hands-on experience in a fast-paced environment? Join the ThePortfolyo team and be a part of our dynamic tech-savvy culture! 

Selected intern's day-to-day responsibilities include:

1. Collaborate with our development team to create user-friendly web applications using ReactJS
2. Implement REST APIs to enhance the functionality and performance of our platforms
3. Assist in troubleshooting and debugging technical issues to ensure smooth operation
4. Stay updated on the latest trends and advancements in ReactJS development to bring innovative ideas to the table
5. Work closely with UI/UX designers to ensure seamless integration of design elements
6. Take on challenging projects and contribute to the growth and success of ThePortfolyo

If you are passionate about ReactJS development and eager to learn and grow in a supportive environment, apply now and kickstart your career with us!. Next.js , ReactJS , REST API","full stack development intern web development next.js, reactjs, rest api Are you a talented Reactjs development intern looking to gain hands-on experience in a fast-paced environment? Join the ThePortfolyo team and be a part of our dynamic tech-savvy culture! 

Selected in",unknown,internship,no experience required,"₹ 10,000 /month +  Incentives",https://internshala.com/internship/detail/full-stack-development-internship-in-bangalore-at-techmonkshub-technology-solutions1710395298,internshala
400,quant research intern (part time),Newberry Group,research,"search engine marketing (sem), english proficiency (spoken), wordpress, english proficiency (written)","Selected intern's day-to-day responsibilities include: 

1. Teaching WordPress to the students on selected days
2. Explaining SEO and SEM alongside creating a webpage on WordPress
3. Preparing assignments and tests. English Proficiency (Spoken) , English Proficiency (Written) , Search Engine Marketing (SEM) , WordPress","quant research intern (part time) research search engine marketing (sem), english proficiency (spoken), wordpress, english proficiency (written) Selected intern's day-to-day responsibilities include: 

1. Teaching WordPress to the students on selected days
2. Explaining SEO and SEM alongside creating a webpage on WordPress
3. Preparing assignm",unknown,internship,no experience required,"₹ 2,000 /month",https://internshala.com/internship/detail/part-time-quant-research-internship-in-mumbai-at-newberry-group1710395041,internshala
401,website support engineer intern (remote),ZealousWeb,general,"php, html, bootstrap, mysql, css","Selected intern's day-to-day responsibilities include providing training support (answering student queries) for the web development training offered on Internshala Trainings (http://trainings.internshala.com). 


Note: You will be required to devote 2-3 hours for 6 days a week.. Bootstrap , CSS , HTML , MySQL , PHP","website support engineer intern (remote) general php, html, bootstrap, mysql, css Selected intern's day-to-day responsibilities include providing training support (answering student queries) for the web development training offered on Internshala Trainings (http://trainings.interns",unknown,internship,no experience required,"₹ 5,000 /month +  Incentives",https://internshala.com/internship/detail/work-from-home-website-support-engineer-internship-at-zealousweb1710393446,internshala
402,reactjs development intern (remote),Resolute AI Software Private Limited,web development,"flask, computer vision, apis, deep learning","Selected intern's day-to-day responsibilities include: 

1. Develop a video analytic/action recognition application
2. Develop API for the same
3. Work on deploying on Netlify
4. Work on testing
5. Work on documentation. APIs , Computer Vision , Deep Learning , Flask","reactjs development intern (remote) web development flask, computer vision, apis, deep learning Selected intern's day-to-day responsibilities include: 

1. Develop a video analytic/action recognition application
2. Develop API for the same
3. Work on deploying on Netlify
4. Work on testing
5. Wo",unknown,internship,no experience required,"₹ 1,000 /month",https://internshala.com/internship/detail/work-from-home-reactjs-development-internship-at-resolute-ai-software-private-limited1710326785,internshala
403,reactjs development intern (part time/remote),ThePortfolyo,web development,"wordpress, html, english proficiency (spoken), english proficiency (written), css","Selected intern's day-to-day responsibilities include:

1. Handling WordPress page designs using page builders (Elementor, WPBakery, Divi, etc.)
2. Working on the content management system for WordPress
3. Working on CSS, HTML5, and minor optimizations. CSS , English Proficiency (Spoken) , English Proficiency (Written) , HTML , WordPress","reactjs development intern (part time/remote) web development wordpress, html, english proficiency (spoken), english proficiency (written), css Selected intern's day-to-day responsibilities include:

1. Handling WordPress page designs using page builders (Elementor, WPBakery, Divi, etc.)
2. Working on the content management system for WordPre",unknown,internship,no experience required,"₹ 3,000-9,000 /month",https://internshala.com/internship/detail/work-from-home-part-time-reactjs-development-internship-at-theportfolyo1710245019,internshala
404,teaching (wordpress) intern (part time/remote),GEMA Education Technology Private Limited,content writing,content writing,"Selected intern's day-to-day responsibilities include:

1. Work on full stack web app development- MERN STACK
2. Work on UI/UX remap & structure
3. Work on backend APIs
4. Report to mentor on daily basis. Certificate ,  Letter of recommendation ,  Flexible work hours ,  5 days a week","teaching (wordpress) intern (part time/remote) content writing content writing Selected intern's day-to-day responsibilities include:

1. Work on full stack web app development- MERN STACK
2. Work on UI/UX remap & structure
3. Work on backend APIs
4. Report to mentor on daily ba",unknown,internship,no experience required,"₹ 2,000 /month",https://internshala.com/internship/detail/work-from-home-part-time-teaching-wordpress-internship-at-gema-education-technology-private-limited1710161918,internshala
405,web development teaching assistant intern (part time/remote),Internshala Trainings,general,"data analytics, python, machine learning","Selected intern's day-to-day responsibilities include:

1. Assessing a given problem can be addressed using advanced data analytics and/or various ML techniques
2. Working on ideas for data collection
3. Cleaning & structuring the data by applying feature-engineering techniques
4. Training models for designing, developing, and implementing POCs

Requirements:

1. Should be willing to work as an individual contributor when necessary
2. Extensive programming experience in Python
3. Familiar with various machine learning techniques and libraries.
4. Strong preference for programming experience in Numpy, Pandas, and Matplotlib libraries
5. Knowledge of basic statistical methods Random Forest, Linear Regression, Logistic Regression, and other such methods. Data Analytics , Machine Learning , Python","web development teaching assistant intern (part time/remote) general data analytics, python, machine learning Selected intern's day-to-day responsibilities include:

1. Assessing a given problem can be addressed using advanced data analytics and/or various ML techniques
2. Working on ideas for data collection",unknown,internship,no experience required,"₹ 15,000 /month",https://internshala.com/internship/detail/work-from-home-part-time-web-development-teaching-assistant-internship-at-internshala-trainings1710156015,internshala
406,python/flask development intern (remote),Druidot Consulting Private Limited,software engineering,"android, git, dart, flutter","Flutter Developer Job Description
As a Flutter Developer, you will be in charge of reviewing the software specifications and UI mockups, developing a cross-browser mobile application from scratch, and leading the application testing effort. You'll work alongside a backend developer, as well as a UI designer to ensure you create high-performing application with a a smooth user experience.
Roles and Responsibilities: 
Designing, developing, testing, maintaining, and deploying software in the Flutter framework and Dart language.
Developing user interface components and implementing them by following well-known Flutter / Dart workflows and practices.
Communicating with product and engineering leads to implement business and project objectives.
Code review of team members' commits as part of CI/CD cycle.
Participate in testing, quality assurance and bug fixes as part of the CI/CD cycle.

Qualifications and Requirements:
1 years of experience developing mobile apps natively in iOS and/or Android.
1 years of commercial experience developing and delivering Flutter based apps.
Good understanding of state management, Flutter flavors and app architecture.
Strong communications and consultative skills. Self-initiated and proactive.
Experience in a remote software development environment.
Experience with building apps and software for consumer goods is a bonus.
Degree in software engineering, computer science, or software development is a plus.
Nice to haves: Firebase, PWA (Progressive Web Apps).. Android , Dart , Flutter , Git","python/flask development intern (remote) software engineering android, git, dart, flutter Flutter Developer Job Description
As a Flutter Developer, you will be in charge of reviewing the software specifications and UI mockups, developing a cross-browser mobile application from scratch, and",unknown,internship,no experience required,"₹ 15,000 /month",https://internshala.com/internship/detail/work-from-home-python-flask-development-internship-at-druidot-consulting-private-limited1710143793,internshala
407,wordpress design intern (part time/remote),Honest Web Designs,ui ux design,"data science, neural networks, data structures, python, machine learning, deep learning, natural language processing (nlp)","Selected intern's day-to-day responsibilities include: 

1. Work on automate chat
2. Work on automate comment replies
3. Research and development to make all the processes easier. Data Science , Data Structures , Deep Learning , Machine Learning , Natural Language Processing (NLP) , Neural Networks , Python","wordpress design intern (part time/remote) ui ux design data science, neural networks, data structures, python, machine learning, deep learning, natural language processing (nlp) Selected intern's day-to-day responsibilities include: 

1. Work on automate chat
2. Work on automate comment replies
3. Research and development to make all the processes easier. Data Science , Data ",unknown,internship,no experience required,"₹ 3,000 /month +  Incentives",https://internshala.com/internship/detail/work-from-home-part-time-wordpress-design-internship-at-honest-web-designs1710136868,internshala
408,web development intern (part time/remote),Emoolar Technology Private Limited,software engineering,"android, php, wordpress","Selected intern's day-to-day responsibilities include developing the website entirely, including the front end and back end.. Android , PHP , WordPress","web development intern (part time/remote) software engineering android, php, wordpress Selected intern's day-to-day responsibilities include developing the website entirely, including the front end and back end.. Android , PHP , WordPress",unknown,internship,no experience required,"₹ 3,000-7,000 /month",https://internshala.com/internship/detail/work-from-home-part-time-web-development-internship-at-emoolar-technology-private-limited1709985951,internshala
409,python development intern,Silfra Technologies,software engineering,"ms-excel, ms-powerpoint, ms-office","About Us: At Tech for Social Good we are a technology implementation agency dedicated to supporting NGOs in setting up, training, and adopting tech platforms. Currently, we're offering internship opportunities to train individuals in delivering tech projects for NGOs. Upon successful completion of the internship, we plan to hire the trainees for a full-time work-from-home role.

Skills: We seek candidates with good English communication skills and a basic understanding of computer applications like Word, Excel, PowerPoint, and emails.

Selected intern's day-to-day responsibilities include:

1. Learning new tech platforms like Zoho, HubSpot, etc. (not coding and training will be given by us).
2. Setting up tech platforms.
3. Handling emails.
4. Participating in team and client calls.
5. Documentation work.

Position Details:

1. This is a work-from-home full-time position.
2. The first 3 months involve on-the-job training/internship with a stipend of    1000.
3. From the 4th month onwards, interns will be hired if their performance is satisfactory, with a monthly salary of 15,000. Weekends (Saturday and Sunday) are off.

Requirements:

1. At least one year of experience in any field with strong communication skills and computer proficiency
2. Immediate availability for work-from-home internship.
3. Not presently enrolled in a full-time course, as we intend to provide training with the possibility of future full-time employment.
4. Must have a personal laptop (as the org doesn't provide laptops).
5. Women wanting to start/restart their careers are encouraged to apply.. MS-Excel , MS-Office , MS-PowerPoint","python development intern software engineering ms-excel, ms-powerpoint, ms-office About Us: At Tech for Social Good we are a technology implementation agency dedicated to supporting NGOs in setting up, training, and adopting tech platforms. Currently, we're offering internship oppo",unknown,internship,no experience required,"₹ 1,000 /month",https://internshala.com/internship/detail/python-development-internship-in-bangalore-at-silfra-technologies1709980848,internshala
410,flutter development intern,Silfra Technologies,mobile development,"javascript, reactjs, mongodb, node.js, mysql","Selected intern's day-to-day responsibilities include: 

1. Working on Express framework along with multiple databases
2. Working on various other Node.js frameworks
3. Writing unit tests using Mocha framework, including other testing frameworks
4. Working on NextJS, ReactJS and other frontend frameworks. JavaScript , MongoDB , MySQL , Node.js , ReactJS","flutter development intern mobile development javascript, reactjs, mongodb, node.js, mysql Selected intern's day-to-day responsibilities include: 

1. Working on Express framework along with multiple databases
2. Working on various other Node.js frameworks
3. Writing unit tests using Mocha ",unknown,internship,no experience required,"₹ 10,000-12,000 /month",https://internshala.com/internship/detail/flutter-development-internship-in-multiple-locations-at-silfra-technologies1709974424,internshala
411,artificial intelligence (ai) intern,Urban NXT,artificial intelligence,"effective communication, cad","Selected intern's day-to-day responsibilities include: 

1. Working on various software to understand energy modeling
2. Dealing with the clients and guiding them to build the green building and also supporting them in choosing the right material
3. Designing the green building parameters for an ideal home
4. Performing other tasks as and when required according to the job profile

Note:

1. Learning about various green building rating systems
2. Understanding the guidelines such as GRIHA, IGBC, etc.. CAD , Effective Communication","artificial intelligence (ai) intern artificial intelligence effective communication, cad Selected intern's day-to-day responsibilities include: 

1. Working on various software to understand energy modeling
2. Dealing with the clients and guiding them to build the green building and also ",unknown,internship,no experience required,"₹ 6,000-10,000 /month",https://internshala.com/internship/detail/artificial-intelligence-ai-internship-in-mumbai-at-urban-nxt1709886019,internshala
412,web development intern,Star Production,software engineering,"php, wordpress, html, javascript, css","Selected intern's day-to-day responsibilities include: 

1) Website Development: Assist in building and maintaining WordPress websites, including theme customization, plugin integration, and content updates.
2) Troubleshooting: Identify and resolve technical issues related to WordPress websites, such as performance optimization, compatibility problems, and security vulnerabilities.
3) Content Management: Upload and format content, including text, images, and multimedia elements, to ensure consistency and quality across websites.
4) Quality Assurance: Conduct thorough testing to ensure websites are functional, responsive, and user-friendly across various devices and browsers.
5) Documentation: Document processes, procedures, and best practices to facilitate knowledge sharing and ensure the maintainability of websites.
6) Work on integration of different software used in the company
7) Fixing other technical issues. CSS , HTML , JavaScript , PHP , WordPress","web development intern software engineering php, wordpress, html, javascript, css Selected intern's day-to-day responsibilities include: 

1) Website Development: Assist in building and maintaining WordPress websites, including theme customization, plugin integration, and content u",unknown,internship,no experience required,"₹ 7,500 /month",https://internshala.com/internship/detail/web-development-internship-in-delhi-at-star-production1709831626,internshala
413,tech project delivery intern (remote),Tech For Social Good,general,"html, php, laravel, mysql","Are you a talented PHP Developer looking to gain valuable hands-on experience in the tech industry? NextGen Techno Ventures Private Limited is seeking a dynamic PHP Development intern with expertise in Laravel, PHP, MySQL, and HTML to join our innovative team. As an intern, you will have the opportunity to work on exciting projects, learn from experienced developers, and make a real impact on our products. 

Key Responsibilities:
1. Collaborate with senior developers to build and maintain web applications using Laravel framework
2. Write clean, efficient, and well-documented code in PHP and MySQL
3. Develop responsive web interfaces using HTML, CSS, and JavaScript
4. Troubleshoot and debug issues to ensure optimal performance and user experience
5. Assist in testing and deploying software updates and enhancements
6. Stay current on industry trends and technologies to contribute fresh ideas to the team
7. Participate in team meetings and contribute to project planning and strategy discussions

If you are passionate about web development and eager to learn, this is the perfect opportunity for you to kickstart your career. Apply now and take the first step towards becoming a successful PHP developer with NextGen Techno Ventures Private Limited.. HTML , LARAVEL , MySQL , PHP","tech project delivery intern (remote) general html, php, laravel, mysql Are you a talented PHP Developer looking to gain valuable hands-on experience in the tech industry? NextGen Techno Ventures Private Limited is seeking a dynamic PHP Development intern with expertise i",unknown,internship,no experience required,"₹ 6,000 /month",https://internshala.com/internship/detail/work-from-home-tech-project-delivery-internship-at-tech-for-social-good1709809088,internshala
414,javascript development intern,W3Dev,web development,"dart, apis, flutter","Selected intern's day-to-day responsibilities include: 

1. Develop, test, and deploy high-quality cross-platform mobile applications using the Flutter framework
2. Collaborate with cross-functional teams, including designers and other developers, to conceptualize, design, and implement new features
3. Ensure the performance, security, and responsiveness of mobile applications
4. Integrate and interact with various databases, ensuring seamless data management and responsiveness within mobile applications
5. Work alongside other team members and stakeholders to devise effective database architecture and design
6. Write clean, efficient, and well-documented code in Dart language
7. Identify and resolve bugs, as well as optimize performance bottlenecks within the applications
8. Develop and maintain APIs to facilitate communication between front-end and back-end systems for mobile applications
9. Collaborate with other teams to understand and implement API requirements
10. Utilize version control systems like Git to manage code changes and collaborate effectively with team members
11. Conduct comprehensive testing of mobile applications, identifying and rectifying defects
12. Collaborate with QA teams to ensure the overall quality and reliability of the final product
13. Create and maintain project documentation, including technical specifications and user manuals for mobile applications. APIs , Dart , Flutter","javascript development intern web development dart, apis, flutter Selected intern's day-to-day responsibilities include: 

1. Develop, test, and deploy high-quality cross-platform mobile applications using the Flutter framework
2. Collaborate with cross-functional t",unknown,internship,no experience required,"₹ 5,000-7,000 /month",https://internshala.com/internship/detail/javascript-development-internship-in-noida-at-w3dev1709794895,internshala
416,wordpress development intern,Custom Elements Private Limited,web development,"android, flutter, ios","Are you a passionate Flutter developer looking to kickstart your career in an innovative tech company? Look no further! Mtoag Technology is seeking a talented Flutter Development intern with expertise in Flutter, iOS, and Android to join our dynamic team.

Key Responsibilities:
1. Work closely with our development team to design and implement delightful mobile applications using Flutter.
2. Collaborate with designers and product managers to deliver high-quality user experiences.
3. Write clean, maintainable, and efficient code following best practices.
4. Conduct thorough testing and debugging of applications to ensure optimal performance.
5. Stay updated on the latest technologies and trends in mobile development.
6. Participate in code reviews and provide constructive feedback to team members.
7. Assist in the optimization and improvement of existing mobile applications.

If you are a driven individual with a passion for mobile development and a desire to learn and grow in a fast-paced environment, we want to hear from you! Join us at Mtoag Technology and take your career to the next level. Apply now!. Android , Flutter , iOS","wordpress development intern web development android, flutter, ios Are you a passionate Flutter developer looking to kickstart your career in an innovative tech company? Look no further! Mtoag Technology is seeking a talented Flutter Development intern with expertise",unknown,internship,no experience required,"₹ 2,000-8,000 /month",https://internshala.com/internship/detail/wordpress-development-internship-in-bangalore-at-custom-elements-private-limited1709704680,internshala
417,php development intern,NextGen Techno Ventures Private Limited,software engineering,"data science, statistics, python, machine learning, data analytics, ms-excel, research and analytics, natural language processing (nlp)","Selected intern's day-to-day responsibilities include: 

1. Analyze key performance metrics and competitive trends
2. Create forecasts using operational and statistical tools and models
3. Direct queries and analyze databases and logs to produce daily, weekly, and monthly reports
4. Make recommendations regarding process improvement and help develop performance policies and procedures
5. Automate website experimentation and engagement tasks
6. Research and implement ML and AI projects to empower website analytics business cases

Additional information:

We've helped many candidates build their careers in the field of data science and we look forward to finding our next star candidate in you. All the best.

https://www.linkedin.com/company/fittlyf/about/. Data Analytics , Data Science , Machine Learning , MS-Excel , Natural Language Processing (NLP) , Python , Research and Analytics , Statistics","php development intern software engineering data science, statistics, python, machine learning, data analytics, ms-excel, research and analytics, natural language processing (nlp) Selected intern's day-to-day responsibilities include: 

1. Analyze key performance metrics and competitive trends
2. Create forecasts using operational and statistical tools and models
3. Direct quer",unknown,internship,no experience required,"₹ 3,000 /month",https://internshala.com/internship/detail/php-development-internship-in-mumbai-at-nextgen-techno-ventures-private-limited1709653255,internshala
418,flutter development intern,NextGen Techno Ventures Private Limited,mobile development,"html, redux, tailwind css, reactjs","Selected intern's day-to-day responsibilities include: 

1. Collaborate with the development team to design, develop, and maintain web applications using Next.js 
2. Assist in implementing user interfaces and improving user experience 
3. Write clean, efficient, and well-documented code 
4. Troubleshoot and debug applications to optimize performance 
5. Collaborate with cross-functional teams to define, design, and ship new features 
6. Stay up-to-date with emerging technologies and industry trends. HTML , ReactJS , Redux , Tailwind CSS","flutter development intern mobile development html, redux, tailwind css, reactjs Selected intern's day-to-day responsibilities include: 

1. Collaborate with the development team to design, develop, and maintain web applications using Next.js 
2. Assist in implementing user interf",unknown,internship,no experience required,"₹ 5,000-7,000 /month",https://internshala.com/internship/detail/flutter-development-internship-in-mumbai-at-nextgen-techno-ventures-private-limited1709617103,internshala
419,ethical hacking intern,Prime Infoserv LLP,cybersecurity,"html, javascript, mongodb, node.js, mysql, express.js","Selected intern's day-to-day responsibilities include: 

1. Node.js Development: 
a. Craft, test, and deploy top-tier web applications using Node.js and its frameworks 
b. Collaborate closely with interdisciplinary teams, including designers and fellow developers, to conceptualize, design, and launch innovative features 
c. Ensure the performance, security, and responsiveness of web applications built on Node.js 

2. Database Management: 
a. Design and manage databases, ensuring optimal performance and responsiveness 
b. Collaborate with team members and stakeholders to architect and design database structures 

3. Code Optimization: 
a. Write well-structured, efficient, and comprehensively documented code 
b. Identify and rectify bugs and performance constraints 

4. Integration: 
a. Seamlessly integrate data from various back-end services and databases 
b. Work collaboratively with developers to integrate user-facing elements through server-side logic 

5. API Development: 
a. Develop and maintain APIs to facilitate seamless communication between front-end and back-end systems 
b. Work in conjunction with multiple teams to comprehend and implement API prerequisites 

6. Version Control: Utilize version control systems (e.g., Git) to monitor changes and engage in collaborative development efforts 

7. Testing: 
a. Perform thorough testing of applications, pinpointing and rectifying defects 
b. Collaborate closely with quality assurance teams to ensure the ultimate quality of the end product 

8. Documentation: Create and update project documentation, encompassing technical specifications and user manuals. Express.js , HTML , JavaScript , MongoDB , MySQL , Node.js","ethical hacking intern cybersecurity html, javascript, mongodb, node.js, mysql, express.js Selected intern's day-to-day responsibilities include: 

1. Node.js Development: 
a. Craft, test, and deploy top-tier web applications using Node.js and its frameworks 
b. Collaborate closely with int",unknown,internship,no experience required,"₹ 5,000-7,000 /month",https://internshala.com/internship/detail/ethical-hacking-internship-in-bhubaneswar-at-prime-infoserv-llp1709616424,internshala
420,flutter development intern,Mtoag Technology,mobile development,"node.js, mongodb, javascript, reactjs","Selected intern's day-to-day responsibilities include: 

1. Design the architecture of a complex software
2. Finalize development plan
3. Develop the application from scratch and co-work with team members. JavaScript , MongoDB , Node.js , ReactJS","flutter development intern mobile development node.js, mongodb, javascript, reactjs Selected intern's day-to-day responsibilities include: 

1. Design the architecture of a complex software
2. Finalize development plan
3. Develop the application from scratch and co-work with team mem",unknown,internship,no experience required,"₹ 10,000 /month",https://internshala.com/internship/detail/flutter-development-internship-in-jaipur-at-mtoag-technology1709552240,internshala
421,data science - statistics intern (remote),Fittlyf,data science,ethical hacking,"Selected intern's day-to-day responsibilities include: 

1. Work on web application audit
2. Handle mobile application audit
3. Handle network audit
4. Do a secure code review. Ethical Hacking","data science - statistics intern (remote) data science ethical hacking Selected intern's day-to-day responsibilities include: 

1. Work on web application audit
2. Handle mobile application audit
3. Handle network audit
4. Do a secure code review. Ethical Hacking",unknown,internship,no experience required,"₹ 5,000 /month",https://internshala.com/internship/detail/work-from-home-data-science-statistics-internship-at-fittlyf1709547683,internshala
422,reactjs development intern,NextGen Techno Ventures Private Limited,web development,"tailwind css, typescript, html&css, figma","We are seeking a talented and motivated individual to join our growing team as a Front-End Developer & Designer. In this exciting role, you will play a key part in building and maintaining our web applications, ensuring they are not only functional but also visually stunning and user-friendly.

Responsibilities:
    Design and develop user interfaces using SvelteKit and TailwindCSS
    Translate design mockups and prototypes into clean, maintainable code
    Develop reusable components and implement design patterns
    Optimize websites for performance and accessibility
    Collaborate with designers and back-end developers to ensure seamless integration
    Stay up-to-date with the latest front-end technologies and trends
    Contribute to a culture of innovation and continuous improvement

Qualifications:
    Strong understanding of HTML, CSS, and JavaScript
    Proficient in SvelteKit and TailwindCSS
    Experience with accessibility best practices
    Strong problem-solving and analytical skills
    Excellent communication and collaboration skills
    Passion for design and user experience
    Bonus points for experience with: TypeScript, GraphQL, UI/UX design tools (Figma, Sketch). Figma , HTML&CSS , Tailwind CSS , TypeScript","reactjs development intern web development tailwind css, typescript, html&css, figma We are seeking a talented and motivated individual to join our growing team as a Front-End Developer & Designer. In this exciting role, you will play a key part in building and maintaining our web app",unknown,internship,no experience required,"₹ 15,000-20,000 /month",https://internshala.com/internship/detail/reactjs-development-internship-in-mumbai-at-nextgen-techno-ventures-private-limited1709554672,internshala
423,node.js development intern,NextGen Techno Ventures Private Limited,web development,"angular 7.0, rest api, javascript, reactjs, github, node.js, ui & ux design, css","Selected intern's day-to-day responsibilities include:

1. Develop new user-facing features by working closely with product management and development teams
2. Interact with the product management team to understand the requirements
3. Build high-quality and robust features
4. Create elegant, responsive, and interactive interfaces across multiple devices
5. Write well-crafted, well-tested, readable, reusable modules and maintainable code 
6. Work with backend engineers on the design and implementation of features

Qualification & skills required:

1. Solid experience in Javascript, TypeScript, HTML5, CSS / SASS
2. Familiar with JavaScript framework/libraries such as Angular, and React preferred
3. Strong in OOP, Functional, Reactive Programming, and MVC concepts in JavaScript
4. Solid grasp of RESTful web services and WebSockets
5. Familiarity with d3.js or other chart libraries is preferred
6. Basic knowledge of image authoring tools such as Gimp or Photoshop is a plus
7. Experience debugging using tools like Chrome Developer Console
8. Team player with excellent communication skills
9. B.E/B.Tech or M.Tech in computer science or a related field is required with (more than 70% aggregate preferred). Angular 7.0 , CSS , GitHub , JavaScript , Node.js , ReactJS , REST API , UI & UX Design","node.js development intern web development angular 7.0, rest api, javascript, reactjs, github, node.js, ui & ux design, css Selected intern's day-to-day responsibilities include:

1. Develop new user-facing features by working closely with product management and development teams
2. Interact with the product management tea",unknown,internship,no experience required,"₹ 18,000-25,000 /month",https://internshala.com/internship/detail/nodejs-development-internship-in-mumbai-at-nextgen-techno-ventures-private-limited1709554501,internshala
424,full stack development intern (remote),Kavya R G,web development,"javascript, react native, rest api","Alemeno is a dynamic and rapidly growing technology company. We are looking for a skilled React Native developer to join our team. As a React Native developer at Alemeno, you will play a pivotal role in building cross-platform mobile applications that provide a seamless and consistent user experience.

Selected intern's day-to-day responsibilities include:

1. Build high-performance cross-platform applications using react native
2. Resolve performance and functional issues; help team members troubleshoot complex issues
3. Certify and submit apps to Play Store
4. Work in an Agile team and collaborate with architects, mentorsand junior engineers
5. Keep yourself and the team abreast of latest evolutions in the Android and iOS domains. JavaScript , React Native , REST API","full stack development intern (remote) web development javascript, react native, rest api Alemeno is a dynamic and rapidly growing technology company. We are looking for a skilled React Native developer to join our team. As a React Native developer at Alemeno, you will play a pivotal role ",unknown,internship,no experience required,"₹ 15,000-20,000 /month",https://internshala.com/internship/detail/work-from-home-full-stack-development-internship-at-kavya-r-g1709437962,internshala
425,ethical hacking intern,Prime Infoserv LLP,cybersecurity,"cloud computing, content writing, email marketing, robotic process automation (rpa), machine learning, lead generation, business analysis, content marketing, digital marketing","Selected intern's day-to-day responsibilities include:

1. Utilize the LinkedIn platform predominantly to identify and qualify potential leads and prospects for digital transformation services
2. Research target markets, industries, and organizations to find key decision-makers
3. Employ effective search techniques on LinkedIn to build a database of potential clients based on specific criteria and requirements
4. Execute strategies to promote digital transformation services effectively
5. Create compelling and engaging content on LinkedIn, including articles, posts, and updates, to showcase our expertise and attract the attention of target audiences
6. Engage with prospects through messages, groups, and building connections
7. Nurture existing client relationships and ensure regular communication
8. Align efforts with sales and marketing teams for cohesive lead generation
9. Track metrics and provide industry insights. Business Analysis , Cloud Computing , Content Marketing , Content Writing , Digital Marketing , Email Marketing , Lead Generation , Machine Learning , Robotic Process Automation (RPA)","ethical hacking intern cybersecurity cloud computing, content writing, email marketing, robotic process automation (rpa), machine learning, lead generation, business analysis, content marketing, digital marketing Selected intern's day-to-day responsibilities include:

1. Utilize the LinkedIn platform predominantly to identify and qualify potential leads and prospects for digital transformation services
2. Rese",unknown,internship,no experience required,"₹ 10,000-15,000 /month",https://internshala.com/internship/detail/ethical-hacking-internship-in-delhi-at-prime-infoserv-llp1709368086,internshala
426,front end development intern (remote),Smollan India Private Limited,web development,"html, react, mongodb, node.js, css","Selected intern's day-to-day responsibilities include: 

1. Develop and maintain user-facing features using ReactJS and related technologies (HTML, CSS, JavaScript)
2. Design and implement responsive user interfaces
3. Write clean, well-documented, and reusable code
4. Work on staying up-to-date with the latest front-end trends and best practices
5. Develop and maintain server-side APIs and microservices using NodeJS and JavaScript
6. Design and implement efficient and scalable database solutions
7.  Troubleshoot and debug backend issues
8. Work on staying up-to-date with the latest NodeJS technologies and best practices
9. Collaborate effectively with designers, front-end developers, and other team members
10. Contribute to unit and integration testing efforts
11. Participate in code reviews and discussions. CSS , HTML , MongoDB , Node.js , React","front end development intern (remote) web development html, react, mongodb, node.js, css Selected intern's day-to-day responsibilities include: 

1. Develop and maintain user-facing features using ReactJS and related technologies (HTML, CSS, JavaScript)
2. Design and implement responsive ",unknown,internship,no experience required,"₹ 7,000-10,000 /month",https://internshala.com/internship/detail/work-from-home-front-end-development-internship-at-smollan-india-private-limited1709213840,internshala
427,front end development intern,COSGrid Systems Private Limited,web development,"html&css, javascript, wordpress, ui & ux design","Selected intern's day-to-day responsibilities include:

1. Turn designs into working WordPress themes using HTML, CSS, and JavaScript
2. Team up with graphic designers for smooth cooperation
3. Write code to match the design and work well on phones and tablets
4. Check that everything looks good on different browsers and devices
5. Make sure web pages are easy to find on search engines
6. Add in extra features like jQuery
7. Feel confident working on current projects and adding new stuff
8. Work with other developers and designers to get things done

Requirements:

1. Ability to turn Figma designs into WordPress websites that look just like the designs
2. Understanding of making websites that work well on all devices
3. Knowledge of UI layouts, SASS, Bootstrap, and CSS GRID
4. Experience in building websites that work on different browsers
5. Experience with custom animations using CSS and SVG
6. Proficiency in JavaScript, especially in changing how web pages look and act
7. Familiarity with Elementor and Revolution Slider WordPress Plugins
8. Understanding of adding Lottie animations
9. Ability to use SEO techniques

Do you resonate with our core values?
At the core of our DNA are values like hard work, honesty, putting customers first, and championing a team-first mindset. We firmly believe in putting the right people in the right roles and trusting them to do their thing. We're all in this together, taking ownership of what we do. It's all about ideas over egos, any day!. HTML&CSS , JavaScript , UI & UX Design , WordPress","front end development intern web development html&css, javascript, wordpress, ui & ux design Selected intern's day-to-day responsibilities include:

1. Turn designs into working WordPress themes using HTML, CSS, and JavaScript
2. Team up with graphic designers for smooth cooperation
3. Write ",unknown,internship,no experience required,"₹ 10,000-25,000 /month",https://internshala.com/internship/detail/front-end-development-internship-in-chennai-at-cosgrid-systems-private-limited1709195650,internshala
428,react native development intern (remote),Alemeno,mobile development,"data science, data analysis, python, r programming","Selected intern's day-to-day responsibilities include: 

1. Working on large datasets and processing/cleaning up data
2. Using specific formulas to create variables and measures
3. Generating visually appealing graphs/charts using the data and variables from the above two steps. Data Analysis , Data Science , Python , R Programming","react native development intern (remote) mobile development data science, data analysis, python, r programming Selected intern's day-to-day responsibilities include: 

1. Working on large datasets and processing/cleaning up data
2. Using specific formulas to create variables and measures
3. Generating visually",unknown,internship,no experience required,"₹ 1,000 /month",https://internshala.com/internship/detail/work-from-home-react-native-development-internship-at-alemeno1709194941,internshala
430,full stack development intern (remote),Advisoropedia,web development,"next.js, reactjs, mongodb, typescript, node.js","Selected intern's day-to-day responsibilities include:

1. Developing user interfaces using React.js, Next.js and implementing responsive designs
2. Building server-side logic and APIs using Node.js, TypeScript, and Express.js
3. Working with MongoDB to design schemas and perform CRUD operations
4. Integrating front-end and back-end components for seamless communication
5. Conducting testing and debugging to identify and fix bugs
6. Collaborating with the team to understand requirements and provide technical input. MongoDB , Next.js , Node.js , ReactJS , TypeScript","full stack development intern (remote) web development next.js, reactjs, mongodb, typescript, node.js Selected intern's day-to-day responsibilities include:

1. Developing user interfaces using React.js, Next.js and implementing responsive designs
2. Building server-side logic and APIs using Node.js, ",unknown,internship,no experience required,"₹ 10,000 /month",https://internshala.com/internship/detail/work-from-home-full-stack-development-internship-at-advisoropedia1709039963,internshala
431,wordpress development intern (remote),Deepvue Technologies,web development,"php, wordpress, figma, html, javascript, github, jquery, git, css","Selected intern's day-to-day responsibilities include:

1. Develop and customize existing WordPress themes or create custom themes from scratch using HTML, CSS, JavaScript, and PHP
2. Improve the user experience and interactivity of the website through the creation of animations and dynamic features
3. Ensure website compatibility with major browsers and mobile devices
4. Provide a great browsing experience to users, ensuring that the website is intuitive and easy to use
5. Keep the website updated and implement the features requested by the customer
6. Manage your activities independently while respecting the agreed deadlines

Requirements:

1. Excellent knowledge of WordPress and its development features
2. Ability to create custom themes for WordPress using PHP
3. Experience in using WordPress plugins to improve site functionality
4. Strong attention to detail and the quality of the work done
5. Excellent communication and time management skills
6. Willingness to work on ad hoc projects and meet agreed deadlines
7. Possession of computer equipment and stable and fast internet connection. CSS , Figma , Git , GitHub , HTML , JavaScript , jQuery , PHP , WordPress","wordpress development intern (remote) web development php, wordpress, figma, html, javascript, github, jquery, git, css Selected intern's day-to-day responsibilities include:

1. Develop and customize existing WordPress themes or create custom themes from scratch using HTML, CSS, JavaScript, and PHP
2. Improve the user",unknown,internship,no experience required,"₹ 10,000 /month",https://internshala.com/internship/detail/work-from-home-wordpress-development-internship-at-deepvue-technologies1709018044,internshala
432,data science intern- undergrad (summer 2023),Zscaler,data analytics,"data strategy, architecture, agile, data analytics, data analysis, data visualization",,"data science intern- undergrad (summer 2023) data analytics data strategy, architecture, agile, data analytics, data analysis, data visualization",us,internship,entry level,not specified,,open_internships
433,r&d data scientist intern (alternance),RYTE Corporation,data analytics,"engineering, python, keras, big data, computer science, deep learning",,"r&d data scientist intern (alternance) data analytics engineering, python, keras, big data, computer science, deep learning",europe,internship,entry level,not specified,,open_internships
434,alternance data analyst (h/f),SOMFY Group,data analytics,"r&d, excel, python, power bi, data analysis, r",,"alternance data analyst (h/f) data analytics r&d, excel, python, power bi, data analysis, r",unknown,full time,entry level,not specified,,open_internships
435,mlops engineer intern (alternance),RYTE Corporation,devops cloud,"azure, ci/cd, big data, databricks, computer science, deep learning",,"mlops engineer intern (alternance) devops cloud azure, ci/cd, big data, databricks, computer science, deep learning",europe,internship,entry level,not specified,,open_internships
436,data scientist (nlp & ml) intern (alternance),RYTE Corporation,machine learning,"docker, azure, c++, big data, computer science, deep learning",,"data scientist (nlp & ml) intern (alternance) machine learning docker, azure, c++, big data, computer science, deep learning",europe,internship,entry level,not specified,,open_internships
437,data analyst / data scientist intern (h/f/x) - july 2023,Shadow,data analytics,"kpis, agile, clustering, pandas, data analysis, data visualization",,"data analyst / data scientist intern (h/f/x) - july 2023 data analytics kpis, agile, clustering, pandas, data analysis, data visualization",europe,internship,entry level,not specified,,open_internships
438,data science intern,Zuora,data analytics,"finance, csv, avro, computer science, dynamodb, aws",,"data science intern data analytics finance, csv, avro, computer science, dynamodb, aws",us,internship,entry level,not specified,,internshala
439,data scientist - internship,Shippeo,data analytics,"mlops, engineering, machine learning, model design, a/b testing, ml models",,"data scientist - internship data analytics mlops, engineering, machine learning, model design, a/b testing, ml models",europe,internship,entry level,not specified,,open_internships
440,data scientist intern,"6sense Insights, Inc.",data analytics,"data analytics, business analytics, big data, data analysis, data visualization, apis",,"data scientist intern data analytics data analytics, business analytics, big data, data analysis, data visualization, apis",unknown,internship,entry level,not specified,,open_internships
441,data analytics intern,Chime,data analytics,"distributed systems, economics, banking, data analytics, data visualization, fintech",,"data analytics intern data analytics distributed systems, economics, banking, data analytics, data visualization, fintech",us,internship,entry level,not specified,,internshala
442,internship: it project manager - data integration (m/f/d),Shippeo,database,"engineering, kpis, agile",,"internship: it project manager - data integration (m/f/d) database engineering, kpis, agile",europe,internship,entry level,not specified,,open_internships
443,analytics engineer intern,Lacework,data analytics,"finance, bigquery, data warehouse, engineering, data analysis, computer science",,"analytics engineer intern data analytics finance, bigquery, data warehouse, engineering, data analysis, computer science",unknown,internship,entry level,not specified,,open_internships
444,"data analyst intern, business intelligence",Illumio,business analytics,"excel, data governance, security, sql, business intelligence",,"data analyst intern, business intelligence business analytics excel, data governance, security, sql, business intelligence",us,internship,entry level,not specified,,open_internships
445,applied scientist intern,Amazon.com,research,"engineering, machine learning, data analytics, data mining, big data, mathematics",,"applied scientist intern research engineering, machine learning, data analytics, data mining, big data, mathematics",us,full time,entry level,not specified,,open_internships
446,intern - machine learning,OpenX,machine learning,"azure, dataflow, big data, data analysis, computer science, aws",,"intern - machine learning machine learning azure, dataflow, big data, data analysis, computer science, aws",europe,internship,entry level,not specified,,open_internships
447,data science - intern,Coda Payments,data analytics,"finance, classification, engineering, machine learning, computer science, fintech",,"data science - intern data analytics finance, classification, engineering, machine learning, computer science, fintech",asia pacific,internship,entry level,not specified,,open_internships
448,data scientist - internship,Kpler,data analytics,"data quality, machine learning, git, data analysis, data visualization, ml models",,"data scientist - internship data analytics data quality, machine learning, git, data analysis, data visualization, ml models",europe,internship,entry level,not specified,,open_internships
449,intern program: data science intern,Publicis Groupe,data analytics,"statistics, cluster analysis, sas, privacy, data analysis",,"intern program: data science intern data analytics statistics, cluster analysis, sas, privacy, data analysis",us,internship,entry level,not specified,,open_internships
450,📈 nlp research intern,Infinitus,machine learning,"pytorch, research, phd, conversational ai, nlp, deep learning",,"📈 nlp research intern machine learning pytorch, research, phd, conversational ai, nlp, deep learning",us,internship,entry level,not specified,,open_internships
451,act two program - data engineer,NBCUniversal,data engineering,"agile, data analytics, airflow, big data, data management, computer science",,"act two program - data engineer data engineering agile, data analytics, airflow, big data, data management, computer science",us,full time,entry level,not specified,,open_internships
452,intern associate data analyst – undergrad – austin,Visa,data analytics,"excel, engineering, data analytics, data visualization, computer science, sql",,"intern associate data analyst – undergrad – austin data analytics excel, engineering, data analytics, data visualization, computer science, sql",us,internship,entry level,not specified,,open_internships
453,📊 data analyst intern - business & product ops,Infinitus,business analytics,"excel, bigquery, engineering, gcp, conversational ai, data visualization",,"📊 data analyst intern - business & product ops business analytics excel, bigquery, engineering, gcp, conversational ai, data visualization",us,internship,entry level,not specified,,open_internships
454,ai research scientist intern,Unbabel,artificial intelligence,"engineering, phd, machine learning, computer science, nlp, deep learning",,"ai research scientist intern artificial intelligence engineering, phd, machine learning, computer science, nlp, deep learning",europe,internship,entry level,not specified,,open_internships
455,internship - data science (for current students),Visa,data analytics,"data mining, big data, clustering, data analysis, econometrics, computer science",,"internship - data science (for current students) data analytics data mining, big data, clustering, data analysis, econometrics, computer science",africa,full time,entry level,not specified,,open_internships
456,stage 6 mois - data scientist junior h/f,METRO/MAKRO,data analytics,"python, big data, power bi, sql, r",,"stage 6 mois - data scientist junior h/f data analytics python, big data, power bi, sql, r",europe,full time,entry level,not specified,,open_internships
457,internship - master data management,Bosch Group,database,"excel, industrial, data analytics, data management, spark",,"internship - master data management database excel, industrial, data analytics, data management, spark",europe,internship,entry level,not specified,,open_internships
458,machine learning intern,Mercedes-Benz R&D North America,machine learning,"architecture, autonomous driving, agile, data analysis, computer science, ann",,"machine learning intern machine learning architecture, autonomous driving, agile, data analysis, computer science, ann",us,internship,entry level,not specified,,internshala
459,data science intern,Funding Societies,data analytics,"machine learning, a/b testing, data analysis, data visualization, computer science, fintech",,"data science intern data analytics machine learning, a/b testing, data analysis, data visualization, computer science, fintech",india,internship,entry level,not specified,,internshala
460,data engineering internship,"Cloudflare, Inc.",data engineering,"engineering, architecture, angular, data analytics, computer science, apis",,"data engineering internship data engineering engineering, architecture, angular, data analytics, computer science, apis",europe,internship,entry level,not specified,,open_internships
461,[intern] ai/ computer vision engineer,Bosch Group,artificial intelligence,"economics, engineering, computer vision, consulting, computer science, deep learning",,"[intern] ai/ computer vision engineer artificial intelligence economics, engineering, computer vision, consulting, computer science, deep learning",asia pacific,full time,entry level,not specified,,open_internships
462,r&d data scientist intern (alternance),RYTE Corporation,data analytics,"engineering, python, keras, big data, computer science, deep learning",,"r&d data scientist intern (alternance) data analytics engineering, python, keras, big data, computer science, deep learning",europe,internship,entry level,not specified,,open_internships
463,"software development engineer intern (summer 2023) - machine learning apps, acceleration, annapurna labs",Amazon.com,software engineering,"engineering, ec2, distributed systems, computer science, deep learning, aws",,"software development engineer intern (summer 2023) - machine learning apps, acceleration, annapurna labs software engineering engineering, ec2, distributed systems, computer science, deep learning, aws",us,full time,entry level,not specified,,open_internships
464,data scientist (nlp & ml) intern (alternance),RYTE Corporation,machine learning,"docker, azure, c++, big data, computer science, deep learning",,"data scientist (nlp & ml) intern (alternance) machine learning docker, azure, c++, big data, computer science, deep learning",europe,internship,entry level,not specified,,open_internships
465,stage de fin d'études - consultant(e) data management,Sia Partners,data analytics,"business intelligence, azure, architecture, big data, apis, aws",,"stage de fin d'études - consultant(e) data management data analytics business intelligence, azure, architecture, big data, apis, aws",europe,full time,entry level,not specified,,open_internships
466,mlops engineer intern (alternance),RYTE Corporation,devops cloud,"azure, ci/cd, big data, databricks, computer science, deep learning",,"mlops engineer intern (alternance) devops cloud azure, ci/cd, big data, databricks, computer science, deep learning",europe,internship,entry level,not specified,,open_internships
467,data management intern (12 months internship),EcoVadis,database,"research, excel, classification, data management",,"data management intern (12 months internship) database research, excel, classification, data management",africa,internship,entry level,not specified,,open_internships
468,"intern, ml ops",OpenX,machine learning,"docker, gcp, azure, google cloud, computer science, aws",,"intern, ml ops machine learning docker, gcp, azure, google cloud, computer science, aws",us,internship,entry level,not specified,,open_internships
469,website & data analyses - internship eu student,Bosch Group,data analytics,"research, testing, e-commerce",,"website & data analyses - internship eu student data analytics research, testing, e-commerce",europe,full time,entry level,not specified,,open_internships
470,computer vision intern,HeadLight Technologies Inc.,machine learning,"engineering, computer vision, machine learning, consulting",,"computer vision intern machine learning engineering, computer vision, machine learning, consulting",us,internship,entry level,not specified,,internshala
471,"data science intern | social media analysis | us, canada, uk, germany",Trust Lab,general,"engineering, machine intelligence, machine learning, data analysis, data visualization, aws",,"data science intern | social media analysis | us, canada, uk, germany general engineering, machine intelligence, machine learning, data analysis, data visualization, aws",remote,internship,entry level,not specified,,open_internships
472,data science intern,TuneIn,data analytics,"excel, kpis, engineering, data mining, computer science, deep learning",,"data science intern data analytics excel, kpis, engineering, data mining, computer science, deep learning",us,internship,entry level,not specified,,internshala
473,"machine learning engineer, comprehension intern",Deep6.ai,artificial intelligence,"etl, machine learning, oop, computer science, nlp, mathematics",,"machine learning engineer, comprehension intern artificial intelligence etl, machine learning, oop, computer science, nlp, mathematics",remote,internship,entry level,not specified,,open_internships
474,"data analyst, search intern",Deep6.ai,data analytics,"python, machine learning, business analytics, computer science, nlp, mathematics",,"data analyst, search intern data analytics python, machine learning, business analytics, computer science, nlp, mathematics",remote,internship,entry level,not specified,,open_internships
475,summer 2023: machine learning intern,Motional,machine learning,"architecture, autonomous driving, machine learning, data mining, distributed systems, computer science",,"summer 2023: machine learning intern machine learning architecture, autonomous driving, machine learning, data mining, distributed systems, computer science",us,internship,entry level,not specified,,open_internships
476,"co-op/intern software engineer, ai platform",Kinaxis,artificial intelligence,"industrial, engineering, devops, github, bitbucket, big data",,"co-op/intern software engineer, ai platform artificial intelligence industrial, engineering, devops, github, bitbucket, big data",canada,internship,entry level,not specified,,open_internships
477,data science trainee - ref1574s,Deutsche Telekom IT Solutions,data analytics,"kanban, keras, agile, machine learning, jira, computer science",,"data science trainee - ref1574s data analytics kanban, keras, agile, machine learning, jira, computer science",europe,full time,entry level,not specified,,open_internships
478,data analyst (6 month internship) (m/f),SOMFY Group,data analytics,"data quality, data management, r&d, testing, r",,"data analyst (6 month internship) (m/f) data analytics data quality, data management, r&d, testing, r",unknown,internship,entry level,not specified,,open_internships
479,"intern, associate data analyst",Visa,data analytics,"excel, engineering, data analytics, data visualization, computer science, sql",,"intern, associate data analyst data analytics excel, engineering, data analytics, data visualization, computer science, sql",us,internship,entry level,not specified,,open_internships
480,natural language processing intern,Charles River Analytics Inc.,machine learning,"prototyping, machine learning, oop, llms, computer science, nlp",,"natural language processing intern machine learning prototyping, machine learning, oop, llms, computer science, nlp",us,internship,entry level,not specified,,open_internships
481,data scientist intern,Spendesk,data analytics,"finance, classification, linear algebra, data visualization, computer science, deep learning",,"data scientist intern data analytics finance, classification, linear algebra, data visualization, computer science, deep learning",europe,internship,entry level,not specified,,open_internships
482,amazon robotics - applied scientist intern - 2023,Amazon.com,research,"engineering, phd, machine learning, computer vision, computer science, mathematics",,"amazon robotics - applied scientist intern - 2023 research engineering, phd, machine learning, computer vision, computer science, mathematics",us,full time,entry level,not specified,,open_internships
483,machine learning content development intern,"DataCamp, Inc.",content writing,"teaching, engineering, python, machine learning, github, mlflow",,"machine learning content development intern content writing teaching, engineering, python, machine learning, github, mlflow",europe,internship,entry level,not specified,,open_internships
484,junior machine learning engineer - zürich (internship),Visium,artificial intelligence,"classification, engineering, d3, clustering, computer science, deep learning",,"junior machine learning engineer - zürich (internship) artificial intelligence classification, engineering, d3, clustering, computer science, deep learning",europe,internship,entry level,not specified,,open_internships
485,data scientist - intern,OpenX,data analytics,"gcp, architecture, big data, data analysis, computer science, aws",,"data scientist - intern data analytics gcp, architecture, big data, data analysis, computer science, aws",us,internship,entry level,not specified,,open_internships
486,data analysis intern - istanbul,Blueground,data analytics,"data quality, excel, engineering, data analytics, data analysis, business intelligence",,"data analysis intern - istanbul data analytics data quality, excel, engineering, data analytics, data analysis, business intelligence",europe,internship,entry level,not specified,,open_internships
487,junior machine learning engineer - lausanne (internship),Visium,artificial intelligence,"classification, engineering, d3, clustering, computer science, deep learning",,"junior machine learning engineer - lausanne (internship) artificial intelligence classification, engineering, d3, clustering, computer science, deep learning",europe,internship,entry level,not specified,,open_internships
488,sports data science intern,Steel Perlot,data science,"engineering, ci/cd, bayesian, data management, data analysis, computer science",,"sports data science intern data science engineering, ci/cd, bayesian, data management, data analysis, computer science",us,internship,entry level,not specified,,open_internships
489,computer vision / machine learning intern,Scandit,machine learning,"nlp, c++, machine learning, computer vision, computer science, ml models",,"computer vision / machine learning intern machine learning nlp, c++, machine learning, computer vision, computer science, ml models",europe,internship,entry level,not specified,,open_internships
490,machine learning engineer 2023 internship programme (6 months),CGG,artificial intelligence,"c++, machine learning, hpc, mathematics, computer science, deep learning",,"machine learning engineer 2023 internship programme (6 months) artificial intelligence c++, machine learning, hpc, mathematics, computer science, deep learning",europe,internship,entry level,not specified,,open_internships
491,junior data analyst - extra curricular internship,Publicis Groupe,data analytics,"data quality, data mining, big data, consulting, data analysis, computer science",,"junior data analyst - extra curricular internship data analytics data quality, data mining, big data, consulting, data analysis, computer science",europe,full time,entry level,not specified,,open_internships
492,intern for ai machine learning - aquaeasy,Bosch Group,artificial intelligence,"python, machine learning, r&d, data analysis, data visualization, r",,"intern for ai machine learning - aquaeasy artificial intelligence python, machine learning, r&d, data analysis, data visualization, r",singapore,full time,entry level,not specified,,open_internships
493,2023 software engineering internship - data engineer,Censys,software engineering,"engineering, golang, research, python, helm, ann",,"2023 software engineering internship - data engineer software engineering engineering, golang, research, python, helm, ann",us,internship,entry level,not specified,,open_internships
494,"intern, data science & analytics",Publicis Groupe,data analytics,"excel, data studio, data strategy, research, python, power bi",,"intern, data science & analytics data analytics excel, data studio, data strategy, research, python, power bi",us,internship,entry level,not specified,,open_internships
495,internship for bigdata analysis in the areas of project management and sw development metrics,Bosch Group,data analytics,"excel, engineering, azure, big data, data analysis, computer science",,"internship for bigdata analysis in the areas of project management and sw development metrics data analytics excel, engineering, azure, big data, data analysis, computer science",europe,internship,entry level,not specified,,open_internships
496,data analytics intern (summer 2023),Informa Group Plc.,data analytics,"bigquery, data studio, data analytics, big data, data analysis, computer science",,"data analytics intern (summer 2023) data analytics bigquery, data studio, data analytics, big data, data analysis, computer science",us,internship,entry level,not specified,,open_internships
497,customer data specialist intern,Facilities Management Express,database,"business intelligence, etl, airtable, business analytics, data visualization, apis",,"customer data specialist intern database business intelligence, etl, airtable, business analytics, data visualization, apis",us,internship,entry level,not specified,,open_internships
498,project manager intern - sparklabs,AppLovin,data engineering,"jira, excel, testing, privacy",,"project manager intern - sparklabs data engineering jira, excel, testing, privacy",us,internship,entry level,not specified,,open_internships
499,machine learning research engineer internship,"Chemix, Inc.",artificial intelligence,"ci/cd, machine learning, git, chemistry, numpy, ml models",,"machine learning research engineer internship artificial intelligence ci/cd, machine learning, git, chemistry, numpy, ml models",us,internship,entry level,not specified,,open_internships
500,"canada - early talent - data science intern, decisions-product - montreal, canada (summer 2023)",Lyft,data analytics,"biology, economics, engineering, a/b testing, computer science, mathematics",,"canada - early talent - data science intern, decisions-product - montreal, canada (summer 2023) data analytics biology, economics, engineering, a/b testing, computer science, mathematics",canada,internship,entry level,not specified,,open_internships
501,battery data science intern,"Chemix, Inc.",data analytics,"engineering, ci/cd, git, chemistry, data pipelines, computer science",,"battery data science intern data analytics engineering, ci/cd, git, chemistry, data pipelines, computer science",us,internship,entry level,not specified,,open_internships
502,data engineering intern,Roofstock,data engineering,"engineering, rdbms, python, scala, computer science, sql",,"data engineering intern data engineering engineering, rdbms, python, scala, computer science, sql",us,internship,entry level,not specified,,open_internships
503,data analyst (6 month internship) (m/f),SOMFY Group,data analytics,"data quality, industrial, data management, r&d, testing, r",,"data analyst (6 month internship) (m/f) data analytics data quality, industrial, data management, r&d, testing, r",unknown,internship,entry level,not specified,,open_internships
504,"data science intern, registries and real world data",Verily,data science,"data quality, biology, engineering, machine learning, computer science, mathematics",,"data science intern, registries and real world data data science data quality, biology, engineering, machine learning, computer science, mathematics",us,internship,entry level,not specified,,open_internships
505,network data science intern,Bandwidth,data science,"privacy, apis",,"network data science intern data science privacy, apis",us,internship,entry level,not specified,,open_internships
506,stage - ingénieur véhicule autonome,ALTEN,machine learning,"python, r, r&d",,"stage - ingénieur véhicule autonome machine learning python, r, r&d",europe,full time,entry level,not specified,,open_internships
507,"data science intern, computational biology",Verily,data science,"biology, engineering, architecture, eda, data analysis, computer science",,"data science intern, computational biology data science biology, engineering, architecture, eda, data analysis, computer science",us,internship,entry level,not specified,,open_internships
508,"data analytics intern, innovation operations",ServiceNow,data analytics,"finance, excel, economics, data analytics, data visualization, computer science",,"data analytics intern, innovation operations data analytics finance, excel, economics, data analytics, data visualization, computer science",us,internship,entry level,not specified,,open_internships
509,2023 co-op student - digital automation -- data analyst (may- nov),Bosch Group,general,"excel, industrial, engineering, knime, computer science, mathematics",,"2023 co-op student - digital automation -- data analyst (may- nov) general excel, industrial, engineering, knime, computer science, mathematics",us,full time,entry level,not specified,,open_internships
510,summer intern: data science,G2,data analytics,"aws, machine learning, eda, data analysis, nlp, ml infrastructure",,"summer intern: data science data analytics aws, machine learning, eda, data analysis, nlp, ml infrastructure",us,internship,entry level,not specified,,open_internships
511,data engineer - intern (summer 2023),"Cloudflare, Inc.",data engineering,"engineering, architecture, angular, data analytics, computer science, apis",,"data engineer - intern (summer 2023) data engineering engineering, architecture, angular, data analytics, computer science, apis",us,internship,entry level,not specified,,open_internships
512,business data analyst intern (apac),Back Market,business analytics,"kpis, tableau, python, consulting, data visualization, sql",,"business data analyst intern (apac) business analytics kpis, tableau, python, consulting, data visualization, sql",europe,internship,entry level,not specified,,open_internships
513,junior data analyst (end-of-studies internship),Voodoo,data analytics,"excel, engineering, machine learning, consulting, sql, mathematics",,"junior data analyst (end-of-studies internship) data analytics excel, engineering, machine learning, consulting, sql, mathematics",europe,internship,entry level,not specified,,open_internships
514,consultant.e.s – stage/alternance -  it & data architecture,Wavestone,business analytics,"devops, azure, architecture, big data, apis, aws",,"consultant.e.s – stage/alternance -  it & data architecture business analytics devops, azure, architecture, big data, apis, aws",europe,full time,entry level,not specified,,open_internships
515,product data analyst intern m/f/d,Deezer,data analytics,"data visualization, kpis, python, pipelines, data analysis, data pipelines",,"product data analyst intern m/f/d data analytics data visualization, kpis, python, pipelines, data analysis, data pipelines",europe,internship,entry level,not specified,,open_internships
516,2023 business intelligence engineer internship,Amazon.com,business analytics,"data warehouse, data mining, data pipelines, computer science, business intelligence, aws",,"2023 business intelligence engineer internship business analytics data warehouse, data mining, data pipelines, computer science, business intelligence, aws",europe,full time,entry level,not specified,,open_internships
517,data scientist trainee (m/w/d),Syngenta Group,data analytics,"nosql, machine learning, data mining, big data, deep learning, aws",,"data scientist trainee (m/w/d) data analytics nosql, machine learning, data mining, big data, deep learning, aws",europe,full time,entry level,not specified,,open_internships
518,"data science & analytics, summer intern",Publicis Groupe,data analytics,"excel, statistics, stem, tableau, data visualization, mathematics",,"data science & analytics, summer intern data analytics excel, statistics, stem, tableau, data visualization, mathematics",us,internship,entry level,not specified,,open_internships
519,business intelligence & data visualization,Wavestone,data analytics,"research, machine learning, agile, ux, data visualization, business intelligence",,"business intelligence & data visualization data analytics research, machine learning, agile, ux, data visualization, business intelligence",europe,full time,entry level,not specified,,open_internships
520,data analyst intern - singapore,Moloco,data analytics,"gcp, python, machine learning, google cloud, data analysis, ml models",,"data analyst intern - singapore data analytics gcp, python, machine learning, google cloud, data analysis, ml models",singapore,internship,entry level,not specified,,open_internships
521,data analyst intern,Funding Societies,data analytics,"finance, data warehouse, data analytics, data visualization, fintech, business intelligence",,"data analyst intern data analytics finance, data warehouse, data analytics, data visualization, fintech, business intelligence",asia pacific,internship,entry level,not specified,,open_internships
522,machine learning/artificial intelligence intern,Guardant Health,machine learning,"biology, linux, machine learning, hpc, computer science, nlp",,"machine learning/artificial intelligence intern machine learning biology, linux, machine learning, hpc, computer science, nlp",us,internship,entry level,not specified,,open_internships
523,"nlp software engineer, intern",Merlin Labs,machine learning,"gpt, machine learning, github, data analysis, computer science, bert",,"nlp software engineer, intern machine learning gpt, machine learning, github, data analysis, computer science, bert",us,internship,entry level,not specified,,open_internships
524,data engineer - intern,Snowflake Inc.,data engineering,"azure, airflow, data pipelines, computer science, apis, aws",,"data engineer - intern data engineering azure, airflow, data pipelines, computer science, apis, aws",india,internship,entry level,not specified,,open_internships
525,"perception intern, deep learning data",Outrider,machine learning,"docker, python, lidar, git, deep learning, aws",,"perception intern, deep learning data machine learning docker, python, lidar, git, deep learning, aws",europe,internship,entry level,not specified,,open_internships
526,data analyst intern - korea,Moloco,data analytics,"gcp, python, machine learning, google cloud, data analysis, ml models",,"data analyst intern - korea data analytics gcp, python, machine learning, google cloud, data analysis, ml models",asia pacific,internship,entry level,not specified,,open_internships
527,"intern, ai research engineer",Bosch Group,artificial intelligence,"industrial, engineering, machine learning, computer vision, computer science, deep learning",,"intern, ai research engineer artificial intelligence industrial, engineering, machine learning, computer vision, computer science, deep learning",singapore,internship,entry level,not specified,,open_internships
528,"phd -interns, data scientist",Western Digital,artificial intelligence,"classification, architecture, agile, data mining, data pipelines, deep learning",,"phd -interns, data scientist artificial intelligence classification, architecture, agile, data mining, data pipelines, deep learning",india,full time,entry level,not specified,,open_internships
529,computational biology intern,Schrödinger,data science,"biology, python, machine learning, drug discovery, computer science, deep learning",,"computational biology intern data science biology, python, machine learning, drug discovery, computer science, deep learning",us,internship,entry level,not specified,,open_internships
530,amazon robotics - applied scientist intern/co-op - 2023,Amazon.com,research,"engineering, phd, machine learning, computer vision, computer science, mathematics",,"amazon robotics - applied scientist intern/co-op - 2023 research engineering, phd, machine learning, computer vision, computer science, mathematics",us,full time,entry level,not specified,,open_internships
531,phd machine learning engineer intern (summer 2023),Block,artificial intelligence,"banking, blockchain, architecture, crypto, computer science, aws",,"phd machine learning engineer intern (summer 2023) artificial intelligence banking, blockchain, architecture, crypto, computer science, aws",us,internship,entry level,not specified,,open_internships
532,reporting and data infrastructure intern,Chime,data analytics,"data governance, fintech, banking, privacy, computer science, lookml",,"reporting and data infrastructure intern data analytics data governance, fintech, banking, privacy, computer science, lookml",remote,internship,entry level,not specified,,open_internships
533,campus | data engineer (intern),Jump Trading,data engineering,"finance, linux, economics, engineering, data analytics, mysql",,"campus | data engineer (intern) data engineering finance, linux, economics, engineering, data analytics, mysql",singapore,internship,entry level,not specified,,open_internships
534,data analyst intern (summer 2023),"Cloudflare, Inc.",data analytics,"finance, bigquery, engineering, data analytics, big data, computer science",,"data analyst intern (summer 2023) data analytics finance, bigquery, engineering, data analytics, big data, computer science",remote,internship,entry level,not specified,,open_internships
535,data science intern (summer 2023),Block,data analytics,"bigquery, banking, blockchain, airflow, a/b testing, computer science",,"data science intern (summer 2023) data analytics bigquery, banking, blockchain, airflow, a/b testing, computer science",us,internship,entry level,not specified,,open_internships
536,data engineer internship,GoodRx,data engineering,"excel, engineering, etl, devops, data pipelines, aws",,"data engineer internship data engineering excel, engineering, etl, devops, data pipelines, aws",us,internship,entry level,not specified,,open_internships
537,data analytics intern: consumer economics,Chime,data analytics,"economics, banking, data analytics, privacy, data visualization, fintech",,"data analytics intern: consumer economics data analytics economics, banking, data analytics, privacy, data visualization, fintech",us,internship,entry level,not specified,,open_internships
538,grad intern: bioinformatics/assay data visualization and analysis,Guardant Health,data analytics,"engineering, phd, data analytics, plotly, matplotlib, data visualization",,"grad intern: bioinformatics/assay data visualization and analysis data analytics engineering, phd, data analytics, plotly, matplotlib, data visualization",us,full time,entry level,not specified,,open_internships
539,data operations intern (quality assurance),605,database,"excel, pyspark, dataops, agile, databricks, jira",,"data operations intern (quality assurance) database excel, pyspark, dataops, agile, databricks, jira",us,internship,entry level,not specified,,open_internships
540,data science intern,Etsy,data analytics,"economics, phd, python, machine learning, causal inference, computer science",,"data science intern data analytics economics, phd, python, machine learning, causal inference, computer science",us,full time,entry level,not specified,,internshala
541,data engineer / data analyst - stage de fin d'études - paris 2e,CleverConnect,data analytics,"bigquery, dataflow, architecture, agile, data visualization, aws",,"data engineer / data analyst - stage de fin d'études - paris 2e data analytics bigquery, dataflow, architecture, agile, data visualization, aws",europe,full time,entry level,not specified,,open_internships
542,[internship] - junior data scientist #2 (w/m),ManoMano,data analytics,"biology, economics, e-commerce, agile, data analysis, computer science",,"[internship] - junior data scientist #2 (w/m) data analytics biology, economics, e-commerce, agile, data analysis, computer science",europe,internship,entry level,not specified,,open_internships
543,[internship] - junior data scientist #1 (w/m),ManoMano,data analytics,"biology, economics, e-commerce, agile, data analysis, computer science",,"[internship] - junior data scientist #1 (w/m) data analytics biology, economics, e-commerce, agile, data analysis, computer science",europe,internship,entry level,not specified,,open_internships
544,phd intern - data science,Western Digital,data analytics,"engineering, data analytics, big data, linear algebra, computer science, deep learning",,"phd intern - data science data analytics engineering, data analytics, big data, linear algebra, computer science, deep learning",india,internship,entry level,not specified,,open_internships
545,jr data engineer - internship,Bosch Group,data engineering,"industrial, engineering, data analysis, computer science, business intelligence, mathematics",,"jr data engineer - internship data engineering industrial, engineering, data analysis, computer science, business intelligence, mathematics",europe,full time,entry level,not specified,,open_internships
546,engineering intern (data engineering),605,data engineering,"azure, architecture, agile, big data, data visualization, aws",,"engineering intern (data engineering) data engineering azure, architecture, agile, big data, data visualization, aws",us,internship,entry level,not specified,,open_internships
547,[internship] machine learning,Enterpret,machine learning,"pandas, machine learning, linear algebra, numpy, nlp, deep learning",,"[internship] machine learning machine learning pandas, machine learning, linear algebra, numpy, nlp, deep learning",remote,internship,entry level,not specified,,open_internships
548,research analyst intern (summer 2023 ),Lightcast,research,"excel, economics, research, python, consulting, sql",,"research analyst intern (summer 2023 ) research excel, economics, research, python, consulting, sql",remote,internship,entry level,not specified,,open_internships
549,data operations intern (data management),605,database,"data quality, excel, dataops, agile, data management, databricks",,"data operations intern (data management) database data quality, excel, dataops, agile, data management, databricks",us,internship,entry level,not specified,,open_internships
550,data scientist intern,Fifty-Five,data analytics,"python, r&d, pandas, numpy, deep learning, r",,"data scientist intern data analytics python, r&d, pandas, numpy, deep learning, r",europe,internship,entry level,not specified,,open_internships
551,"intern, data engineering - digital innovation (summer 2023)",Western Digital,data engineering,"data quality, engineering, eda, data analysis, data pipelines, computer science",,"intern, data engineering - digital innovation (summer 2023) data engineering data quality, engineering, eda, data analysis, data pipelines, computer science",us,full time,entry level,not specified,,open_internships
552,data science & analytics intern,Zeta Global,data analytics,"etl, pipelines, machine learning, mysql, data pipelines, business intelligence",,"data science & analytics intern data analytics etl, pipelines, machine learning, mysql, data pipelines, business intelligence",us,internship,entry level,not specified,,open_internships
553,ai/ml graduate intern with focus on ai engineering (6 - 12 months),Bosch Group,artificial intelligence,"industrial, engineering, gcp, azure, computer science, aws",,"ai/ml graduate intern with focus on ai engineering (6 - 12 months) artificial intelligence industrial, engineering, gcp, azure, computer science, aws",us,internship,entry level,not specified,,open_internships
554,data analytics intern,takealot.com,data analytics,"data analytics, e-commerce",,"data analytics intern data analytics data analytics, e-commerce",africa,internship,entry level,not specified,,internshala
555,data science intern,"Recorded Future, Inc.",data analytics,"security, python",,"data science intern data analytics security, python",us,internship,entry level,not specified,,internshala
556,data analytics intern (pricing analyst) - 2023  summer internship program - cr,Verisk,data analytics,"data quality, data analytics, data management, data analysis, data visualization, business intelligence",,"data analytics intern (pricing analyst) - 2023  summer internship program - cr data analytics data quality, data analytics, data management, data analysis, data visualization, business intelligence",europe,part time,entry level,not specified,,open_internships
557,internship: data analyst intern,Unite Us,data analytics,"statistics, physics, data analytics, computer science, sql, mathematics",,"internship: data analyst intern data analytics statistics, physics, data analytics, computer science, sql, mathematics",us,internship,entry level,not specified,,open_internships
558,data analyst - stage de fin d'études - paris 2e,CleverConnect,data analytics,"bigquery, dataflow, architecture, agile, data visualization, aws",,"data analyst - stage de fin d'études - paris 2e data analytics bigquery, dataflow, architecture, agile, data visualization, aws",europe,full time,entry level,not specified,,open_internships
559,internship big data for fleet validation,Bosch Group,data engineering,"engineering, azure, agile, big data, databricks, data analysis",,"internship big data for fleet validation data engineering engineering, azure, agile, big data, databricks, data analysis",europe,full time,entry level,not specified,,open_internships
560,data engineer - stage de fin d'études - paris 2e,CleverConnect,data analytics,"bigquery, dataflow, architecture, agile, data visualization, aws",,"data engineer - stage de fin d'études - paris 2e data analytics bigquery, dataflow, architecture, agile, data visualization, aws",europe,full time,entry level,not specified,,open_internships
561,ai/ml summer intern,Balbix,artificial intelligence,"engineering, machine learning, linear algebra, distributed systems, data pipelines, ml infrastructure",,"ai/ml summer intern artificial intelligence engineering, machine learning, linear algebra, distributed systems, data pipelines, ml infrastructure",us,internship,entry level,not specified,,open_internships
562,internship: data science intern,Unite Us,data analytics,"physics, research, python, pandas, computer science, mathematics",,"internship: data science intern data analytics physics, research, python, pandas, computer science, mathematics",us,internship,entry level,not specified,,open_internships
563,machine learning engineer summer 2023 internship,Dyno Therapeutics,artificial intelligence,"biology, engineering, machine learning, computer science, mathematics, ml infrastructure",,"machine learning engineer summer 2023 internship artificial intelligence biology, engineering, machine learning, computer science, mathematics, ml infrastructure",us,internship,entry level,not specified,,open_internships
564,machine learning internship,Burro,machine learning,"engineering, machine learning, computer vision, gpu, cuda, deep learning",,"machine learning internship machine learning engineering, machine learning, computer vision, gpu, cuda, deep learning",us,internship,entry level,not specified,,open_internships
565,digital data analyst,Publicis Groupe,data analytics,"jira, excel, data studio, spark",,"digital data analyst data analytics jira, excel, data studio, spark",south america,full time,entry level,not specified,,open_internships
566,data scientist (end-of-studies internship),Shift Technology,data analytics,"engineering, machine learning, chatbots, big data, computer science, mathematics",,"data scientist (end-of-studies internship) data analytics engineering, machine learning, chatbots, big data, computer science, mathematics",europe,internship,entry level,not specified,,open_internships
567,data analyst intern,Outrider,data analytics,"athena, data analytics, data analysis, data visualization, computer science, aws",,"data analyst intern data analytics athena, data analytics, data analysis, data visualization, computer science, aws",us,internship,entry level,not specified,,open_internships
568,"bioinformatics intern, machine learning",Guardant Health,data science,"biology, genetics, github, git, data analysis, aws",,"bioinformatics intern, machine learning data science biology, genetics, github, git, data analysis, aws",us,full time,entry level,not specified,,open_internships
569,ai/ml graduate intern with focus on ai engineering,Bosch Group,artificial intelligence,"industrial, engineering, gcp, azure, computer science, aws",,"ai/ml graduate intern with focus on ai engineering artificial intelligence industrial, engineering, gcp, azure, computer science, aws",us,internship,entry level,not specified,,open_internships
570,summer internship - data science / advanced analytics,Publicis Groupe,data analytics,"excel, r",,"summer internship - data science / advanced analytics data analytics excel, r",us,part time,entry level,not specified,,open_internships
571,data analytics internship,Fetch,data analytics,"statistics, tableau, python, data analytics, grafana, sql",,"data analytics internship data analytics statistics, tableau, python, data analytics, grafana, sql",us,internship,entry level,not specified,,open_internships
572,computer vision developer intern,Vention,machine learning,"jupyter, javascript, computer vision, gpu, distributed systems, mathematics",,"computer vision developer intern machine learning jupyter, javascript, computer vision, gpu, distributed systems, mathematics",canada,internship,entry level,not specified,,open_internships
573,"academic internship - deep learning, synthetic data",Bosch Group,machine learning,"autonomous driving, machine learning, lidar, computer vision, computer science, deep learning",,"academic internship - deep learning, synthetic data machine learning autonomous driving, machine learning, lidar, computer vision, computer science, deep learning",europe,internship,entry level,not specified,,open_internships
574,"academic internship - deep learning, multi-task",Bosch Group,machine learning,"physics, machine learning, lidar, computer vision, computer science, deep learning",,"academic internship - deep learning, multi-task machine learning physics, machine learning, lidar, computer vision, computer science, deep learning",europe,internship,entry level,not specified,,open_internships
575,"phd -interns, data scientist",Western Digital,artificial intelligence,"engineering, phd, machine learning, data analytics, big data, computer science",,"phd -interns, data scientist artificial intelligence engineering, phd, machine learning, data analytics, big data, computer science",india,full time,entry level,not specified,,open_internships
576,"business application intern, machine learning",Guardant Health,business analytics,"engineering, architecture, machine learning, privacy, computer science, aws",,"business application intern, machine learning business analytics engineering, architecture, machine learning, privacy, computer science, aws",us,internship,entry level,not specified,,open_internships
577,data analytics intern,Snyk,data analytics,"security, data analytics, computer science, prototyping, sql, looker",,"data analytics intern data analytics security, data analytics, computer science, prototyping, sql, looker",us,internship,entry level,not specified,,internshala
578,data sciences intern(smart's),Publicis Groupe,data analytics,"economics, engineering, rdbms, .net, data analysis, mathematics",,"data sciences intern(smart's) data analytics economics, engineering, rdbms, .net, data analysis, mathematics",europe,part time,entry level,not specified,,open_internships
579,internship – machine learning/mlops engineer (6 months),CGG,machine learning,"engineering, ci/cd, machine learning, hpc, mlflow, computer science",,"internship – machine learning/mlops engineer (6 months) machine learning engineering, ci/cd, machine learning, hpc, mlflow, computer science",europe,full time,entry level,not specified,,open_internships
580,"intern, data engineering (summer 2023)",Western Digital,data engineering,"data analytics, big data, data analysis, data pipelines, computer science, aws",,"intern, data engineering (summer 2023) data engineering data analytics, big data, data analysis, data pipelines, computer science, aws",us,internship,entry level,not specified,,open_internships
581,internship embedded ai engineering,Bosch Group,artificial intelligence,"engineering, physics, deep learning, machine learning, computer science, mathematics",,"internship embedded ai engineering artificial intelligence engineering, physics, deep learning, machine learning, computer science, mathematics",europe,full time,entry level,not specified,,open_internships
582,data analyst intern,Rokt,data analytics,"e-commerce, agile, business analytics, big data, data analysis, computer science",,"data analyst intern data analytics e-commerce, agile, business analytics, big data, data analysis, computer science",us,internship,entry level,not specified,,open_internships
583,data scientist - internship,Shippeo,data analytics,"classification, python, machine learning, pandas, numpy, ml models",,"data scientist - internship data analytics classification, python, machine learning, pandas, numpy, ml models",europe,internship,entry level,not specified,,open_internships
584,computer vision developer,Vention,machine learning,"jupyter, javascript, computer vision, gpu, distributed systems, mathematics",,"computer vision developer machine learning jupyter, javascript, computer vision, gpu, distributed systems, mathematics",canada,full time,entry level,not specified,,open_internships
585,"intern, data engineer",Abarca Health,data engineering,"snowflake, engineering, healthcare technology, elt, computer science, business intelligence",,"intern, data engineer data engineering snowflake, engineering, healthcare technology, elt, computer science, business intelligence",remote,internship,entry level,not specified,,open_internships
586,data science and systems engineers - summer intern 2023,Frazer-Nash Consultancy,data analytics,"excel, engineering, agile, consulting, computer science, mathematics",,"data science and systems engineers - summer intern 2023 data analytics excel, engineering, agile, consulting, computer science, mathematics",europe,internship,entry level,not specified,,open_internships
587,ai engineer internship,Plume Labs,artificial intelligence,"machine learning, keras, agile, numpy, apis, deep learning",,"ai engineer internship artificial intelligence machine learning, keras, agile, numpy, apis, deep learning",europe,internship,entry level,not specified,,open_internships
588,canada - early talent - supply chain data analyst intern (summer 2023),Lyft,business analytics,"excel, business analytics, power bi, jira, data analysis, sql",,"canada - early talent - supply chain data analyst intern (summer 2023) business analytics excel, business analytics, power bi, jira, data analysis, sql",canada,internship,entry level,not specified,,open_internships
589,machine learning engineer intern,Metropolis,artificial intelligence,"densenet, architecture, computer vision, cudnn, cuda, deep learning",,"machine learning engineer intern artificial intelligence densenet, architecture, computer vision, cudnn, cuda, deep learning",us,internship,entry level,not specified,,open_internships
590,ai scientist internship,BenevolentAI,artificial intelligence,"biology, architecture, chemistry, drug discovery, computer science, deep learning",,"ai scientist internship artificial intelligence biology, architecture, chemistry, drug discovery, computer science, deep learning",europe,internship,entry level,not specified,,open_internships
591,"spring internship program - machine learning engineer (skopje, bitola, ohrid)",Netcetera,artificial intelligence,"machine learning, computer vision, computer science, numpy, nlp, deep learning",,"spring internship program - machine learning engineer (skopje, bitola, ohrid) artificial intelligence machine learning, computer vision, computer science, numpy, nlp, deep learning",europe,internship,entry level,not specified,,open_internships
592,stagiaire data analyst (f/h/nb),Ubisoft,data analytics,"etl, hadoop, pyspark, python, airflow, git",,"stagiaire data analyst (f/h/nb) data analytics etl, hadoop, pyspark, python, airflow, git",europe,full time,entry level,not specified,,open_internships
593,data science intern,Etsy,data analytics,"e-commerce, diffusion models, data mining, computer vision, deep learning, iclr",,"data science intern data analytics e-commerce, diffusion models, data mining, computer vision, deep learning, iclr",us,full time,entry level,not specified,,internshala
594,bioinformatics data scientist internship,BenevolentAI,data science,"biology, engineering, data analytics, causal inference, drug discovery, data pipelines",,"bioinformatics data scientist internship data science biology, engineering, data analytics, causal inference, drug discovery, data pipelines",europe,internship,entry level,not specified,,open_internships
595,data science intern,Vitol,data analytics,"sql, python, architecture, power bi, data analysis, apis",,"data science intern data analytics sql, python, architecture, power bi, data analysis, apis",europe,full time,entry level,not specified,,internshala
596,data scientist internship,BenevolentAI,data analytics,"data quality, biology, jupyter, machine learning, data analysis, drug discovery",,"data scientist internship data analytics data quality, biology, jupyter, machine learning, data analysis, drug discovery",europe,internship,entry level,not specified,,open_internships
597,data science intern | greece,Trust Lab,data analytics,"data studio, engineering, machine learning, data analytics, data analysis, computer science",,"data science intern | greece data analytics data studio, engineering, machine learning, data analytics, data analysis, computer science",remote,internship,entry level,not specified,,open_internships
598,"summer internship, data scientist | content business (us)",Spotify,data analytics,"economics, phd, machine learning, computer science, ml models, mathematics",,"summer internship, data scientist | content business (us) data analytics economics, phd, machine learning, computer science, ml models, mathematics",us,internship,entry level,not specified,,open_internships
599,machine learning intern,FarmWise,machine learning,"gcp, git, computer vision, gpu, deep learning, aws",,"machine learning intern machine learning gcp, git, computer vision, gpu, deep learning, aws",europe,internship,entry level,not specified,,internshala
600,"summer internship, machine learning engineer intern | platform mission (us)",Spotify,artificial intelligence,"data quality, classification, flink, agile, cassandra, a/b testing",,"summer internship, machine learning engineer intern | platform mission (us) artificial intelligence data quality, classification, flink, agile, cassandra, a/b testing",us,internship,entry level,not specified,,open_internships
601,data developer intern,AccuWeather,database,dataops,,data developer intern database dataops,remote,internship,entry level,not specified,,open_internships
602,machine learning engineering intern,Strava,artificial intelligence,"engineering, hadoop, data mining, data pipelines, computer science, deep learning",,"machine learning engineering intern artificial intelligence engineering, hadoop, data mining, data pipelines, computer science, deep learning",remote,internship,entry level,not specified,,open_internships
603,climate data analyst - intern (asset impact) | paris or berlin,GRESB,data analytics,"finance, excel, rdbms, python, data analysis, r",,"climate data analyst - intern (asset impact) | paris or berlin data analytics finance, excel, rdbms, python, data analysis, r",europe,internship,entry level,not specified,,open_internships
604,data science intern - causal inference with network interference (summer 2023),Roblox,data science,"economics, engineering, airflow, big data, causal inference, computer science",,"data science intern - causal inference with network interference (summer 2023) data science economics, engineering, airflow, big data, causal inference, computer science",us,internship,entry level,not specified,,open_internships
605,stage - data analyst power bi - h/f,Trigo,data analytics,"sharepoint, excel, robotics, power bi, rpa",,"stage - data analyst power bi - h/f data analytics sharepoint, excel, robotics, power bi, rpa",europe,full time,entry level,not specified,,open_internships
606,data science intern,Santen,data analytics,"data analysis, statistics, sas, r",,"data science intern data analytics data analysis, statistics, sas, r",us,full time,entry level,not specified,,internshala
607,"summer internship, analytics engineer | content business (us)",Spotify,data analytics,"bigquery, engineering, etl, phd, computer science, apis",,"summer internship, analytics engineer | content business (us) data analytics bigquery, engineering, etl, phd, computer science, apis",us,internship,entry level,not specified,,open_internships
608,artificial intelligence research internship,Spotlab,artificial intelligence,"engineering, keras, computer vision, caffe, computer science, deep learning",,"artificial intelligence research internship artificial intelligence engineering, keras, computer vision, caffe, computer science, deep learning",europe,internship,entry level,not specified,,open_internships
609,data analytics internship,Fetch,data analytics,"statistics, tableau, python, data analytics, grafana, sql",,"data analytics internship data analytics statistics, tableau, python, data analytics, grafana, sql",europe,internship,entry level,not specified,,open_internships
610,data engineer intern,Sayari,data engineering,"engineering, etl, gcp, azure, airflow, aws",,"data engineer intern data engineering engineering, etl, gcp, azure, airflow, aws",remote,internship,entry level,not specified,,internshala
611,data analytics engineer (intern),Spot AI,data analytics,"bigquery, data analytics, databricks, computer science, apis, aws",,"data analytics engineer (intern) data analytics bigquery, data analytics, databricks, computer science, apis, aws",us,internship,entry level,not specified,,open_internships
612,data analyst intern - summer 2023,Gameloft,data analytics,"statistics, data visualization, computer science, sql, mathematics",,"data analyst intern - summer 2023 data analytics statistics, data visualization, computer science, sql, mathematics",canada,internship,entry level,not specified,,open_internships
613,"summer internship, product management | data management (us)",Spotify,database,"economics, engineering, agile, big data, data management, computer science",,"summer internship, product management | data management (us) database economics, engineering, agile, big data, data management, computer science",us,internship,entry level,not specified,,open_internships
614,intern | machine learning (generative ai),Bosch Group,machine learning,"engineering, feature engineering, eda, data analysis, computer science, deep learning",,"intern | machine learning (generative ai) machine learning engineering, feature engineering, eda, data analysis, computer science, deep learning",singapore,internship,entry level,not specified,,open_internships
615,data science intern - payments,Gojek,data analytics,"engineering, keras, machine learning, computer vision, caffe, deep learning",,"data science intern - payments data analytics engineering, keras, machine learning, computer vision, caffe, deep learning",singapore,internship,entry level,not specified,,open_internships
616,"deep learning infrastructure intern (summer, full-time)",Agot AI,machine learning,"docker, devops, computer vision, computer science, deep learning, aws",,"deep learning infrastructure intern (summer, full-time) machine learning docker, devops, computer vision, computer science, deep learning, aws",us,internship,entry level,not specified,,open_internships
617,embedded machine learning intern for sensors and edge devices,Bosch Group,machine learning,"classification, linux, asic design, engineering, data mining, computer science",,"embedded machine learning intern for sensors and edge devices machine learning classification, linux, asic design, engineering, data mining, computer science",us,internship,entry level,not specified,,open_internships
618,data science intern,Bugcrowd,data analytics,"engineering, github, git, eda, a/b testing, data analysis",,"data science intern data analytics engineering, github, git, eda, a/b testing, data analysis",unknown,internship,entry level,not specified,,internshala
619,data analyst - internship (h/f),Believe,data analytics,power bi,,data analyst - internship (h/f) data analytics power bi,europe,internship,entry level,not specified,,open_internships
620,data engineer intern,Snowflake Inc.,data engineering,"excel, data warehouse, engineering, distributed systems, data pipelines, computer science",,"data engineer intern data engineering excel, data warehouse, engineering, distributed systems, data pipelines, computer science",europe,internship,entry level,not specified,,internshala
621,data quality management internship,Mendix,database,"data quality, engineering, power bi, privacy, computer science, aws",,"data quality management internship database data quality, engineering, power bi, privacy, computer science, aws",europe,internship,entry level,not specified,,open_internships
622,"product design intern, data integrations",Smartsheet,ui ux design,"engineering, research, agile, privacy, ux, prototyping",,"product design intern, data integrations ui ux design engineering, research, agile, privacy, ux, prototyping",remote,internship,entry level,not specified,,open_internships
623,"intern, robot research engineer",Bosch Group,artificial intelligence,"industrial, engineering, research, python, machine learning, computer science",,"intern, robot research engineer artificial intelligence industrial, engineering, research, python, machine learning, computer science",singapore,internship,entry level,not specified,,open_internships
624,"summer internship, data science | music mission (us)",Spotify,data analytics,"biology, airflow, a/b testing, data visualization, data pipelines, computer science",,"summer internship, data science | music mission (us) data analytics biology, airflow, a/b testing, data visualization, data pipelines, computer science",us,internship,entry level,not specified,,open_internships
625,data science intern - 2023 summer internship program - cr,Verisk,data analytics,"finance, classification, engineering, business analytics, bayesian, data analysis",,"data science intern - 2023 summer internship program - cr data analytics finance, classification, engineering, business analytics, bayesian, data analysis",europe,part time,entry level,not specified,,open_internships
626,machine learning operations intern - summer 2023,Relativity,machine learning,"linux, gcp, azure, databricks, computer science, aws",,"machine learning operations intern - summer 2023 machine learning linux, gcp, azure, databricks, computer science, aws",remote,internship,entry level,not specified,,open_internships
627,doctorate intern in machine learning and reasoning,HRL Laboratories,artificial intelligence,"pytorch, machine intelligence, python, machine learning, privacy, deep learning",,"doctorate intern in machine learning and reasoning artificial intelligence pytorch, machine intelligence, python, machine learning, privacy, deep learning",us,internship,entry level,not specified,,open_internships
628,nlp applied science internship,Dyania Health,machine learning,"engineering, machine learning, huggingface, computer science, nlp, mathematics",,"nlp applied science internship machine learning engineering, machine learning, huggingface, computer science, nlp, mathematics",us,internship,entry level,not specified,,open_internships
629,autonomy engineering summer intern,Wisk Aero,artificial intelligence,"engineering, matlab, c++, genetics, computer vision, computer science",,"autonomy engineering summer intern artificial intelligence engineering, matlab, c++, genetics, computer vision, computer science",us,internship,entry level,not specified,,open_internships
630,internship - data analytics with sql,METRO/MAKRO,data analytics,"excel, statistics, engineering, data analytics, cybernetics, sql",,"internship - data analytics with sql data analytics excel, statistics, engineering, data analytics, cybernetics, sql",europe,full time,entry level,not specified,,open_internships
631,machine learning research engineering intern (remote),Freenome,artificial intelligence,"biology, engineering, model training, machine learning, gpu, computer science",,"machine learning research engineering intern (remote) artificial intelligence biology, engineering, model training, machine learning, gpu, computer science",us,internship,entry level,not specified,,open_internships
632,life science data engineer intern,Schrödinger,data engineering,"biology, ci/cd, architecture, chemistry, computer science, apis",,"life science data engineer intern data engineering biology, ci/cd, architecture, chemistry, computer science, apis",us,internship,entry level,not specified,,open_internships
633,data analyst - internship,Publicis Groupe,data analytics,"statistics, consulting, computer science, business intelligence, mathematics",,"data analyst - internship data analytics statistics, consulting, computer science, business intelligence, mathematics",europe,full time,entry level,not specified,,open_internships
634,junior data analyst - stage (h/f),Believe,data analytics,"excel, tableau, python, streaming, power bi, business intelligence",,"junior data analyst - stage (h/f) data analytics excel, tableau, python, streaming, power bi, business intelligence",europe,full time,entry level,not specified,,open_internships
635,data science summer internship programme 2023,Adarga,data analytics,"engineering, research, machine learning, privacy, nlp, deep learning",,"data science summer internship programme 2023 data analytics engineering, research, machine learning, privacy, nlp, deep learning",europe,internship,entry level,not specified,,open_internships
636,"intern, ai engineer for hvac",Bosch Group,artificial intelligence,"industrial, engineering, openai, pandas, numpy, computer science",,"intern, ai engineer for hvac artificial intelligence industrial, engineering, openai, pandas, numpy, computer science",singapore,internship,entry level,not specified,,open_internships
637,data science intern 2023,Adarga,data analytics,"engineering, research, machine learning, privacy, nlp, deep learning",,"data science intern 2023 data analytics engineering, research, machine learning, privacy, nlp, deep learning",europe,internship,entry level,not specified,,open_internships
638,data management unit intern,Deloitte,database,"data quality, excel, consulting, data management, data analysis, data visualization",,"data management unit intern database data quality, excel, consulting, data management, data analysis, data visualization",india,internship,entry level,not specified,,open_internships
639,machine learning intern,CloudSEK,machine learning,"elasticsearch, gpt, machine learning, keras, ml models, bert",,"machine learning intern machine learning elasticsearch, gpt, machine learning, keras, ml models, bert",india,internship,entry level,not specified,,internshala
640,"applied research, machine learning - phd summer intern","Nuro, Inc.",research,"generative modeling, autonomous driving, computer science, icml, deep learning, iclr",,"applied research, machine learning - phd summer intern research generative modeling, autonomous driving, computer science, icml, deep learning, iclr",us,internship,entry level,not specified,,open_internships
641,"summer internship, research scientist, audio intelligence | music mission (emea or us)",Spotify,artificial intelligence,"engineering, machine learning, github, numpy, computer science, mathematics",,"summer internship, research scientist, audio intelligence | music mission (emea or us) artificial intelligence engineering, machine learning, github, numpy, computer science, mathematics",europe,internship,entry level,not specified,,open_internships
642,internship: deep learning based lane and road edge detection,Bosch Group,machine learning,"engineering, python, agile, computer vision, computer science, deep learning",,"internship: deep learning based lane and road edge detection machine learning engineering, python, agile, computer vision, computer science, deep learning",europe,full time,entry level,not specified,,open_internships
